trial,condition,group,speed_label,rep,t_command,warmup_s,distance_m,stance_m,step_m,cadence_scale,posture_control,scenario,surface_mu,soft,slope_deg,obstacle_h_m,ground_x,ground_y,ground_z,start_x,start_y,start_yaw_deg,torque_msgs,contact_msgs,imu_msgs,snapshots,start_height_mm,rtf,gait,speed_cmd_m_s,n_samples,success,fell,fall_reason,time_to_goal_s,time_limit_s,window_s,progress_m,speed_m_s,speed_ratio,lateral_drift_m,yaw_drift_deg,roll_rms_deg,pitch_rms_deg,tilt_max_deg,body_z_min_m,roll_mean_deg,pitch_mean_deg,pitch_abs_max_deg,tilt_rel_max_deg,att_err_roll_rms_deg,att_err_pitch_rms_deg,att_err_max_deg,posture_roll_mean_deg,posture_pitch_mean_deg,ssm_min_m,ssm_mean_m,ssm_p5_m,ssm_negative_frac,planned_ssm_min_m,ssm_contact_min_m,contact_feet_mean,support_feet_mean,stance_feet_planned_mean,stance_count,centre_slip_mean_m,slip_mean_m,slip_max_m,slip_per_m,energy_j,cot,qd_peak_coxa_rad_s,qd_peak_coxa_pct,tau_peak_coxa_nm,tau_peak_coxa_pct,tau_p95_coxa_pct,tau_sat_coxa_frac,qd_peak_femur_rad_s,qd_peak_femur_pct,tau_peak_femur_nm,tau_peak_femur_pct,tau_p95_femur_pct,tau_sat_femur_frac,qd_peak_tibia_rad_s,qd_peak_tibia_pct,tau_peak_tibia_nm,tau_peak_tibia_pct,tau_p95_tibia_pct,tau_sat_tibia_frac
tripod_r00_nopc_01,tripod_r00_nopc,,common,1,16.058,0.95,0.5,0.1,0.02,1.0,False,"{""angle_deg"": 0.0, ""type"": ""ramp""}",,,0.0,,-5.45,-1.4,0.05,-5.459535514630027,-1.408060354263435,1.885354443565682,21348,26178,2372,48,116.31744766410183,0.973831468742485,tripod,0.025,1187,True,False,,22.3,40.0,22.3,0.500192678391431,0.022430164950288385,0.8972065980115354,0.0002930874618869324,-0.08537960756172963,0.001042672135716029,0.0005891262748263151,0.00512338440487359,0.16515829008565602,3.0405909284079066e-05,6.680428567575247e-05,0.0018198823551009834,0.00512338440487359,0.01026491559963134,0.006778444392712801,0.03788833519159805,0.0,0.0,0.09943271817867773,0.12974713985587197,0.10019245039536251,0.0,0.09760604249568527,0.09849700171700064,3.1559139784946235,3.8539426523297493,3.0,144,0.00037259581682571956,0.0005789771113571797,0.0009622136672558403,0.16668114773513812,25.310252238678736,1.2441657444378316,0.38009407430348974,10.41353628228739,1.3872332068852573,42.16514306642119,42.06636161787668,0.0,0.6664114302658024,18.25784740454253,2.5057162436374685,76.16158795250664,68.39272811766175,0.0,0.5783616969793384,15.845525944639409,2.204939579358875,67.01944010209347,65.28278107748797,0.0
tripod_r05_nopc_01,tripod_r05_nopc,,common,1,83.93900000000001,0.95,0.5,0.1,0.02,1.0,False,"{""angle_deg"": 5.0, ""type"": ""ramp""}",,,5.0,,-5.45,-1.4,0.09357787137382909,-5.462483957065336,-1.4177941349066772,-1.3501837925637714,21348,26588,2372,48,116.31876335842996,0.9717660679527121,tripod,0.025,1187,True,False,,22.319999999999993,40.0,22.319999999999993,0.5004503217749215,0.022421609398518,0.8968643759407199,0.0007028418393920047,0.03731080350054065,0.11285849824626092,4.998629937216881,5.000241386525864,0.20867439342184282,0.11280460640448202,-4.998629901589165,5.000241386525864,0.12064275957798336,0.011516301306910889,0.008247264176687712,0.034701496187404396,-4.068875161606206e-09,9.445733813143999e-10,0.09529642994261549,0.12224419085882642,0.09588822813927872,0.0,0.09763479933869953,0.09491715964134775,3.1584601611459266,3.73769024171889,3.0,144,0.00036097134618530034,0.0005741054669726773,0.0010250035818907153,0.1651934309707046,24.80692295376223,1.218795011391617,0.3789717998808358,10.382789037831119,1.215052577707558,36.93168929202304,36.83886107750819,0.0,0.6664316373090963,18.25840102216702,2.5014620819337603,76.0322821256462,65.54549825227178,0.0,0.5794480949363384,15.87529027222845,2.177721326511258,66.19213758392881,64.39944861125208,0.0
tripod_r10_nopc_01,tripod_r10_nopc,,common,1,151.959,0.95,0.5,0.1,0.02,1.0,False,"{""angle_deg"": 10.0, ""type"": ""ramp""}",,,10.0,,-5.45,-1.4,0.13682408883346517,-5.452694768367809,-1.393228108057019,-0.46329196037923315,21353,26384,2373,48,116.31832768120759,0.9714357327986011,tripod,0.025,1187,True,False,,22.30000000000001,40.0,22.30000000000001,0.5000392615964648,0.022423285273384063,0.8969314109353624,0.0005481933412325797,-0.012246952114462391,0.07301808366111574,9.999669688013501,10.00025111940123,0.25238304091255,0.07281004361214288,-9.999669670817374,10.00025111940123,0.08486758633901989,0.011940523292360573,0.007618578037482667,0.04189162998157581,1.5469024134187045e-10,-1.0611389703719698e-09,0.08665522047005039,0.11279076072227107,0.08724704480665957,0.0,0.0976347993385553,0.08631071406249784,3.1586021505376345,3.7311827956989245,3.0,141,0.0003614871854096289,0.0006072157369582593,0.001105077628820279,0.17122127757047914,24.167512811339698,1.188356459035663,0.3774970196097969,10.342384098898545,1.0280812425038424,31.24866998491922,31.151752275934886,0.0,0.6676680742107658,18.292276005774404,2.473139129493626,75.17140211226827,62.50123499030781,0.0,0.574482797136981,15.739254716081671,2.137838616779912,64.97989716656267,63.55616352729414,0.0
tripod_r15_nopc_01,tripod_r15_nopc,,common,1,220.495,0.95,0.5,0.1,0.02,1.0,False,"{""angle_deg"": 15.0, ""type"": ""ramp""}",,,14.999999999999998,,-5.45,-1.4,0.17940952255126036,-5.454335006676799,-1.412509897211196,-0.9242360065696015,21366,25506,2374,48,116.31884137258093,0.9711120006472506,tripod,0.025,1188,True,False,,22.319999999999993,40.0,22.319999999999993,0.5002367887827408,0.02241204250818732,0.8964817003274927,0.0012901151705498118,0.12910074397514412,0.2380183257790077,14.998075182006954,14.99924581605592,0.2931893585975176,0.23786636216348978,-14.99807517030299,14.99924581605592,0.2573167554074897,0.06475340323927002,0.036932915614380515,0.41754145832568434,1.0119527986555235e-09,-2.3785499008772223e-09,0.07724371877587301,0.10305268498286756,0.07797077727591588,0.0,0.09763479933840986,0.07693552342930296,3.1584601611459266,3.741271262309758,3.0,144,0.0003925817433022548,0.000621793846297258,0.0011396228221967385,0.17899126593231307,23.434174909237964,1.1518389662169704,0.3809901461177354,10.43808619500645,3.2935887453853305,100.10908040684895,25.50815989521342,0.000596836765144733,0.6671426763736691,18.27788154448408,3.2906767141132836,100.02056881803294,58.70160847573972,0.0004476275738585497,0.5763166399146733,15.789496983963652,3.2594868088832585,99.07254738246986,62.0051533594868,0.00014920919128618324
tripod_r20_nopc_01,tripod_r20_nopc,,common,1,289.18,0.95,0.5,0.1,0.02,1.0,False,"{""angle_deg"": 20.0, ""type"": ""ramp""}",,,20.0,,-5.45,-1.4,0.22101007166283437,-5.457274135975386,-1.383031324139727,-0.17454068750545493,21420,25884,2380,48,116.31745637888054,0.9698930615352491,tripod,0.025,1191,True,False,,22.400000000000034,40.0,22.400000000000034,0.5003231651488628,0.022335855587002768,0.8934342234801107,0.0006524914540884249,-0.014948227010127163,0.05418654962858624,19.99987012696857,20.00043002353009,0.3313294767656472,0.05347435098656879,-19.99987011840364,20.00043002353009,0.07325986390702469,0.014298317950358633,0.04803103244605032,0.08446844497381055,-5.385930658483433e-10,-5.640499467557523e-09,0.06757411647872984,0.09257230169700671,0.0681522277312531,0.0,0.09763479933825739,0.06730336664227016,3.1570026761819805,3.751115075825156,3.0,144,0.00032744860514717265,0.0006386197915120568,0.0011814045405288943,0.18380338982976765,22.77369640234975,1.1191836296995736,0.3790699775829557,10.385478837889197,0.64855740451252,19.71299101861763,19.59700596652754,0.0,0.6650471725489036,18.220470480791878,2.3685973502556803,71.99384043330335,55.1041216392464,0.0,0.5754393792661227,15.765462445647197,2.012350259562895,61.16566138489042,60.010770755205954,0.0
tripod_r25_nopc_01,tripod_r25_nopc,,common,1,357.773,0.95,0.5,0.1,0.02,1.0,False,"{""angle_deg"": 25.0, ""type"": ""ramp""}",,,25.0,,-5.45,-1.4,0.26130913087034974,-5.461923702098822,-1.3846220130524682,1.0788687689075016,22734,27311,2526,51,116.31867342677883,0.9707447308152403,tripod,0.025,1264,True,False,,23.819999999999993,40.0,23.819999999999993,0.5000814912618929,0.020994185191515243,0.8397674076606096,0.00047658889554868036,-0.0780748807871909,0.4943042809956832,24.995359709480297,24.997613187197928,0.36612798927121804,-0.4939102946871347,-24.99535969987551,24.997613187197928,0.5307066881365079,0.0169222858654226,0.039411067715662565,0.30904949060751763,6.391872886073374e-10,-7.1823994725394534e-09,0.05722573443492008,0.08076179360056697,0.05775787452660841,0.0,0.09763479933831627,0.05701587032035081,3.1568791946308723,3.7441275167785233,3.0,153,0.0005155761558794055,0.0009854717802831219,0.0015452288240947723,0.30150508309264684,21.649760151608398,1.0644647294340475,0.37757756626610856,10.344590856605715,0.6567121045954168,19.96085424302179,12.130841852564616,0.0,0.6635565074145224,18.1796303401239,2.290714535817117,69.62658163577863,50.19514355106341,0.0,0.5767114939284763,15.800314902150037,1.9591363320836581,59.5482167806583,57.34390326647083,0.0
ripple_r00_nopc_01,ripple_r00_nopc,,common,1,428.956,1.3,0.5,0.1,0.02,1.0,False,"{""angle_deg"": 0.0, ""type"": ""ramp""}",,,0.0,,-5.45,-1.4,0.05,-5.449336872235,-1.3962622592897636,2.172707909445769,19224,20386,2136,43,116.31817320876726,0.9811634068680263,ripple,0.025,1069,True,False,,19.680000000000007,40.0,19.680000000000007,0.500493455588056,0.025431578027848366,1.0172631211139345,-0.0004450110879612862,-0.06667498665475612,0.06918509542622456,0.05900354268146877,0.21532811021677145,0.16622005992401986,-0.004994062096659489,0.010449337073982384,0.18520691104098042,0.21532811021677145,0.18560153025867696,0.44229164990101616,1.0428337094605877,1.480699658673153e-10,-5.332027560048177e-09,0.10235042334715934,0.11248206013240733,0.1032697816030333,0.0,0.1003646654504506,-0.004157902565487221,2.7248730964467005,4.397969543147208,4.0,92,0.0006050746970270997,0.00033157447530895377,0.0006588557261188332,0.06094952757045168,20.994228444098628,1.031384297874417,0.634712188471556,17.389375026617973,2.4383897148095866,74.11518889998743,39.858531716132944,0.0,0.7317311358914659,20.047428380588105,3.291347487822507,100.04095707667194,67.19369363257658,0.013028764805414551,0.7807306763659727,21.389881544273226,2.8656483963475052,87.10177496496976,83.08304372662876,0.0
ripple_r05_nopc_01,ripple_r05_nopc,,common,1,491.77400000000006,1.3,0.5,0.1,0.02,1.0,False,"{""angle_deg"": 5.0, ""type"": ""ramp""}",,,5.0,,-5.45,-1.4,0.09357787137382909,-5.436825754967737,-1.40007775780331,1.1551087909798408,19350,22871,2150,44,116.31880414514107,0.9724852674149095,ripple,0.025,1076,True,False,,19.80000000000001,40.0,19.80000000000001,0.5000699320102985,0.025256057172237282,1.0102422868894911,0.0011239817100623332,-0.05061957547947193,0.1267113700806742,5.026609847702718,5.191435317162573,0.2126106462563874,-0.09976051531560341,-5.026296532887351,5.191435317162573,0.326360169402873,0.1729162510368263,0.3111960499821909,0.6924860836298627,7.722613474831211e-10,-5.400193475226231e-10,0.09782605804833136,0.11144635407118952,0.09858803691678746,0.0,0.10036466545021,-0.00536894949843732,2.992936427850656,4.387487386478305,4.0,126,0.0007365285374750855,0.00044154851756340424,0.0011393563126625204,0.11125438344914242,20.361525463676223,1.001146511392984,0.639693497346504,17.525849242369976,2.8549782864668014,86.77745551570825,35.18133338637876,0.0,0.7320143749813969,20.055188355654707,3.291115112761032,100.03389400489459,64.6393287515374,0.010763538513286243,0.7841197700982995,21.482733427350674,3.2826864057945895,99.77770230378692,77.44137154489978,0.0003363605785401951
ripple_r10_nopc_01,ripple_r10_nopc,,common,1,557.481,1.3,0.5,0.1,0.02,1.0,False,"{""angle_deg"": 10.0, ""type"": ""ramp""}",,,10.0,,-5.45,-1.4,0.13682408883346517,-5.465971855919261,-1.418455834803161,1.2116968583159369,19386,22500,2154,44,116.31779635773478,0.9722175691870308,ripple,0.025,1078,True,False,,19.840000000000032,40.0,19.840000000000032,0.5002105767268697,0.025212226649539766,1.0084890659815906,-0.0002458687003168841,-0.02016582360535332,0.21940996635915222,10.027081477015221,10.194019777173494,0.2524471317987613,-0.20511402197339462,-10.026931805847465,10.194019777173494,0.42990753505059304,0.2449221439729554,0.24271315884614728,0.6387006292183048,-9.346753415717696e-11,-5.645058232929137e-10,0.08901651331282529,0.10887093521319915,0.08988867632692106,0.0,0.10036466544994813,0.00603042202259099,3.1067472306143,4.384692849949648,4.0,93,0.001069136324456244,0.0006344571088775113,0.001109368020030726,0.11795932901578979,19.178967635481232,0.9427390023748828,0.6343505444280904,17.379466970632613,2.6325038290116116,80.01531395172071,29.884429016439277,0.0,0.7241088689188082,19.8385991484605,3.290536966008743,100.01632115528095,61.514673805224426,0.0003356831151393085,0.7859017638602264,21.531555174252777,3.282907361653375,99.78441828733662,71.78201132684201,0.0005035246727089627
ripple_r15_nopc_01,ripple_r15_nopc,,common,1,629.4490000000001,1.3,0.5,0.1,0.02,1.0,False,"{""angle_deg"": 15.0, ""type"": ""ramp""}",,,14.999999999999998,,-5.45,-1.4,0.17940952255126036,-5.454596194620768,-1.381052849211791,0.5523720664701879,19404,23297,2157,44,116.31902913568629,0.9702413762724131,ripple,0.025,1080,True,False,,19.860000000000014,40.0,19.860000000000014,0.5002193700924621,0.02518727946084903,1.007491178433961,0.0005267537119830554,0.020760852297824716,0.1810898965763516,15.028003383217401,15.191351268280581,0.29522599257647963,-0.1642028740764605,-15.02790782020928,15.191351268280581,0.3911254035651472,0.26770719979390073,0.17274704118516793,0.7474889603195866,6.482509480602344e-14,-1.5185491504250548e-13,0.07974025977102604,0.10623403501039133,0.08044408214446674,0.0,0.10036466544967923,0.011340493077323346,3.125754527162978,4.390342052313883,4.0,94,0.0010667835761881668,0.0006428374496889586,0.0011511642884725359,0.12080037229335032,17.993778443374968,0.8844652813057052,0.6400948147140871,17.536844238742116,1.467142434247061,44.59399496191675,24.41624652109998,0.0,0.7342738841056436,20.117092715223112,3.142701263352772,95.52283475236388,57.731684595745605,0.0,0.7845022275140097,21.493211712712597,3.2830012305487886,99.78727144525193,65.1444465414464,0.00033534540576794097
ripple_r20_nopc_01,ripple_r20_nopc,,common,1,697.3580000000001,1.3,0.5,0.1,0.02,1.0,False,"{""angle_deg"": 20.0, ""type"": ""ramp""}",,,20.0,,-5.45,-1.4,0.22101007166283437,-5.463128919396727,-1.4127517509507603,0.6228331035746315,19440,22667,2160,44,116.31790679811299,0.9705982579387132,ripple,0.025,1081,True,False,,19.899999999999977,40.0,19.899999999999977,0.5004626032734231,0.025148874536352946,1.0059549814541178,0.001226831474815197,0.018151693031747858,0.2664883118241404,20.028309592572576,20.191219617281945,0.33265411091312636,-0.2550403347554693,-20.028236948133262,20.191219617281945,0.4817197125440228,0.2800956958627915,0.07747001803816751,0.5982668898280904,4.5486523695339495e-10,-2.5821772983064935e-09,0.06976211684911521,0.10294772656741592,0.07041498097725621,0.0,0.10036466544941026,0.01702560897141778,3.1305220883534135,4.385542168674699,4.0,94,0.0010480368394174043,0.0006514006263713039,0.001231953429657232,0.12234975088391682,17.171995014173596,0.8436590879684555,0.6350929512931913,17.39980688474497,1.5367637943981896,46.71014572638874,22.58517540343693,0.0,0.7321800813342172,20.05972825573198,2.693686603565893,81.87497275276269,53.85278171506623,0.0,0.781364541218781,21.407247704624137,2.8351601310900296,86.17507997234134,59.82336039539289,0.0
ripple_r25_nopc_01,ripple_r25_nopc,,common,1,767.378,1.3,0.5,0.1,0.02,1.0,False,"{""angle_deg"": 25.0, ""type"": ""ramp""}",,,25.0,,-5.45,-1.4,0.26130913087034974,-5.466023555282694,-1.4019766185779294,-0.06900856149618373,19830,23055,2202,45,116.31865296972526,0.9702237206745146,ripple,0.025,1102,True,False,,20.32000000000005,40.0,20.32000000000005,0.5002964096107168,0.024620886299739936,0.9848354519895974,0.0003115190073115707,-0.02539660583651034,0.07170820925099144,25.028759786510115,25.18960632219044,0.36792383144861157,0.019718871698706952,-25.028702608466542,25.18960632219044,0.25611243523769145,0.2594380798586646,0.16305249676568478,0.7821474378016944,-4.334681439283205e-10,-3.5360727665991833e-09,0.05911183087689017,0.09690551889841369,0.06005259031584968,0.0,0.10077122526237677,0.02268069191731755,3.1327433628318584,4.378564405113078,4.0,96,0.0009659359399003072,0.0006769680326478948,0.0013289464776982077,0.12990082830284766,16.032997196232795,0.7879640689101105,0.6364030685357306,17.435700507828237,1.4150842764739742,43.011680135987056,25.43339754599914,0.0,0.7289691627067405,19.971757882376455,2.4054201820066377,73.11307544093124,48.761930757363444,0.0,0.7810704853794778,21.399191380259666,2.18651228695966,66.459340029169,53.88855527654802,0.0
wave_r00_nopc_01,wave_r00_nopc,,capped,1,846.138,2.4,0.5,0.1,0.02,1.0,False,"{""angle_deg"": 0.0, ""type"": ""ramp""}",,,0.0,,-5.45,-1.4,0.05,-5.439984136225469,-1.3970213400846814,0.7036328202316995,20358,23640,2262,46,116.3177339176636,0.9754245445145509,wave,0.0245,1132,True,False,,19.840000000000032,40.816326530612244,19.840000000000032,0.5004819400568765,0.02522590423673769,1.0296287443566403,0.0026480889370888716,0.2999565175212011,0.04240484042261758,0.04956897609423064,0.2473678309198768,0.1662749976033008,-0.006052456313814245,0.015375571573300169,0.2473678309198768,0.2473678309198768,0.18229334289984003,0.22600056778990305,0.8793819777777936,3.3754292063890707e-15,-3.50855879139952e-14,0.09974432339450386,0.13775500367764426,0.10161610708502679,0.0,0.09835964853525227,-0.005853649495618163,2.97079556898288,5.205438066465256,5.0,119,0.0006601951855747989,0.00039636165140820214,0.0019156228266115323,0.09424191469039712,15.237262984530085,0.7485686674624601,1.3689717563705717,37.50607551700196,2.1035523066014266,63.93776007907072,12.890498138400574,0.0,0.8720046110753337,23.89053728973517,3.2915367586699595,100.04670998996838,99.99695618975487,0.11379657603222558,1.4080176809595217,38.57582687560334,3.077293929168275,93.53476988353418,89.21900441133391,0.0
wave_r05_nopc_01,wave_r05_nopc,,capped,1,911.801,2.4,0.5,0.1,0.02,1.0,False,"{""angle_deg"": 5.0, ""type"": ""ramp""}",,,5.0,,-5.45,-1.4,0.09357787137382909,-5.4424389145140575,-1.3977961328440853,-2.7479292655878833,20538,23312,2282,46,116.31856596113519,0.9723671901068264,wave,0.0245,1142,True,False,,20.0,40.816326530612244,20.0,0.5004978027419786,0.02502489013709893,1.0214240872285278,-0.0014302482891245527,-0.3333969438341595,0.2726994948513967,5.030886651238115,5.346935235434402,0.21367284674985595,0.26492771144320515,-5.0304241170106705,5.346935235434402,0.5548603389678273,0.1437888656384687,0.11740320038119599,0.5715742622151043,8.099748619456597e-11,-6.800189780872058e-11,0.09579028247635205,0.13704637442638606,0.09733806987315809,0.0,0.09835964853546716,-0.005026652641054515,3.086913086913087,5.205794205794206,5.0,122,0.0011070752341999304,0.0007892245595374981,0.0031487662502860114,0.1923784715088092,15.188982248808083,0.7461804971555899,1.372919873238402,37.61424310242197,3.2844334592921425,99.83080423380373,15.184027789086544,0.0008325008325008325,0.8710778918322419,23.86514772143129,3.291537943958723,100.04674601698245,97.83071327206761,0.04928404928404929,1.4191772373274607,38.88156814595783,3.2816116622336127,99.74503532624962,85.74523142972777,0.0001665001665001665
wave_r10_nopc_01,wave_r10_nopc,,capped,1,985.8960000000001,2.4,0.5,0.1,0.02,1.0,False,"{""angle_deg"": 10.0, ""type"": ""ramp""}",,,10.0,,-5.45,-1.4,0.13682408883346517,-5.469486756258784,-1.40813494681349,-2.941167905720617,20556,23925,2284,46,116.31837720260884,0.9697610341906544,wave,0.0245,1143,True,False,,20.040000000000077,40.816326530612244,20.040000000000077,0.5004911811100906,0.02497460983583277,1.0193718300339905,-0.0021556278926654106,-0.4184458816185434,0.5767848675901921,10.024199477322005,10.337892555147848,0.2548211297927443,0.5728741537922977,-10.023969751628895,10.337892555147848,0.8809591266676498,0.2626594702522348,0.3425220594743408,1.0968238213627073,5.966607540440447e-11,-4.01499013226212e-11,0.08714568654895817,0.13478999290461186,0.08879582290492759,0.0,0.09835964853571313,0.0036161701084012924,3.153539381854437,5.211365902293121,5.0,103,0.0013921962930127996,0.0008915759724897456,0.002801261252731521,0.18348269286091645,14.656210873090291,0.7200131050199728,1.3807748097503227,37.829446842474596,2.5724685536073544,78.19053354429649,17.733928398381757,0.0,0.8790323875908563,24.08307911207826,3.29151955180595,100.04618698498328,89.09424033778798,0.005483549351944167,1.405280263437278,38.50082913526789,3.2837729590206393,99.8107282377094,79.35380878978857,0.00033233632436025255
wave_r15_nopc_01,wave_r15_nopc,,capped,1,1069.721,2.4,0.5,0.1,0.02,1.0,False,"{""angle_deg"": 15.0, ""type"": ""ramp""}",,,14.999999999999998,,-5.45,-1.4,0.17940952255126036,-5.430724666272196,-1.4021652048233915,-1.0896420056179439,20574,24175,2286,46,116.31877370805603,0.9702171528670306,wave,0.0245,1144,True,False,,20.039999999999964,40.816326530612244,20.039999999999964,0.5000095804822701,0.024950577868376796,1.0183909334031345,-0.0008515202630273808,-0.34153760166380437,0.4037561045701435,15.031553697367611,15.347853346098338,0.30469066293483593,0.3981322595610989,-15.03141118015073,15.347853346098338,0.7150874656191532,0.18241220581820675,0.2948033780563422,0.8273916155909748,2.2616019948441556e-11,-2.2366231117089756e-10,0.0784085226243245,0.13173654932242967,0.07959217358833783,0.0,0.09835964853600564,0.009056153055742188,3.1744765702891327,5.206380857427717,5.0,102,0.001342122712871527,0.0008797290338722332,0.0026643362705529652,0.17946102289142152,14.657204037478774,0.7207611121166383,1.3803459070467625,37.817696083472946,3.2844564863922203,99.83150414566019,21.13423109326519,0.001163177135260884,0.8745569174090841,23.96046349065984,3.2916772390424454,100.05097991010473,82.50615690819832,0.0026586905948820204,1.4090364140502576,38.60373737123993,3.26718870477745,99.30664756162463,74.20500105166214,0.00016616816218012627
wave_r20_nopc_01,wave_r20_nopc,,capped,1,1158.557,2.4,0.5,0.1,0.02,1.0,False,"{""angle_deg"": 20.0, ""type"": ""ramp""}",,,20.0,,-5.45,-1.4,0.22101007166283437,-5.449060768477781,-1.4197285813407405,-2.112222718258689,20610,24326,2290,46,116.31772052661482,0.9693977815639012,wave,0.0245,1146,True,False,,20.09999999999991,40.816326530612244,20.09999999999991,0.5000451909085781,0.024877870194456735,1.015423273243132,-0.0009675649012490413,-0.3460010562627542,0.3977389397376133,20.032972163320185,20.349445545663325,0.34499968880278764,0.3913773378267563,-20.03286466759777,20.349445545663325,0.7225367507350535,0.1264574117561194,0.24139009983961163,1.1385396796703133,-2.6795414455249194e-15,-1.8627935540598567e-14,0.06871512505990765,0.12632208231006842,0.06967897933840465,0.0,0.0983596485362905,0.014459102764583637,3.1630218687872764,5.1978131212723655,5.0,104,0.0012573255782673991,0.0008370060232449036,0.002539594605550608,0.17408119294323318,14.726367119447747,0.724110301540819,1.3710725133536135,37.56363050283873,1.643870024359669,49.96565423585619,25.516335515913795,0.0,0.8757004699147923,23.99179369629568,3.2901089541191886,100.00331167535528,74.52877301881055,0.0009940357852882703,1.4053330851621295,38.50227630581177,3.0788437624107616,93.58187727692284,67.9024556821377,0.0
wave_r25_nopc_01,wave_r25_nopc,,capped,1,1243.0600000000002,2.4,0.5,0.1,0.02,1.0,False,"{""angle_deg"": 25.0, ""type"": ""ramp""}",,,25.0,,-5.45,-1.4,0.26130913087034974,-5.445466892940384,-1.4085826957784282,2.4577980605065193,20718,24650,2302,47,116.31866770081946,0.9670707297214765,wave,0.0245,1152,True,False,,20.180000000000064,40.816326530612244,20.180000000000064,0.5000292719198943,0.02477845747868646,1.0113656113749574,-0.0007902195212430956,-0.3601672738008107,0.8438099731531098,25.02439376734452,25.341046822387316,0.3820122145551965,-0.840260588161832,-25.024305738814448,25.341046822387316,1.116626068720434,0.13075351952458214,0.38289016355945127,1.4180579598655696,-2.419473929412681e-11,-4.311119811334955e-10,0.05705138298039349,0.11928322265380319,0.05896015135644137,0.0,0.09835964853659115,0.02050534995659306,3.1683168316831685,5.203960396039604,5.0,104,0.001241991159531918,0.0008412965243016085,0.0023890533391125054,0.1749792101437063,15.138400534310774,0.7443945433027147,1.3801768423031635,37.81306417268941,2.6939791036949305,81.88386333419241,30.68848871139116,0.0,0.881035686715913,24.137964019614056,3.291672389417511,100.0508325050915,65.78736021880017,0.0016501650165016502,1.409066326738893,38.60455689695598,3.1117898417758023,94.5832778655259,64.08154646722608,0.0
tripod_r00_nopc_02,tripod_r00_nopc,,common,2,1329.431,0.95,0.5,0.1,0.02,1.0,False,"{""angle_deg"": 0.0, ""type"": ""ramp""}",,,0.0,,-5.45,-1.4,0.05,-5.447479072669764,-1.3891735908206406,-2.615854612053713,21348,24855,2373,48,116.3181732800181,0.959773652637482,tripod,0.025,1187,True,False,,22.319999999999936,40.0,22.319999999999936,0.5004055382382481,0.02241960296766351,0.8967841187065403,0.001193531305701899,0.1018724144171127,0.001147266254992233,0.0005986987709289697,0.006177881138661552,0.1651712318055405,-3.057668046020654e-05,6.510077493136978e-05,0.002154567081926905,0.006177881138661552,0.07192934054113707,0.07758412463490176,0.5435147563829519,-1.3519149392922724e-09,-9.735240580562873e-09,0.09941153260216096,0.12826225713065442,0.10013072135612207,0.0,0.09762456529454626,0.09849108856258616,3.146821844225604,3.8039391226499553,3.0,144,0.00033246498756584625,0.0005772917555765947,0.0009561833187771974,0.16612481276726915,25.984460499338446,1.2767607781371215,0.3789029521770046,10.38090279936999,2.0576462261070887,62.54243848349814,42.485501686402564,0.0,0.666171411716429,18.251271553874766,3.282589983295603,99.77477152874174,68.2865570387782,0.005222321695016413,0.5799875802774546,15.890070692533001,3.1400169270837304,95.4412439843079,65.07238789943914,0.0
tripod_r05_nopc_02,tripod_r05_nopc,,common,2,1397.517,0.95,0.5,0.1,0.02,1.0,False,"{""angle_deg"": 5.0, ""type"": ""ramp""}",,,5.0,,-5.45,-1.4,0.09357787137382909,-5.433866882920448,-1.3853210814583379,1.762532492509546,21348,24721,2372,48,116.31820670053418,0.9687872652597059,tripod,0.025,1187,True,False,,22.299999999999955,40.0,22.299999999999955,0.5000640039960896,0.02242439479803097,0.8969757919212388,0.0006579691088818458,-0.05654386794609861,0.15273818835894007,4.997576406238152,4.998124769464593,0.21153500954019663,-0.15271047449371775,-4.997576370496821,4.998124769464593,0.15847493368309606,0.064856326585255,0.030782517633497077,0.40440194181984523,1.715622096109222e-09,1.0383781708939688e-09,0.0953847142189948,0.12221434709716889,0.0958435814603564,0.0,0.09762456529378036,0.09501801985045945,3.1460573476702507,3.7437275985663083,3.0,144,0.0003524280261323917,0.000579320229280092,0.0010257677880449042,0.16682272539991055,25.098109650689402,1.2340541300410717,0.3807906350099262,10.432620137258253,2.1214339093169823,64.48127383942196,36.83228478830704,0.0,0.6688954643590046,18.325903133123415,3.2828300182403547,99.78206742371898,65.82893538721572,0.005973715651135006,0.5849109608246306,16.024957830811797,3.2432714723491585,98.57968001061272,64.58834366906865,0.00014934289127837514
tripod_r10_nopc_02,tripod_r10_nopc,,common,2,1465.518,0.95,0.5,0.1,0.02,1.0,False,"{""angle_deg"": 10.0, ""type"": ""ramp""}",,,10.0,,-5.45,-1.4,0.13682408883346517,-5.466555367391942,-1.4098028489844092,0.7245245073977453,21348,25260,2372,48,116.3178237190123,0.9704934961593141,tripod,0.025,1187,True,False,,22.299999999999955,40.0,22.299999999999955,0.5000268932837735,0.022422730640528004,0.8969092256211201,0.0008966053052095512,0.008886329307893301,0.1261851324303847,9.99914833596957,9.999659316492602,0.2503269143604349,-0.1260935043991987,-9.999148318345046,9.999659316492602,0.13400368220091222,0.05217672503986024,0.07709359835607459,0.41543113937952597,-7.705157457321565e-11,-2.1567828392610476e-09,0.08672148327331426,0.11312861297564014,0.08723082756639979,0.0,0.09762456529300709,0.08640617307512236,3.149641577060932,3.7446236559139785,3.0,144,0.00037022920735493674,0.0005961705760220009,0.0011010602208246355,0.17168761495507898,24.45641275652455,1.2025907657119894,0.3791109056324024,10.386600154312395,2.1928360177120347,66.6515506903354,31.141785723408262,0.0,0.6682183828529138,18.30735295487435,3.282589236403105,99.7747488268421,62.75361271754802,0.005675029868578256,0.5804631189310359,15.903099148795503,2.3351243516957734,70.97642406370132,63.581928376951524,0.0
tripod_r15_nopc_02,tripod_r15_nopc,,common,2,1533.8770000000002,0.95,0.5,0.1,0.02,1.0,False,"{""angle_deg"": 15.0, ""type"": ""ramp""}",,,14.999999999999998,,-5.45,-1.4,0.17940952255126036,-5.437038760903409,-1.3981285207927876,1.7547066243266685,21366,25127,2374,48,116.31881412763096,0.9708877063809064,tripod,0.025,1188,True,False,,22.320000000000164,40.0,22.320000000000164,0.500215710353353,0.022411098134110633,0.8964439253644253,0.0005570310476082554,-0.03691862337383173,0.46277399579040673,14.992944093253051,14.993661639483998,0.2985151146029547,-0.4627126267413218,-14.992944079896766,14.993661639483998,0.478696504692047,0.07017515312129,0.12810769601204572,0.44426618005134877,-2.2990142142476956e-10,-2.045674966377327e-09,0.07733014252232866,0.10275794842311065,0.07790388597956087,0.0,0.09762456529224227,0.07703954610516707,3.155774395702775,3.730528200537153,3.0,144,0.0003405944752311481,0.000632514561190595,0.0011525897777136026,0.18208552281189969,23.948993150277822,1.1771961380085667,0.37764271591349,10.346375778451781,2.2584696641821997,68.64649435204255,25.607324470672086,0.0,0.6681545860562204,18.305605097430696,3.2825669378842903,99.77407106031278,58.98037075463094,0.006117576842733513,0.5789364198045935,15.861271775468317,3.2909281888780635,100.02821242790466,62.18395590670253,0.00014920919128618324
tripod_r20_nopc_02,tripod_r20_nopc,,common,2,1607.2920000000001,0.95,0.5,0.1,0.02,1.0,False,"{""angle_deg"": 20.0, ""type"": ""ramp""}",,,20.0,,-5.45,-1.4,0.22101007166283437,-5.431292080692527,-1.418240492317744,2.2961559170562023,21420,26220,2381,48,116.31763217306725,0.9698798135683353,tripod,0.025,1191,True,False,,22.40000000000009,40.0,22.40000000000009,0.5004376826785326,0.022340967976720114,0.8936387190688045,0.0006305712316915235,-0.060252306748600985,0.8205917899670998,19.983796009675046,19.984924242017023,0.3413543474887456,-0.8205200971140537,-19.983795996372763,19.984924242017023,0.8449223190002176,0.07338950438059813,0.14449166624171855,0.4373863286528342,-5.275763041261134e-14,-2.6092519757980224e-13,0.06726857397949651,0.09231252031139321,0.06791927010497076,0.0,0.09762456529144384,0.06700743882354139,3.1400535236396077,3.7395182872435324,3.0,144,0.0003267396969629629,0.000637158562283013,0.0011842395930894542,0.18334102429641266,23.09702922913023,1.1348146481200454,0.38064500135930973,10.428630174227663,2.31837290409106,70.46726152252462,19.656773353548378,0.0,0.6708619954259503,18.379780696601376,3.2825573977758866,99.77378108741296,55.09039284000804,0.004014272970561998,0.5801101215948634,15.893427988900369,3.290996624891829,100.03029254990363,59.91724160386956,0.0001486767766874814
tripod_r25_nopc_02,tripod_r25_nopc,,common,2,1675.6750000000002,0.95,0.5,0.1,0.02,1.0,False,"{""angle_deg"": 25.0, ""type"": ""ramp""}",,,25.0,,-5.45,-1.4,0.26130913087034974,-5.44805234496036,-1.408428883035123,-2.3671171387997587,22716,26274,2524,51,116.31866826436467,0.9704070886108122,tripod,0.025,1263,True,False,,23.799999999999955,40.0,23.799999999999955,0.5002125715054618,0.02101733493720432,0.8406933974881727,0.002697247674482286,0.33150750954154484,1.0251913446195353,24.980242409496203,24.983890900450564,0.37148983522051837,1.024215912135409,-24.980242343013085,24.983890900450564,1.1247540270398955,0.0520637926840306,0.21215760286210716,0.468560628784133,1.546068429457796e-10,-8.20259197032602e-09,0.05623404689418908,0.08126232478708953,0.05692807645451042,0.0,0.09761765678046355,0.05602417447167989,3.152812762384551,3.746431570109152,3.0,150,0.0004964844219755175,0.0009862414090856112,0.001543245662449476,0.295742274394624,22.166603286188483,1.0895752673389354,0.3800953956272743,10.41357248293902,2.4708757409018816,75.10260610644016,12.36109371686007,0.0,0.6682685239848634,18.308726684516806,3.282569607802705,99.77415221284818,50.41004489174224,0.006297229219143577,0.5788052631244349,15.85767844176534,3.290954187624831,100.02900266336873,57.11297620971227,0.000279876854184159
ripple_r00_nopc_02,ripple_r00_nopc,,common,2,1746.691,1.3,0.5,0.1,0.02,1.0,False,"{""angle_deg"": 0.0, ""type"": ""ramp""}",,,0.0,,-5.45,-1.4,0.05,-5.46179913073334,-1.4096872528974902,-0.20643413086950924,19206,20328,2135,43,116.31817371168638,0.9798416844858109,ripple,0.025,1068,True,False,,19.6400000000001,40.0,19.6400000000001,0.5000368694482621,0.025460125735654763,1.0184050294261904,0.0001650962471378115,0.0012361041785564745,0.07375470175570333,0.062192900799239136,0.22936434616075896,0.16622317259670502,-0.0014807679646297708,0.0068516141083234065,0.18790114705312375,0.22936434616075896,0.2294412249016459,0.2348327562620617,0.9119178105056625,-4.3698711457985716e-10,-5.1971010649995424e-09,0.10247623905211246,0.11267050805648543,0.10325293892989289,0.0,0.10073349914715622,-0.004498437574086481,2.74059003051882,4.40793489318413,4.0,93,0.0005811058244067626,0.00033290803908835503,0.0006770855095727551,0.06191632625382998,20.672259924401054,1.0164946031698636,0.6346908327459891,17.38878993824628,3.2935493678810825,100.10788352222136,40.35148211802878,0.002034587995930824,0.7286428786315061,19.962818592644002,3.294234714406512,100.12871472360219,67.21968145865414,0.012546625974906748,0.7821752767754478,21.4294596376835,3.2825210324918475,99.77267575963063,81.97823770826527,0.00033909799932180403
ripple_r05_nopc_02,ripple_r05_nopc,,common,2,1809.815,1.3,0.5,0.1,0.02,1.0,False,"{""angle_deg"": 5.0, ""type"": ""ramp""}",,,5.0,,-5.45,-1.4,0.09357787137382909,-5.4322435693429165,-1.4102135961722946,0.8446911570115847,19350,22907,2150,44,116.31856523917916,0.9702515631929511,ripple,0.025,1076,True,False,,19.800000000000182,40.0,19.800000000000182,0.500305334796578,0.025267946201847143,1.0107178480738856,0.0005387364300600351,-0.02503139794200521,0.10620971080538523,5.026354240410798,5.185538763043294,0.21273610601472806,-0.07371813107952323,-5.026049563522157,5.185538763043294,0.2998331404384453,0.253328619092252,0.22898269936714502,0.9300538538885142,-6.497487815162393e-10,-1.1187378657101295e-09,0.09795107696717013,0.11158424850015689,0.09867409958240927,0.0,0.100733499146909,-0.0053581939645246,2.942482341069627,4.355196770938446,4.0,123,0.0007579832112231028,0.00045224040557928274,0.0012678777544929741,0.11118317671005033,19.774993480658672,0.9718519838517221,0.6379504473032384,17.478094446664066,1.7487482630134223,53.153442644784874,35.24316952694079,0.0,0.7261977080106108,19.895827616729065,3.2913166406026573,100.04001947120538,64.4776748067698,0.011772620248906828,0.7797500685028783,21.363015575421322,3.0434159602975455,92.50504438594363,77.04652856536771,0.0
ripple_r10_nopc_02,ripple_r10_nopc,,common,2,1875.7610000000002,1.3,0.5,0.1,0.02,1.0,False,"{""angle_deg"": 10.0, ""type"": ""ramp""}",,,10.0,,-5.45,-1.4,0.13682408883346517,-5.451201364791743,-1.3964603678523961,0.7588544155480965,19404,23035,2156,44,116.31801513591624,0.9691078222730588,ripple,0.025,1079,True,False,,19.840000000000146,40.0,19.840000000000146,0.5004288263174463,0.025223227132935618,1.0089290853174246,0.0006884232589976797,-0.030120293006790498,0.1421245888166729,10.028401155708812,10.18325333602527,0.25464047870101575,-0.11946785122469128,-10.028254432163337,10.18325333602527,0.3482073584180259,0.1811377046401339,0.2921055424797504,0.813214676270788,3.655903169647946e-10,-3.8692599581780005e-10,0.08919295763492173,0.10933613390568561,0.0899186448287329,0.0,0.10073349914665472,-0.010688928557807072,3.079556898288016,4.358509566968782,4.0,109,0.0009317860791048011,0.0005690906770733512,0.0013938270121988659,0.12395533643608549,19.332499596070974,0.9498705889324118,0.6356389298194061,17.414765200531672,2.903862349978313,88.26329331241074,29.98964251543456,0.0,0.728603419343548,19.961737516261593,3.2912768007591984,100.03880853371423,61.56257536245573,0.003524672708962739,0.7820389152966468,21.42572370675745,3.2827913426609245,99.78089187419224,72.02163047682616,0.0030211480362537764
ripple_r15_nopc_02,ripple_r15_nopc,,common,2,1948.757,1.3,0.5,0.1,0.02,1.0,False,"{""angle_deg"": 15.0, ""type"": ""ramp""}",,,14.999999999999998,,-5.45,-1.4,0.17940952255126036,-5.463872227306672,-1.4043757225114808,0.4129688861347083,19406,22761,2157,44,116.31820241888047,0.9702355059073584,ripple,0.025,1079,True,False,,19.860000000000127,40.0,19.860000000000127,0.5001939904396343,0.025186001532710528,1.0074400613084211,-5.201172965290952e-05,-0.0050041398567137185,0.12402132037018972,15.029553103104808,15.183768616904382,0.29403738201177604,-0.09670452088843355,-15.029454101072039,15.183768616904382,0.32781298854953095,0.268448797145955,0.32933545837613776,0.8222595909583541,4.149698022710125e-10,-1.535958208703086e-09,0.07979278854196699,0.10630235855059034,0.08049744684833866,0.0,0.10070960293508198,0.011532875909369382,3.096579476861167,4.359154929577465,4.0,94,0.0010643990378804492,0.000646235296142201,0.0013147867002264483,0.12144511654925215,18.143611013225833,0.8918758934101553,0.635361456254377,17.407163185051424,2.5912264581115108,78.76068261737115,24.452585318304713,0.0,0.73620603351196,20.170028315396163,3.2906147251244495,100.01868465423858,57.93013304011397,0.001676727028839705,0.7854254787813458,21.51850626798208,3.20985534870442,97.56399236183647,65.20582729431548,0.0
ripple_r20_nopc_02,ripple_r20_nopc,,common,2,2021.9370000000001,1.3,0.5,0.1,0.02,1.0,False,"{""angle_deg"": 20.0, ""type"": ""ramp""}",,,20.0,,-5.45,-1.4,0.22101007166283437,-5.431091317847575,-1.4092902734896564,-1.4432302468447324,19440,22330,2160,44,116.3178806645599,0.9684126088198769,ripple,0.025,1081,True,False,,19.90000000000009,40.0,19.90000000000009,0.5000516699544557,0.025128224620826804,1.005128984833072,0.00012402562951826547,0.0905245965002802,0.5288624235483448,20.0233916582222,20.179742913984047,0.3445737155559567,0.5230478193992004,-20.02331727712648,20.179742913984047,0.7718926740874941,0.2511784387788132,0.14986027761500154,0.5818957595370865,1.4586613367063352e-14,-8.294893482660663e-14,0.06926365001473536,0.10289745550017282,0.07060583219854141,0.0,0.10073349914611796,0.01626916657757194,3.0993975903614457,4.36144578313253,4.0,94,0.001030526242383934,0.0006281587414266436,0.001301493764965182,0.11808163632719801,17.254172087891885,0.8483955816728094,0.6353434954465764,17.406671108125384,1.4946410202393332,45.42981824435663,23.028906458357607,0.0,0.7262595691088338,19.897522441337916,2.913371248313013,88.55231757790314,53.81033717323601,0.0,0.7797610076538496,21.36331527818766,2.9822892253587994,90.64708891668083,59.88409333223669,0.0
ripple_r25_nopc_02,ripple_r25_nopc,,common,2,2091.7740000000003,1.3,0.5,0.1,0.02,1.0,False,"{""angle_deg"": 25.0, ""type"": ""ramp""}",,,25.0,,-5.45,-1.4,0.26130913087034974,-5.431931443167219,-1.413859540298559,0.10768609332080858,19836,23823,2204,45,116.31866229470286,0.9685872272751596,ripple,0.025,1103,True,False,,20.340000000000146,40.0,20.340000000000146,0.5004126120058809,0.02460238997079043,0.9840955988316171,0.001552446783666393,0.13172113815527192,0.09276106256952114,25.02898334254609,25.185974886797474,0.38362390995488105,-0.06148887161705916,-25.028924343546205,25.185974886797474,0.2824094709373746,0.24385297791765823,0.081936485871572,0.5553756225748564,-1.7170538536183657e-10,-4.724761902470682e-09,0.0592185308458916,0.09684719881443697,0.06001962239854715,0.0,0.10073349914583542,0.022756505752108643,3.0972495088408643,4.350687622789784,4.0,96,0.0009498983630509946,0.0006873282162340651,0.0013350123347368494,0.13185757040598522,16.404615236757056,0.8060368243572722,0.6356498475412832,17.41506431619954,1.4187916167916694,43.12436525202642,25.61923409737951,0.0,0.7323821354642978,20.065263985323227,2.6036029420712223,79.13686754015873,49.16406076511866,0.0,0.7768680796781134,21.28405697748256,2.8245933936864387,85.85390254366075,56.49700145951648,0.0
wave_r00_nopc_02,wave_r00_nopc,,capped,2,2165.5950000000003,2.4,0.5,0.1,0.02,1.0,False,"{""angle_deg"": 0.0, ""type"": ""ramp""}",,,0.0,,-5.45,-1.4,0.05,-5.440524080551942,-1.3847129281755772,-2.329410071285357,20376,23554,2263,46,116.31817369762678,0.9755049192227924,wave,0.0245,1132,True,False,,19.840000000000146,40.816326530612244,19.840000000000146,0.5003797494093348,0.025220753498454193,1.0294185101409874,0.002207130809823066,0.3533147269938507,0.042234056519918156,0.051276302467556996,0.2457648708624966,0.16627508202441074,-0.005174193949090635,0.017447704436858093,0.2457648708624966,0.2457648708624966,0.19069666655336615,0.1967775599595492,0.8316698809973665,2.2944683566965395e-11,-5.810765701938199e-10,0.09974967649950958,0.1373011295878091,0.10151535869405413,0.0,0.09836049462041505,-0.006125505602011184,2.9425981873111784,5.209466263846928,5.0,120,0.000635301383852518,0.0003756661100951497,0.0019748313229713075,0.09009056567591162,15.219858603276295,0.7478695294740241,1.3703104062768925,37.542750856901165,1.2419684640467623,37.749801338807366,12.881984230991867,0.0,0.8712060664525106,23.868659354863304,3.291531251981097,100.0465426134072,99.99672139837729,0.1104397448808325,1.426719094272937,39.08819436364212,3.065784148164803,93.1849285156475,89.23533756604643,0.0
wave_r05_nopc_02,wave_r05_nopc,,capped,2,2231.414,2.4,0.5,0.1,0.02,1.0,False,"{""angle_deg"": 5.0, ""type"": ""ramp""}",,,5.0,,-5.45,-1.4,0.09357787137382909,-5.431487253527767,-1.4194403591588625,1.735521863229455,20502,24938,2278,46,116.31819432033816,0.9692732917374641,wave,0.0245,1140,True,False,,19.980000000000018,40.816326530612244,19.980000000000018,0.5002545749249577,0.025037766512760625,1.0219496535820662,-0.0006965475309837037,-0.3163011618574627,0.17882549104119394,5.033870476070582,5.349190074200889,0.21423566986826667,-0.1670528085531318,-5.033447477028498,5.349190074200889,0.3964333225266107,0.150639605353433,0.12999246702132353,0.7594955101370351,-1.9023185664169015e-10,-6.33277336416027e-11,0.09619149698448952,0.13728096440417795,0.09748530986094298,0.0,0.09836049461744552,-0.0056175322549018615,3.078,5.206,5.0,117,0.0011203083416697493,0.0007566242597646087,0.0033416324140966725,0.17695980583967524,15.217462825465349,0.7479454598184526,1.3779321734453258,37.75156639576235,3.2843764815452787,99.82907238739449,15.733668978619724,0.001,0.8752202412158799,23.978636745640546,3.2915113078931184,100.04593641012518,98.04396892562056,0.053,1.4187967447958287,38.8711436930364,3.2817239846731168,99.7484493821616,87.54960764048019,0.0003333333333333333
wave_r10_nopc_02,wave_r10_nopc,,capped,2,2305.737,2.4,0.5,0.1,0.02,1.0,False,"{""angle_deg"": 10.0, ""type"": ""ramp""}",,,10.0,,-5.45,-1.4,0.13682408883346517,-5.441408912667336,-1.4105030847412312,-2.5438007997314003,20538,24093,2282,46,116.3185181148463,0.9694123901727177,wave,0.0245,1142,True,False,,20.0,40.816326530612244,20.0,0.500014360542611,0.025000718027130546,1.0204374704951242,-0.001797127464070493,-0.34829850521935507,0.3692484009552962,10.030885658279226,10.348814304812505,0.25998972620921,0.36346377967897175,-10.030671520362647,10.348814304812505,0.6686677141376093,0.1922965534860033,0.3225956840357628,0.9396405947898762,-7.39041014210689e-11,-4.6973929272731206e-11,0.0873475530485732,0.13496933733727198,0.08886256462026881,0.0,0.0983604946138091,0.0038728417150163505,3.154845154845155,5.206793206793207,5.0,102,0.001391397370993518,0.0008937430031604715,0.002997939365314971,0.1823171570586956,14.642493086207093,0.7200272161635644,1.3722910922344358,37.59701622560098,2.454220024819886,74.59635333799046,17.7824197576721,0.0,0.8727982430747497,23.912280632184924,3.291522836668022,100.04628682881525,89.71354829859109,0.005661005661005661,1.4175677246672023,38.837471908690475,3.283325184242326,99.79711806207678,79.39552149814757,0.000333000333000333
wave_r15_nopc_02,wave_r15_nopc,,capped,2,2392.994,2.4,0.5,0.1,0.02,1.0,False,"{""angle_deg"": 15.0, ""type"": ""ramp""}",,,14.999999999999998,,-5.45,-1.4,0.17940952255126036,-5.458661501411906,-1.4005030641966167,2.349198923228098,20574,24620,2286,46,116.31880766180055,0.9690165267139272,wave,0.0245,1144,True,False,,20.059999999999945,40.816326530612244,20.059999999999945,0.5002199170660859,0.024936187291430073,1.017803562915513,-0.0017211035384822188,-0.4264030269738916,0.45923409053983355,15.032588898212552,15.346161149696528,0.2994296080254657,-0.45385334620166967,-15.032435875819516,15.346161149696528,0.7117000634302629,0.13808552749498168,0.30295525351747044,1.118267284710061,6.292974251957729e-12,-1.435789558026947e-10,0.07835507574562998,0.13148110774403085,0.07960825603863926,0.0,0.0983604946095661,0.009835787374679264,3.153386454183267,5.205179282868526,5.0,102,0.001392280617769351,0.0008969018565740815,0.0026346049839383883,0.1828864546294946,14.802721872604074,0.7276075500294359,1.3769452265130366,37.724526753781824,3.2843912491253464,99.82952125001053,21.255027284705506,0.00149402390438247,0.8725718139710431,23.90607709509707,3.291685540893032,100.05123224598881,81.91574575084104,0.00298804780876494,1.4068231295908538,38.54309944084531,2.990393890125189,90.89343131079603,75.66389863718206,0.0
wave_r20_nopc_02,wave_r20_nopc,,capped,2,2481.453,2.4,0.5,0.1,0.02,1.0,False,"{""angle_deg"": 20.0, ""type"": ""ramp""}",,,20.0,,-5.45,-1.4,0.22101007166283437,-5.462384764524921,-1.401053941266295,-1.9102180379314486,20646,23872,2294,46,116.31790691202504,0.9696167077556763,wave,0.0245,1147,True,False,,20.11999999999989,40.816326530612244,20.11999999999989,0.5003087193366984,0.024866238535621327,1.0149485116580133,-0.0020443194148046517,-0.44716736080675806,0.8148409318141197,20.024371675274597,20.338539913471955,0.33901646404179314,0.8114345523291148,-20.024256836734423,20.338539913471955,1.152863121485843,0.1069880862084843,0.23276250265640383,1.2412387909344822,-1.640714503088921e-10,-2.717594891341335e-10,0.06851006336755422,0.12529343901578696,0.06954647220938978,0.0,0.09836049460534035,0.013917919420230764,3.1638530287984112,5.203574975173783,5.0,103,0.0013696176320511623,0.0009064900892249032,0.0025612573042887556,0.1866201658148308,14.808140254433921,0.7277428992095478,1.3731873650617055,37.62157164552618,3.2843306029653867,99.82767790168349,25.71497023385453,0.00033101621979476995,0.8713233516410712,23.87187264770058,3.290109739465371,100.0033355460599,74.34201096477344,0.0014895729890764648,1.4021989707576108,38.41641015774276,3.2837617019271694,99.81038607681366,67.81046678757419,0.00016550810989738498
wave_r25_nopc_02,wave_r25_nopc,,capped,2,2568.8520000000003,2.4,0.5,0.1,0.02,1.0,False,"{""angle_deg"": 25.0, ""type"": ""ramp""}",,,25.0,,-5.45,-1.4,0.26130913087034974,-5.43107580018944,-1.4061889262212501,1.0275399671935836,20700,25065,2301,47,116.31866203537534,0.9663239812368375,wave,0.0245,1151,True,False,,20.179999999999836,40.816326530612244,20.179999999999836,0.5001077244428664,0.02478234511609864,1.0115242904530055,-0.0005085553127319262,-0.3357665355691068,0.5448217116678135,25.032832718344377,25.348257112662584,0.38905961754604457,-0.539380002851646,-25.03274569326336,25.348257112662584,0.8200611717790055,0.14372004303491476,0.379214994195428,1.4287168753593609,-1.0388835116963299e-10,-3.384413498735389e-10,0.05726780994831583,0.11840204031637702,0.05888561441116959,0.0,0.0983604946010945,0.020811519677832742,3.1643564356435645,5.202970297029703,5.0,102,0.0012898775265946583,0.0008634774464530243,0.003011281192353552,0.1761113641794264,15.152924034170693,0.7449923759769344,1.378722242614226,37.77321212641716,1.6410970500481012,49.881369302373905,30.718827401272378,0.0,0.8699913053199525,23.835378227943906,3.291109365936246,100.03371932936916,65.79170077215812,0.0013201320132013201,1.405950651232285,38.519195924172195,3.1062494673359833,94.41487742662564,63.885033965499574,0.0
tripod_r00_nopc_03,tripod_r00_nopc,,common,3,2655.114,0.95,0.5,0.1,0.02,1.0,False,"{""angle_deg"": 0.0, ""type"": ""ramp""}",,,0.0,,-5.45,-1.4,0.05,-5.434295364934675,-1.3817433394563348,-1.9786314994920535,21348,24034,2372,48,116.31817300675696,0.9680466112510951,tripod,0.025,1187,True,False,,22.300000000000182,40.0,22.300000000000182,0.5000691662507359,0.022424626289270486,0.8969850515708194,0.001087939688458637,0.11489330524844703,0.0015686617048981596,0.0005992768924970808,0.006191165579952623,0.16518615233545916,0.00013808701944937845,6.917043529975986e-05,0.0019180693497268522,0.006191165579952623,0.15830721132877687,0.03252485598037372,0.5206832973372214,-1.5343816740897783e-09,-1.025460700189398e-08,0.09948532659158267,0.1285309734682067,0.10005798222028706,0.0,0.09766803333622691,0.09851905044975785,3.14336917562724,3.815412186379928,3.0,144,0.00036432609395280175,0.0005693685305422875,0.0009583767908646079,0.16395506841695293,25.566800551742954,1.2570844374772723,0.3787889372883597,10.377779103790676,1.394182432630713,42.376365733456325,42.29298668885828,0.0,0.6705419803463072,18.3710131601728,3.2826990555069586,99.77808679352458,68.25548573616776,0.00044802867383512545,0.5776473490190864,15.825954767646206,3.1323640150412566,95.20863267602603,65.16539197040709,0.0
tripod_r05_nopc_03,tripod_r05_nopc,,common,3,2723.194,0.95,0.5,0.1,0.02,1.0,False,"{""angle_deg"": 5.0, ""type"": ""ramp""}",,,5.0,,-5.45,-1.4,0.09357787137382909,-5.430440694905701,-1.3814601553057624,2.9271170396758177,21349,27203,2372,48,116.31874633661123,0.9554073414596221,tripod,0.025,1187,True,False,,22.320000000000164,40.0,22.320000000000164,0.5004277638927345,0.022420598740713744,0.8968239496285497,0.0005644796424371448,-0.0485145215949975,0.2512724762409079,4.9936124339880985,4.994753982475236,0.21200253548543124,-0.25125077831284914,-4.993612397438512,4.994753982475236,0.2589555601087569,0.13568045268410878,0.0436130954753068,0.4844557027467428,-1.0477694858777436e-09,7.027661361647948e-10,0.0952468527818854,0.12125246546953315,0.09571852762932034,0.0,0.09766803333817142,0.09489844597356001,3.1405550581915844,3.7090420769919428,3.0,144,0.0003720556739693526,0.0005742273100698058,0.0010351678755176747,0.16523599391785374,24.84760080860823,1.2208490066022823,0.3787365068795848,10.3763426542352,1.2239940882118308,37.20346772680337,37.10648094137516,0.0,0.6758117726589604,18.51539103175234,3.2826076679286973,99.7753090555835,65.55235167073735,0.0004476275738585497,0.584369280418869,16.010117271749838,3.244328042493602,98.61179460466875,64.46118489798565,0.00014920919128618324
tripod_r10_nopc_03,tripod_r10_nopc,,common,3,2791.3120000000004,0.95,0.5,0.1,0.02,1.0,False,"{""angle_deg"": 10.0, ""type"": ""ramp""}",,,10.0,,-5.45,-1.4,0.13682408883346517,-5.460743908170485,-1.4173849051713312,-1.9876297574636588,21362,28446,2373,48,116.31812430233754,0.9658688021752747,tripod,0.025,1187,True,False,,22.31999999999971,40.0,22.31999999999971,0.5002749648796362,0.022413752906794027,0.8965501162717611,0.0009087590987577297,0.09858315945962265,0.3437478713852781,9.99411003003924,9.995974211790994,0.25170616548497116,0.34368248963201303,-9.994110010388004,9.995974211790994,0.35925413033297504,0.16679887804281102,0.07854812819272224,0.5474572646023651,-1.5790630762902644e-10,-1.0298989207295215e-09,0.08638604695638459,0.11309689195338711,0.08715469694927856,0.0,0.0976680333401038,0.08604529296041956,3.146821844225604,3.742166517457475,3.0,144,0.00037191332384858063,0.0005978673904212525,0.0010899826048663321,0.17209088521107352,24.31046088289302,1.19482107395882,0.379196368462433,10.388941601710494,1.0374085623152096,31.532175146358956,31.424001230029234,0.0,0.6719190082012423,18.408739950718967,3.282825310480687,99.78192433071996,62.27611520291318,0.000596836765144733,0.5812412575702135,15.924418015622287,3.290890264923914,100.02705972413112,63.53135217331361,0.0002984183825723665
tripod_r15_nopc_03,tripod_r15_nopc,,common,3,2859.876,0.95,0.5,0.1,0.02,1.0,False,"{""angle_deg"": 15.0, ""type"": ""ramp""}",,,14.999999999999998,,-5.45,-1.4,0.17940952255126036,-5.4682139405932055,-1.395083749052313,-0.04370112080338728,21348,24854,2372,48,116.31889003997513,0.9698030435624285,tripod,0.025,1187,True,False,,22.31999999999971,40.0,22.31999999999971,0.5002543968764456,0.022412831401274737,0.8965132560509894,0.0008538324471139229,0.013563635027671422,0.007687507554638573,14.999929163378273,15.001524869231181,0.29028274223709716,0.0029743467125786212,-14.999929152082114,15.001524869231181,0.01771998456810639,0.15787802016803038,0.10527483780867426,0.54656145926314,6.876932186407401e-10,-1.4687631978198263e-09,0.07741352217628032,0.10276437017137421,0.07794438105789232,0.0,0.09766803334202918,0.07711498521898912,3.1405550581915844,3.730528200537153,3.0,144,0.0003792427696035902,0.0006200045811868136,0.0011492955789433506,0.1784702546161593,23.404532499191276,1.1503436372846019,0.3778667910888645,10.352514824352452,0.839403996315781,25.513799280114924,25.451496054257976,0.0,0.6708119058603044,18.378408379734363,2.742836776866732,83.36889899290978,58.87816923888656,0.0,0.576867651159171,15.804593182443043,2.2991311987941314,69.88240725818028,62.20669397086137,0.0
tripod_r20_nopc_03,tripod_r20_nopc,,common,3,2928.518,0.95,0.5,0.1,0.02,1.0,False,"{""angle_deg"": 20.0, ""type"": ""ramp""}",,,20.0,,-5.45,-1.4,0.22101007166283437,-5.443633871051797,-1.3826933112100817,-0.880247361158502,21420,26348,2380,48,116.31790987087548,0.9682748832700812,tripod,0.025,1191,True,False,,22.40000000000009,40.0,22.40000000000009,0.5003700812136306,0.022337950054179847,0.8935180021671938,0.0011110088184930408,0.11245912301599857,0.31325117802924946,19.997607068119827,19.99843368741755,0.3370097141788361,0.3130610236241986,-19.997607059126132,19.99843368741755,0.3386078323770178,0.12366797017409023,0.08045708736651755,0.48441441345091085,5.013869157935799e-10,-5.404134627988271e-09,0.06730784562428915,0.09152605442556519,0.06796313743278862,0.0,0.09766803334395932,0.06704638214287309,3.1471900089206066,3.7154326494201606,3.0,144,0.0003438961688128887,0.000641498470245382,0.0011856300613729666,0.18461445533331003,22.83491039414789,1.1220858075937987,0.3800879706192908,10.413369058062761,0.648212497857292,19.70250753365629,19.609431855875556,0.0,0.6680054733768629,18.301519818544186,3.2816253390780896,99.74545103580819,55.05418040367669,0.0001486767766874814,0.5805415939285258,15.905249148726734,3.290816963159059,100.02483170696227,59.96829747378773,0.0001486767766874814
tripod_r25_nopc_03,tripod_r25_nopc,,common,3,3002.2780000000002,0.95,0.5,0.1,0.02,1.0,False,"{""angle_deg"": 25.0, ""type"": ""ramp""}",,,25.0,,-5.45,-1.4,0.26130913087034974,-5.445292300780715,-1.413650102495984,-1.4576936345938771,22716,28096,2524,51,116.3186676832976,0.9677532030928285,tripod,0.025,1263,True,False,,23.800000000000182,40.0,23.800000000000182,0.5002197532517981,0.02101763669125186,0.8407054676500744,0.0017347022594545146,0.27158510073984465,0.6134356787551793,24.99288825294756,24.994803561947343,0.37278156682082614,0.6123864895136344,-24.992888231711206,24.994803561947343,0.6895035221926522,0.11950849838475534,0.1030004108375702,0.48262942070963805,-1.3083594532817587e-09,-5.703808762912311e-09,0.05666004888862062,0.08039200554790915,0.05725025158582191,0.0,0.09766803334591542,0.05641294339914634,3.141057934508816,3.7246011754827877,3.0,153,0.0004829676363565614,0.0009571422587407991,0.0015058094000049002,0.2927550964351948,21.610967837180674,1.062257804771594,0.3771251190303021,10.332195041926086,0.6837860112710983,20.78376933954706,12.414368710041256,0.0,0.6672974324063958,18.282121435791666,3.2816104860260604,99.7449995752602,50.03265043641343,0.0001399384270920795,0.5795188413622447,15.877228530472458,3.275637421214459,99.56344745332702,57.06639182829575,0.000279876854184159
ripple_r00_nopc_03,ripple_r00_nopc,,common,3,3073.731,1.3,0.5,0.1,0.02,1.0,False,"{""angle_deg"": 0.0, ""type"": ""ramp""}",,,0.0,,-5.45,-1.4,0.05,-5.43707718227348,-1.401717647934755,-1.3369801952460112,19224,20412,2136,43,116.31817345275392,0.9790139173460913,ripple,0.025,1068,True,False,,19.659999999999854,40.0,19.659999999999854,0.500417806204812,0.025453601536358887,1.0181440614543553,0.0008067815438817464,0.05844565136381124,0.07288769054105897,0.061692896514839064,0.2289491749450912,0.16621715100474088,0.004767087696763396,0.007722666797443381,0.19113997658861098,0.2289491749450912,0.14342023748249375,0.3048382372660259,0.8632378095388387,1.7258280002622744e-10,-5.534224139594787e-09,0.10243524424825921,0.11259524073991356,0.1032363634707215,0.0,0.10069576712414213,-0.004522051638380263,2.75,4.395325203252033,4.0,93,0.000592818898064193,0.0003407496493950922,0.0006552584349040181,0.06332643606263204,20.882043454133374,1.026027137259098,0.6386788130641131,17.498049672989403,2.03627674838507,61.89291028526048,39.91322424920804,0.0,0.7259341315561605,19.888606344004398,3.2945036649854975,100.136889513237,67.39699805667188,0.018462059620596206,0.7887180570264343,21.608713891135185,3.2966519784768864,100.20218779565005,83.33706375220395,0.0023712737127371273
ripple_r05_nopc_03,ripple_r05_nopc,,common,3,3136.739,1.3,0.5,0.1,0.02,1.0,False,"{""angle_deg"": 5.0, ""type"": ""ramp""}",,,5.0,,-5.45,-1.4,0.09357787137382909,-5.467648750119588,-1.4084308575941087,-1.060523471014152,19350,23394,2150,44,116.31882086455168,0.9686621282625022,ripple,0.025,1076,True,False,,19.800000000000182,40.0,19.800000000000182,0.5004894772514719,0.02527724632583168,1.0110898530332673,0.0009239267530664671,0.056196256686279984,0.11998803384348507,5.026352461828325,5.178143807467117,0.2096595643982933,0.09205297325291113,-5.026045903478645,5.178143807467117,0.320252312061633,0.1556890957648066,0.3381449767612267,0.8247065576559355,-3.855180635699979e-10,-6.170953919410786e-10,0.09761356567390449,0.11108901171357144,0.09857859277273234,0.0,0.10067186691406194,-0.0055783501097102116,2.94853683148335,4.36226034308779,4.0,125,0.000747758267231016,0.0004581967873315832,0.0015185700560975924,0.1144369728744714,20.199180246579527,0.9923325210557378,0.6410671209967792,17.563482767035048,1.2517060981080865,38.04577805799655,35.01695352309185,0.0,0.730290367810888,20.00795528249008,3.2913660901826,100.04152249795136,64.71851360813378,0.015472586612848975,0.7785141826386974,21.329155688731436,2.88153031175306,87.58450795602006,78.28214511570317,0.0
ripple_r10_nopc_03,ripple_r10_nopc,,common,3,3206.98,1.3,0.5,0.1,0.02,1.0,False,"{""angle_deg"": 10.0, ""type"": ""ramp""}",,,10.0,,-5.45,-1.4,0.13682408883346517,-5.4579807462763315,-1.4177409375148926,1.5335138230073238,19386,23119,2154,44,116.31840836814082,0.9678317436622922,ripple,0.025,1078,True,False,,19.83999999999969,40.0,19.83999999999969,0.5004643623662749,0.02522501826442957,1.0090007305771826,0.0011529963957823963,-0.054813861806661535,0.28686266439138375,10.025797412916287,10.180933561061934,0.2540087288045046,-0.2761510326229648,-10.025650019622834,10.180933561061934,0.5211731569802243,0.1396987761402596,0.15617612736602898,0.62950493210696,-1.1721076425373184e-10,-5.852019786571356e-10,0.0888677623844226,0.10872494575535321,0.08962467653296503,0.0,0.10069576712364058,-0.010879805705364686,3.0715005035246725,4.366565961732125,4.0,100,0.0009976109207489876,0.0005773321334226564,0.0010144670250519078,0.1153589821700271,19.174755509038963,0.9420516005062279,0.6369823416491179,17.451571004085423,1.7460591194615918,53.071705758711,29.788302144099255,0.0,0.7286335566800856,19.962563196714672,3.2911787164645783,100.03582724816347,61.394277214270616,0.0011748909029875797,0.781395296672399,21.408090319791754,3.2829705165001095,99.78633788754131,72.05894865736354,0.0005035246727089627
ripple_r15_nopc_03,ripple_r15_nopc,,common,3,3279.02,1.3,0.5,0.1,0.02,1.0,False,"{""angle_deg"": 15.0, ""type"": ""ramp""}",,,14.999999999999998,,-5.45,-1.4,0.17940952255126036,-5.469127992211445,-1.4071032736596119,1.674383116782081,19386,22120,2154,44,116.31914656103764,0.971788423277908,ripple,0.025,1078,True,False,,19.859999999999673,40.0,19.859999999999673,0.5004096840585658,0.025196862238598895,1.0078744895439558,0.0007156836209423704,-0.07921852082146232,0.43567109012678,15.022725302862137,15.178084727187443,0.29174713786302825,-0.42885504317075573,-15.022628884666041,15.178084727187443,0.6755019815756004,0.09746990400394293,0.37165478771510835,0.8172720839074362,2.585782180992494e-09,-3.009680826124732e-09,0.07941491338624977,0.10561585656049378,0.08035891373958566,0.0,0.1006957671233792,0.011160123516674727,3.0925553319919517,4.371227364185111,4.0,94,0.0010488938103490036,0.000620761987543629,0.0010857264261245633,0.11660758970970228,18.3256390066011,0.9004345457202042,0.6368785904719771,17.448728506081565,1.5705197261082067,47.73616188778743,24.321833916422197,0.0,0.7308823291130153,20.024173400356585,3.1242892425154087,94.96319886065072,57.7796261956886,0.0,0.7789478934403969,21.34103817644923,3.1804403237043006,96.66991865362615,65.13944418614442,0.0
ripple_r20_nopc_03,ripple_r20_nopc,,common,3,3351.8190000000004,1.3,0.5,0.1,0.02,1.0,False,"{""angle_deg"": 20.0, ""type"": ""ramp""}",,,20.0,,-5.45,-1.4,0.22101007166283437,-5.467986042965052,-1.399115418557061,-1.455465502011924,19440,23569,2160,44,116.31790077733231,0.9698826278998774,ripple,0.025,1081,True,False,,19.90000000000009,40.0,19.90000000000009,0.5001175391570463,0.025131534631007237,1.0052613852402894,0.0012821050561146932,0.09175349675101081,0.5192407550149735,20.022229403932233,20.17760938463243,0.33033790936534596,0.5136739582299029,-20.022157794902686,20.17760938463243,0.7570962608482293,0.12103877705780154,0.2664483342202345,0.5489939563954401,-7.683158341493874e-10,-3.079868102651241e-09,0.06907463595878893,0.10160144482554048,0.07042705866160931,0.0,0.10067186688660587,0.016243670592636473,3.0913654618473894,4.355421686746988,4.0,94,0.0010023002661916794,0.000596016634171152,0.0009972281505037106,0.11202442450668101,17.827476857398928,0.8764669416113222,0.6363820604337794,17.435124943391216,3.0782721012158603,93.56450155671307,23.09699197767644,0.0,0.7287486694751865,19.965716971922916,3.2948926211764267,100.14871188986099,54.05646181025013,0.0025100401606425703,0.7883908526974348,21.599749388970817,3.283361955187999,99.79823571999997,59.90059229012339,0.002175368139223561
ripple_r25_nopc_03,ripple_r25_nopc,,common,3,3426.7520000000004,1.3,0.5,0.1,0.02,1.0,False,"{""angle_deg"": 25.0, ""type"": ""ramp""}",,,25.0,,-5.45,-1.4,0.26130913087034974,-5.457913013379848,-1.3821883229185699,-2.3454589264775025,19800,23520,2201,45,116.31866867797841,0.9695377180740029,ripple,0.025,1101,True,False,,20.300000000000182,40.0,20.300000000000182,0.500275146674056,0.024644095895273475,0.985763835810939,0.0002850076614170083,0.07255517336035178,1.0585188917718704,25.008183382472925,25.16115497781993,0.3708097576882623,1.056243232707563,-25.008126065370277,25.16115497781993,1.2801292326208207,0.15989864299362433,0.2357152304493152,0.5855405930039642,-2.3056858836822705e-10,-4.7459197927844845e-09,0.05809010763956242,0.09657993614034743,0.05942176832421604,0.0,0.10069576712282821,0.02128555474033229,3.091535433070866,4.362204724409449,4.0,96,0.000940318916909467,0.0006889998622438366,0.0013092499363087148,0.13221518795844187,16.582418456533837,0.8150007725282332,0.6352250395426327,17.403425740894047,1.6480400088701104,50.09240148541369,26.473561538627905,0.0,0.724026354268885,19.836338473120136,3.294247519571145,100.12910393833268,48.48000108605648,0.0026246719160104987,0.7868956165646361,21.55878401546948,3.2834158092254,99.79987262083283,53.98270947616058,0.0024606299212598425
wave_r00_nopc_03,wave_r00_nopc,,capped,3,3505.5600000000004,2.4,0.5,0.1,0.02,1.0,False,"{""angle_deg"": 0.0, ""type"": ""ramp""}",,,0.0,,-5.45,-1.4,0.05,-5.456199109208276,-1.4003002014556856,-2.5773056367727105,20358,23323,2262,46,116.31774000139023,0.9769462469855915,wave,0.0245,1132,True,False,,19.820000000000164,40.816326530612244,19.820000000000164,0.500536409751267,0.02525410745465504,1.030779896108369,0.0031487506841942174,0.3175397537916528,0.04207530558742054,0.05121228924467238,0.23411787477770798,0.16627967061591362,-0.006457817783783308,0.01291451910132842,0.23411787477770798,0.23411787477770798,0.15420236716514582,0.18962304094200638,0.753747154467997,-6.573465081095298e-16,-1.555365681199776e-14,0.09968599349341593,0.1379280614936125,0.1014382516225623,0.0,0.09838081715117494,-0.005972391077490533,2.931451612903226,5.207661290322581,5.0,123,0.0006029385244895039,0.0003511002181653234,0.0016824715928606313,0.08627638573272907,15.2169558107885,0.7474853470080784,1.371961072258137,37.58797458241472,1.8996303861058996,57.73952541355318,13.101144690615874,0.0,0.867030775008347,23.754267808447864,3.2912145421710868,100.03691617541297,99.99261141637128,0.10483870967741936,1.3973007635344807,38.28221269957482,3.297793365434916,100.2368804083561,89.26147739697812,0.0006720430107526882
wave_r05_nopc_03,wave_r05_nopc,,capped,3,3571.342,2.4,0.5,0.1,0.02,1.0,False,"{""angle_deg"": 5.0, ""type"": ""ramp""}",,,5.0,,-5.45,-1.4,0.09357787137382909,-5.451498573129793,-1.4105309218172675,-2.0070929991799096,20520,23757,2280,46,116.31879706452688,0.9710132199576987,wave,0.0245,1141,True,False,,19.979999999999563,40.816326530612244,19.979999999999563,0.5001273760903024,0.02503140020472039,1.0216898042743014,-0.0017761156949589636,-0.3595330779047048,0.22044817104150566,5.0341260384723645,5.305314591555752,0.2128991546523268,0.21045321915099444,-5.03366646700739,5.305314591555752,0.5196727093686024,0.19086922200853132,0.1643222439838943,0.7159139458220325,-1.819590524385522e-10,-1.184290482899346e-10,0.09576624836846168,0.13650195167266013,0.09727136968375133,0.0,0.09840386518672185,-0.007823341390676235,3.062,5.198,5.0,121,0.0010893707464551703,0.0008063020411169497,0.0034315563625603672,0.1950741671872499,14.636109785863052,0.7195508025294894,1.3749640688107974,37.670248460569795,1.2373070564677775,37.608117217865576,13.471864151082086,0.0,0.879527064313252,24.096631898993206,3.291332338170183,100.04049660091742,97.32328278354188,0.04616666666666667,1.4044643796653962,38.478476155216335,3.2955051080738436,100.16732851288278,86.01084367658478,0.00016666666666666666
wave_r10_nopc_03,wave_r10_nopc,,capped,3,3645.277,2.4,0.5,0.1,0.02,1.0,False,"{""angle_deg"": 10.0, ""type"": ""ramp""}",,,10.0,,-5.45,-1.4,0.13682408883346517,-5.454821755988314,-1.4043343622870612,1.3707448528897213,20538,25795,2282,46,116.31832608951613,0.9692609684888732,wave,0.0245,1142,True,False,,20.0,40.816326530612244,20.0,0.500006794966227,0.02500033974831135,1.0204220305433205,-0.001456824546723948,-0.37594349432152857,0.16158899507366686,10.037083935088411,10.312043574725248,0.25704056795216734,-0.1466399254950349,-10.036869261969478,10.312043574725248,0.40582792273050805,0.17191981871980594,0.17833255570870662,0.6895131228137024,-4.393577631357152e-11,-9.856437657220786e-11,0.08777180402520052,0.13421318630973986,0.08868704475131767,0.0,0.09840386518096582,0.004702435300988242,3.145854145854146,5.195804195804196,5.0,101,0.001413949717566096,0.0008979727157171647,0.0031153795040051446,0.18138725344851536,14.16499250761761,0.6965587794637638,1.3725598262495466,37.60437880135744,1.1546074478019135,35.094451300970015,16.47845655608669,0.0,0.8756703522628864,23.99096855514757,3.29123138128344,100.03742800253617,91.22664830465521,0.00333000333000333,1.4133198753852485,38.72109247630818,3.283875021882696,99.81383045236157,78.37739489077843,0.000333000333000333
wave_r15_nopc_03,wave_r15_nopc,,capped,3,3732.655,2.4,0.5,0.1,0.02,1.0,False,"{""angle_deg"": 15.0, ""type"": ""ramp""}",,,14.999999999999998,,-5.45,-1.4,0.17940952255126036,-5.450713011886976,-1.3936345897212323,0.26800628361293244,20592,24007,2287,46,116.31851807274249,0.9693031747922325,wave,0.0245,1144,True,False,,20.039999999999964,40.816326530612244,20.039999999999964,0.5000269662276465,0.02495144542054129,1.0184263436955627,-0.0012766231015266566,-0.3228484223822392,0.09639981297903064,15.037096971699679,15.308885027986062,0.30156460075992414,-0.06751268711242125,-15.036955833856203,15.308885027986062,0.33880554501991117,0.21376598120155688,0.20480841732889377,0.8371179212314959,-3.539425022601958e-11,-1.6856831719362147e-10,0.07858616209970062,0.1318683781091251,0.07960556003691895,0.0,0.09841246578994577,0.009828105684012338,3.152542372881356,5.202392821535394,5.0,102,0.001385053205783256,0.0009065872958361088,0.002972999054518635,0.18493323168001438,14.333200637940546,0.7048026201630592,1.3740951916995665,37.6464436082073,1.456091087215063,44.25808775729674,21.308221864266848,0.0,0.8670312268118546,23.754280186626154,3.2900099012594035,100.00030095013385,83.12284563688381,0.0004985044865403788,1.4039698986777958,38.464928730898514,2.8149611586498984,85.56112944224616,75.3146932129456,0.0
wave_r20_nopc_03,wave_r20_nopc,,capped,3,3820.7210000000005,2.4,0.5,0.1,0.02,1.0,False,"{""angle_deg"": 20.0, ""type"": ""ramp""}",,,20.0,,-5.45,-1.4,0.22101007166283437,-5.447892713892752,-1.3947037453421356,-0.0775602133897384,20646,24522,2294,46,116.31730531049408,0.9677965161211194,wave,0.0245,1148,True,False,,20.140000000000327,40.816326530612244,20.140000000000327,0.500455442257391,0.024848830300763798,1.014237971459747,-0.0007734906161981098,-0.3749690053309249,0.6568261400268947,20.030128682699015,20.29601086618442,0.34662205134377577,0.6526797522202787,-20.03001716443805,20.29601086618442,1.008790075693955,0.1950560039164961,0.11999135257946797,0.5821405492157479,4.1172320984728076e-15,-2.9275764661746296e-14,0.06868643484601318,0.12483538826838962,0.06965758963265746,0.0,0.09841246578287483,0.014310344826730319,3.169642857142857,5.2063492063492065,5.0,103,0.0013888236941399378,0.0009338995635740139,0.0032188740188953124,0.19220799863241708,14.523488261289888,0.7135496031816377,1.3741301779251616,37.64740213493593,1.449372576410659,44.05387770245164,25.578490620482082,0.0,0.8752123151564936,23.978419593328592,3.054014702193997,92.82719459556222,74.42928961411964,0.0,1.4029860308521884,38.43797344800517,2.7111191225962377,82.40483655307713,67.87791491799567,0.0
wave_r25_nopc_03,wave_r25_nopc,,capped,3,3910.5600000000004,2.4,0.5,0.1,0.02,1.0,False,"{""angle_deg"": 25.0, ""type"": ""ramp""}",,,25.0,,-5.45,-1.4,0.26130913087034974,-5.43743561967858,-1.3832968969435837,1.8999491454510549,20736,24438,2304,47,116.31866245655392,0.9646232053601294,wave,0.0245,1153,True,False,,20.199999999999818,40.816326530612244,20.199999999999818,0.5001229057162482,0.0247585596889234,1.010553456690751,-0.0005696911308257745,-0.29550002971936157,1.0423879369287474,25.015793062601137,25.28482485553906,0.3889823279088205,-1.0398446529983927,-25.01570865114405,25.28482485553906,1.320947455115622,0.25584562626851937,0.15923009537759583,0.78580509027156,-2.1630518193389043e-12,-3.6185738843299865e-10,0.0569474349822125,0.12016722410582217,0.058719104587562285,0.0,0.09841246578624888,0.020303426585123775,3.1760633036597428,5.202769535113749,5.0,104,0.0012572263779728151,0.0008664236361735326,0.002623897936165654,0.1801716978946645,14.941521932991158,0.7345763613566917,1.3725950899251156,37.60534492945523,1.7354129335704591,52.748113482384774,30.566712419114253,0.0,0.8741105619606198,23.948234574263555,2.958135032680147,89.91291892644824,65.79886948394035,0.0,1.404584417649003,38.481764867095976,2.653585558456705,80.65609600172355,64.02945373107315,0.0
tripod_r00_nopc_04,tripod_r00_nopc,,common,4,3996.3550000000005,0.95,0.5,0.1,0.02,1.0,False,"{""angle_deg"": 0.0, ""type"": ""ramp""}",,,0.0,,-5.45,-1.4,0.05,-5.467771811599115,-1.4011175461753724,2.1028810710295707,21348,25881,2372,48,116.31817354196606,0.9732366715586388,tripod,0.025,1187,True,False,,22.299999999999727,40.0,22.299999999999727,0.5001711052267902,0.022429197543802525,0.8971679017521009,0.00039234010968977953,-0.061397734763375025,0.0012760102628527614,0.0006833843522350107,0.006251305872076452,0.16516144082029136,-8.533620367264546e-05,1.9497686493637076e-05,0.0022868932940198314,0.006251305872076452,0.08187966193552686,0.026959991132724532,0.4256617133893039,-2.0849391675942563e-09,-9.537297379967502e-09,0.0995915716850028,0.12982141811170675,0.10015541361254006,0.0,0.0975955835911061,0.09849917288413959,3.1550179211469533,3.8557347670250897,3.0,144,0.0003449424460726688,0.000577096552859234,0.0009611391039728106,0.16614689888509956,25.483717567519577,1.2527465690960529,0.3804134804757851,10.422287136322879,3.2936277970568626,100.11026738774657,42.14393504991362,0.00044802867383512545,0.670392564750753,18.366919582212414,3.1485550644866906,95.70076183850124,68.39028127462248,0.0,0.5775126491361666,15.822264359894977,3.2889287441759993,99.96743903270516,65.2295607475252,0.00014934289127837514
tripod_r05_nopc_04,tripod_r05_nopc,,common,4,4068.8390000000004,0.95,0.5,0.1,0.02,1.0,False,"{""angle_deg"": 5.0, ""type"": ""ramp""}",,,5.0,,-5.45,-1.4,0.09357787137382909,-5.443635445004142,-1.4110666633910107,1.818930460902495,21348,26374,2372,48,116.31820331605326,0.967216962708022,tripod,0.025,1187,True,False,,22.299999999999727,40.0,22.299999999999727,0.5000188221975888,0.022422368708412327,0.8968947483364931,0.00042193945701293756,-0.062270652815579926,0.15713199371723754,4.997448540132767,4.999485188146522,0.21032001285851495,-0.15710557239281062,-4.997448501399443,4.999485188146522,0.16316535148142394,0.05059784661158263,0.036758615342605334,0.41067587899340496,-2.0317171011982497e-09,5.768877907106946e-10,0.095365460652781,0.12263638615152023,0.09583600203120222,0.0,0.09763318509163572,0.09500990396583828,3.1559139784946235,3.75089605734767,3.0,144,0.00036527097985360635,0.0005828595983803001,0.0010274300804887489,0.16785718509370504,24.806657579585995,1.219834506273495,0.3787802211924941,10.377540306643674,3.293597771766023,100.10935476492472,36.82977542388517,0.00014934289127837514,0.6660335579646949,18.247494738758764,3.282487651657959,99.7716611446188,65.70684631478275,0.0005973715651135006,0.5804731371017519,15.90337361922608,3.2889042942258127,99.966695873125,64.52500793382737,0.0002986857825567503
tripod_r10_nopc_04,tripod_r10_nopc,,common,4,4136.777,0.95,0.5,0.1,0.02,1.0,False,"{""angle_deg"": 10.0, ""type"": ""ramp""}",,,10.0,,-5.45,-1.4,0.13682408883346517,-5.466323921976657,-1.390804072197677,-2.354119487280079,21366,25357,2374,48,116.31779887257301,0.9684657108288808,tripod,0.025,1188,True,False,,22.32000000000062,40.0,22.32000000000062,0.500213872897416,0.022411015810815508,0.8964406324326203,0.0007455261273064673,0.059095641286085195,0.4058572105794437,9.991794845254752,9.993778479484467,0.2500075647851108,0.4057916753837818,-9.991794824184487,9.993778479484467,0.4221664666980619,0.05326624151485162,0.03622197017356059,0.4288748012324908,9.711874923515686e-10,8.027620899389016e-10,0.08637791246732461,0.11313832547073975,0.08716008132476998,0.0,0.09763318508827384,0.08602440615834414,3.1602506714413607,3.7430617726051927,3.0,144,0.00036963379498417524,0.0006008664425452316,0.0010823229074663685,0.17297535204910916,24.357273153459595,1.1972686725984005,0.37859649372467974,10.372506677388484,3.2936047134027726,100.10956575692319,31.478859268184582,0.0002984183825723665,0.6719236571236377,18.408867318455826,3.282468313874293,99.77107337003929,62.1963957815738,0.00014920919128618324,0.5802048785719048,15.896024070463145,2.1394648519477433,65.02932680692228,63.512731854954545,0.0
tripod_r15_nopc_04,tripod_r15_nopc,,common,4,4205.434,0.95,0.5,0.1,0.02,1.0,False,"{""angle_deg"": 15.0, ""type"": ""ramp""}",,,14.999999999999998,,-5.45,-1.4,0.17940952255126036,-5.467897261780142,-1.3982464896996878,1.0613642684209494,21348,25736,2372,48,116.31909338562609,0.9683527222657762,tripod,0.025,1187,True,False,,22.32000000000062,40.0,22.32000000000062,0.5003676037698239,0.02241790339470475,0.89671613578819,0.0009581220123507216,0.02247993738127802,0.2843655447731185,14.997311519724526,14.99984754005132,0.2897174847292163,-0.28428378867057197,-14.997311505950565,14.99984754005132,0.29664446727899524,0.08598634149062549,0.05517152777150169,0.4495837420525827,5.572988703299711e-10,-3.542779086706441e-09,0.07747659104672559,0.10320758731771566,0.07798231399956868,0.0,0.09763318508482167,0.0771864858776483,3.1602506714413607,3.746642793196061,3.0,144,0.0003704753645692154,0.0006223640450064891,0.0011442214660194621,0.17910883376826411,23.679943940844964,1.163616472257009,0.3778425071170351,10.351849510055755,3.293600798931325,100.10944677602812,25.529746597814032,0.0008952551477170994,0.6720885827471471,18.413385828688963,3.2825173486932875,99.77256379006953,58.93952795941318,0.0004476275738585497,0.580301935092115,15.89868315320863,3.288929983585618,99.96747670473002,62.24200703074661,0.0002984183825723665
tripod_r20_nopc_04,tripod_r20_nopc,,common,4,4273.962,0.95,0.5,0.1,0.02,1.0,False,"{""angle_deg"": 20.0, ""type"": ""ramp""}",,,20.0,,-5.45,-1.4,0.22101007166283437,-5.457840434916769,-1.4053885917788935,0.7175122223645021,21420,26329,2380,48,116.31759056939936,0.9677977018946047,tripod,0.025,1191,True,False,,22.38000000000011,40.0,22.38000000000011,0.5000821345659141,0.022345046227252533,0.8938018490901013,0.0006846594869181688,-0.008719047232243992,0.24389974157911193,19.998555227989513,20.000892159771695,0.3311822655557245,-0.2437725484835295,-19.998555218200025,20.000892159771695,0.25797300468265666,0.08205952017212856,0.07187538549393965,0.4377381272012539,-4.985235285940006e-10,-4.915858569742335e-09,0.06777830405828314,0.09220056514373699,0.06812407771565211,0.0,0.09763318508148987,0.0675231016011831,3.1607142857142856,3.736607142857143,3.0,144,0.000334341601083962,0.0006409405057000383,0.0011843320215878365,0.18456037506895487,22.986473025474258,1.1301855864105266,0.38161302273008246,10.455151307673493,3.293596075603932,100.10930320984596,19.596930105425052,0.0008928571428571428,0.6668175943537666,18.26897518777443,3.2825073151100836,99.77225881793568,55.19796232210953,0.0004464285714285714,0.5790146420223258,15.863414849926734,2.0172373928921674,61.31420647088655,60.092930952935475,0.0
tripod_r25_nopc_04,tripod_r25_nopc,,common,4,4352.036,0.95,0.5,0.1,0.02,1.0,False,"{""angle_deg"": 25.0, ""type"": ""ramp""}",,,25.0,,-5.45,-1.4,0.26130913087034974,-5.441364974366611,-1.401831773215966,-1.3079819087070195,22734,26314,2526,51,116.31866448570467,0.9696259008345872,tripod,0.025,1264,True,False,,23.81999999999971,40.0,23.81999999999971,0.5001680838019599,0.020997820478671957,0.8399128191468782,0.001497311351103068,0.2365831807343271,0.53478261476079,24.994579838664734,24.997377583333055,0.3744408782547908,0.5336970204691032,-24.99457982127147,24.997377583333055,0.6074731771505579,0.04800077493853208,0.051311780291113815,0.42720423118406015,-6.921128125772053e-10,-6.026921377346544e-09,0.05674823403331708,0.08098678402385728,0.057339262235734594,0.0,0.0976331850780377,0.05650437254944061,3.1635906040268456,3.75,3.0,150,0.0004965746514707509,0.0009765761471428277,0.0015241599837470504,0.2928729170155718,21.590656328184117,1.061370120467683,0.37775930312917205,10.34956994874444,3.2868232154628663,99.90344119947922,12.443673884223479,0.00013982102908277405,0.6725703883484762,18.426585982150034,3.2826666346521884,99.77710135720938,49.93693298106967,0.0005592841163310962,0.5762353796704411,15.787270675902498,2.0467922863927988,62.21253150130087,57.06376265011545,0.0
ripple_r00_nopc_04,ripple_r00_nopc,,common,4,4427.653,1.3,0.5,0.1,0.02,1.0,False,"{""angle_deg"": 0.0, ""type"": ""ramp""}",,,0.0,,-5.45,-1.4,0.05,-5.435012670673156,-1.4119263872807397,1.8256971265264184,19224,20955,2137,43,116.31817297802192,0.9789925208529286,ripple,0.025,1069,True,False,,19.659999999999854,40.0,19.659999999999854,0.5001725707883102,0.025441127710494095,1.0176451084197637,8.287919140057866e-05,-0.05685487775526043,0.07315194237471644,0.061946713518683395,0.22050666162683139,0.16622081803935085,-0.0037657230974507375,0.008250533882882332,0.18209636646673522,0.22050666162683139,0.29816326207387667,0.30928297063759064,1.0422020511655177,2.596874874222965e-10,-5.441802000756096e-09,0.10253041673293518,0.11251779921137806,0.10329035222708002,0.0,0.10078730948454977,-0.004641304488535961,2.758130081300813,4.404471544715447,4.0,92,0.0005988590070894757,0.00034449048543617404,0.0006687125332373985,0.06336437876847183,20.560985660287507,1.0107487760648082,0.6354345705937025,17.409166317635684,2.011419055732365,61.13735731709316,39.96254399067881,0.0,0.7294869157348267,19.98594289684457,3.2939229687240585,100.11923917094403,67.06988566789379,0.013888888888888888,0.7850388892116655,21.507914772922344,3.2957941226447454,100.1761131502962,82.6468664354888,0.002540650406504065
ripple_r05_nopc_04,ripple_r05_nopc,,common,4,4499.735000000001,1.3,0.5,0.1,0.02,1.0,False,"{""angle_deg"": 5.0, ""type"": ""ramp""}",,,5.0,,-5.45,-1.4,0.09357787137382909,-5.440069158265629,-1.3847621161973047,2.5235031118925004,19368,21992,2152,44,116.31841525571099,0.9695074804799553,ripple,0.025,1076,True,False,,19.800000000000182,40.0,19.800000000000182,0.5001643523297502,0.025260825875239677,1.010433035009587,0.0006886596716052483,-0.08561067601983449,0.22648321787177383,5.022325214527938,5.186598558239768,0.21218833581584712,-0.21288799109931195,-5.022015318739279,5.186598558239768,0.43323593660022613,0.2644143338244919,0.16212864551580008,0.6177342507423255,-1.1386630592763895e-09,-8.304906937283738e-10,0.0977830820161578,0.11143536800923484,0.09874134622947273,0.0,0.10078730949959415,-0.005221518325646731,3.005045408678103,4.375378405650857,4.0,124,0.0007838703383416554,0.00047571784792530176,0.001264313299358666,0.11793914718000402,20.020400511520087,0.9841896309643883,0.6354584135103678,17.409819548229255,1.7889278653497416,54.374707153487584,34.75716754284475,0.0,0.7300943286875461,20.002584347604003,3.2912146628706433,100.0369198440925,64.50596068191095,0.011436259670366633,0.7846954676600572,21.49850596328924,3.115335005313695,94.69103359616093,78.44137260550747,0.0
ripple_r10_nopc_04,ripple_r10_nopc,,common,4,4565.218,1.3,0.5,0.1,0.02,1.0,False,"{""angle_deg"": 10.0, ""type"": ""ramp""}",,,10.0,,-5.45,-1.4,0.13682408883346517,-5.461846828369508,-1.4111214024833802,1.8315419460087972,19368,22470,2152,44,116.31817886595776,0.9685000595450143,ripple,0.025,1077,True,False,,19.81999999999971,40.0,19.81999999999971,0.5003527257461499,0.02524483984592115,1.0097935938368459,0.00027058989687534993,-0.06635384062072597,0.3475791750019276,10.023836927425798,10.182849547113513,0.25322043302067676,-0.3388424266236395,-10.023690535455051,10.182849547113513,0.5613347946256368,0.26514762873548225,0.14467434955988207,0.7797560347376823,2.149055918952576e-10,-9.689192061880339e-10,0.08895640895329794,0.10922431327782448,0.08983713916233534,0.0,0.1007873095158458,-0.011000023180798263,3.1169354838709675,4.382056451612903,4.0,97,0.0010412041647634603,0.0006410911218324854,0.001287893841542068,0.12428398206048889,18.753911589076303,0.9215835168298783,0.6324159465748742,17.32646428972258,1.7445625296504692,53.02621670670119,29.714431536556077,0.0,0.7319746466277499,20.054099907609586,3.2910430408174633,100.03170336831197,61.328726828282086,0.0030241935483870967,0.7813454751591594,21.406725346826285,3.2273408404716797,98.09546627573495,71.79733760705295,0.00016801075268817206
ripple_r15_nopc_04,ripple_r15_nopc,,common,4,4632.8,1.3,0.5,0.1,0.02,1.0,False,"{""angle_deg"": 15.0, ""type"": ""ramp""}",,,14.999999999999998,,-5.45,-1.4,0.17940952255126036,-5.454975985273039,-1.3804579307119849,1.4164132952684747,19404,23593,2156,44,116.31886766332988,0.9696605126427635,ripple,0.025,1079,True,False,,19.8799999999992,40.0,19.8799999999992,0.5005368457200544,0.025177909744470553,1.007116389778822,0.0012720545768261197,-0.03750266992441738,0.38563630078678607,15.024683314263882,15.184715529192582,0.2960133963971202,-0.3777586808481915,-15.02458456044477,15.184715529192582,0.599081292347604,0.2705705712617397,0.11100932262031596,0.5961765636505374,2.441337914629212e-10,-1.3667731813900825e-09,0.07960249285524855,0.1056756114441543,0.08047003257356068,0.0,0.10078730953228983,0.011308608112984998,3.120603015075377,4.3678391959799,4.0,93,0.0010801576073679062,0.0006373945422941639,0.0009933484531577013,0.11842784682639251,18.032882868736774,0.8858228472351085,0.6380797393897948,17.481636695610817,1.5944159204459742,48.46248998316031,24.326305236293926,0.0,0.7295741438780167,19.988332708986757,3.1714210609280737,96.39577692790498,57.71602674723375,0.0,0.7818704814826594,21.421109081716693,3.1381411530124272,95.38422957484582,65.21595691632365,0.0
ripple_r20_nopc_04,ripple_r20_nopc,,common,4,4700.749000000001,1.3,0.5,0.1,0.02,1.0,False,"{""angle_deg"": 20.0, ""type"": ""ramp""}",,,20.0,,-5.45,-1.4,0.22101007166283437,-5.469460329198225,-1.3837183834030087,-1.5812063405884575,19440,22859,2161,44,116.31790576571343,0.9637829128555334,ripple,0.025,1082,True,False,,19.919999999999163,40.0,19.919999999999163,0.5005636666009725,0.025128698122539837,1.0051479249015933,0.0016532387720707298,0.11562707483163485,0.540568001204957,20.02256358805404,20.182751735646843,0.3302429790705627,0.5348895817467381,-20.022489470134836,20.182751735646843,0.8015415851059307,0.25420119750291154,0.09666992074615421,0.46828008127332554,-2.472755092815202e-10,-2.885394118248354e-09,0.06919310183576079,0.10234629587538042,0.07054573893094783,0.0,0.10078730954900159,0.01595360326930821,3.1334002006018054,4.3841524573721165,4.0,94,0.0010586430931884025,0.0006599215817696928,0.0009968532481930482,0.12392487595896265,17.202938762462054,0.84500664177495,0.6329369860263724,17.340739343188282,1.4944372458289703,45.42362449328177,22.98886938515729,0.0,0.7258966819573485,19.887580327598588,2.707170583194033,82.28482015787334,53.77453071818302,0.0,0.7821201038052423,21.427948049458696,3.0088256942032037,91.4536685168147,59.85939720195361,0.0
ripple_r25_nopc_04,ripple_r25_nopc,,common,4,4775.057000000001,1.3,0.5,0.1,0.02,1.0,False,"{""angle_deg"": 25.0, ""type"": ""ramp""}",,,25.0,,-5.45,-1.4,0.26130913087034974,-5.448138716275045,-1.3820083319582308,2.183452146039784,19818,22967,2202,45,116.31866875939261,0.9682622108586456,ripple,0.025,1102,True,False,,20.32000000000062,40.0,20.32000000000062,0.5003460056497882,0.02462332704969355,0.9849330819877419,0.0003255226784320206,-0.05327919962331279,0.9945357313596358,25.010491639255463,25.16980621637237,0.37558691227621954,-0.9921376735332721,-25.010433402055035,25.16980621637237,1.194637154900226,0.25374499427649794,0.10694298988280236,0.4513572694572514,5.643138631958429e-10,-9.319617443783022e-10,0.05871100859394378,0.0969052808014979,0.06003104751009046,0.0,0.1007873095665633,0.02204670442427232,3.1376597836774827,4.371681415929204,4.0,96,0.0009790690844003538,0.0007051062316968513,0.0013321369879004037,0.13528673659560497,16.130140573311575,0.7926596633260584,0.6405126013574103,17.54829044814823,1.4629195257816487,44.46563908150908,25.502748337482267,0.0,0.7280387591545279,19.946267374096657,2.575571778443802,78.28485648765356,48.55583886763031,0.0,0.7815990935730953,21.41367379652316,2.7755484983893757,84.36317624283816,53.839792789415796,0.0
wave_r00_nopc_04,wave_r00_nopc,,capped,4,4853.144,2.4,0.5,0.1,0.02,1.0,False,"{""angle_deg"": 0.0, ""type"": ""ramp""}",,,0.0,,-5.45,-1.4,0.05,-5.449078516691782,-1.4070010929519758,2.9997485188682678,20376,22485,2264,46,116.31754006478647,0.9746940073863972,wave,0.0245,1132,True,False,,19.839999999999236,40.816326530612244,19.839999999999236,0.5001570094167079,0.025209526684310847,1.0289602728290141,0.0016837045741456714,0.23041313043123413,0.04269791159431992,0.05089390261795379,0.24293136663179238,0.1662732272893361,-0.005903214088504173,0.014966147827907674,0.24293136663179238,0.24293136663179238,0.2299897140983952,0.2281312157008387,0.8748851595566239,4.017391224691588e-15,-7.069850263243769e-14,0.09963126872709116,0.13747612818845875,0.10165875544211118,0.0,0.09837608561002871,-0.006050585963178595,2.9425981873111784,5.20845921450151,5.0,122,0.0006573051645288019,0.0003869677301255373,0.002013417123911536,0.09438995093306873,15.01228239420806,0.7380012142342945,1.3763835374610702,37.70913801263206,3.2950027060460942,100.15205793453173,12.865125509212088,0.00016784155756965425,0.8759319293076248,23.998135049523967,3.291427230199963,100.04338085714174,99.9956726082856,0.10506881503860356,1.4158831935660627,38.79132037167295,3.2979975589080004,100.24308689689971,89.15647913634653,0.0005035246727089627
wave_r05_nopc_04,wave_r05_nopc,,capped,4,4918.752,2.4,0.5,0.1,0.02,1.0,False,"{""angle_deg"": 5.0, ""type"": ""ramp""}",,,5.0,,-5.45,-1.4,0.09357787137382909,-5.4424430670968755,-1.4158397379007794,0.22073286256845348,20502,24612,2279,46,116.31800640912374,0.9701753053209557,wave,0.0245,1140,True,False,,19.980000000000473,40.816326530612244,19.980000000000473,0.5004080902616576,0.025045449963045332,1.0222632637977687,-0.0011690007550493435,-0.33759103385095984,0.06636168028238616,5.036751103327238,5.345063362000215,0.21316919292565814,0.012406359172303974,-5.036317181450071,5.345063362000215,0.3450633620002152,0.10418614720079873,0.2874626599743944,0.9337125553236769,-1.3550560865061883e-11,-7.139028349525237e-11,0.09598735099767744,0.13627045442615293,0.09731663922402917,0.0,0.09837608561435607,-0.005378902175191947,3.094,5.19,5.0,131,0.0010244685157218079,0.000776169992843261,0.003342118807367792,0.2031901433401538,14.664916340407018,0.7205651497904303,1.3820632656239633,37.86474700339625,1.3288910575025863,40.39182545600566,13.622113633613642,0.0,0.8706220763837407,23.852659626951798,3.291426649371505,100.0433632027813,97.51138271001132,0.034166666666666665,1.413910820872182,38.73728276362142,3.283799507834306,99.81153519253208,84.61966419978354,0.00016666666666666666
wave_r10_nopc_04,wave_r10_nopc,,capped,4,5006.742,2.4,0.5,0.1,0.02,1.0,False,"{""angle_deg"": 10.0, ""type"": ""ramp""}",,,10.0,,-5.45,-1.4,0.13682408883346517,-5.467897075297758,-1.4068018996290907,1.4736991581609258,20556,23869,2284,46,116.318283820159,0.970245699316527,wave,0.0245,1143,True,False,,20.020000000000437,40.816326530612244,20.020000000000437,0.500469008174061,0.02499845195674576,1.0203449778263576,-0.0012354647675429514,-0.359828949133223,0.16640933319106818,10.03677205694005,10.344690756641805,0.2544802797506254,-0.15231844018922877,-10.036554294771216,10.344690756641805,0.40178749848672396,0.14148189241262046,0.30926709436732486,0.9013575087186431,-7.363555938079578e-11,-8.678371133080156e-11,0.08782845941571782,0.13432057731758348,0.0887116289341621,0.0,0.09837608561958879,0.004674970085059685,3.1457085828343314,5.196606786427146,5.0,104,0.001376263523821954,0.0008663347152277405,0.0029082319933683527,0.18002820229965988,14.370100015644393,0.7059930897851043,1.3863433303802757,37.9820090515144,1.6792001653418653,51.03951870340016,17.041692808684044,0.0,0.8705593281627947,23.850940497610814,3.2913358463076308,100.04060323123498,87.40646129508319,0.0026613439787092482,1.416760442715045,38.81535459493274,3.28173616252214,99.74881952954833,76.8526534775181,0.00016633399866932801
wave_r15_nopc_04,wave_r15_nopc,,capped,4,5096.917,2.4,0.5,0.1,0.02,1.0,False,"{""angle_deg"": 15.0, ""type"": ""ramp""}",,,14.999999999999998,,-5.45,-1.4,0.17940952255126036,-5.434725314300584,-1.4024500648351128,0.7458405602793317,20592,23323,2287,46,116.31883520874295,0.9684866333289888,wave,0.0245,1144,True,False,,20.0600000000004,40.816326530612244,20.0600000000004,0.5002461474013384,0.02493749488541019,1.0178569340983752,-0.0013985068500260902,-0.3288830142997847,0.36404475806484843,15.032247553953264,15.342450248023031,0.3066855235267686,-0.3578390934702921,-15.032104355132892,15.342450248023031,0.6133864664301978,0.10998391869703614,0.27840258633108056,0.8521652635780143,2.6352168798987353e-11,-1.1377004925308111e-11,0.07839793214426775,0.13079763304144074,0.07965165010048919,0.0,0.09837608562568936,0.009976756876372473,3.150398406374502,5.193227091633466,5.0,102,0.0013238994134770093,0.0008594068278794259,0.0027996004155302506,0.1752320417075991,14.333303815115155,0.7044984266072988,1.3701889998992347,37.539424654773555,1.4856126357951864,45.15539926429138,21.28375181548888,0.0,0.870242628922342,23.842263806091562,3.291281163790472,100.03894114864656,81.88508604159638,0.00016600265604249667,1.4140189396418412,38.740244921694284,2.935654479264828,89.22961943054187,74.84176345127305,0.0
wave_r20_nopc_04,wave_r20_nopc,,capped,4,5185.0070000000005,2.4,0.5,0.1,0.02,1.0,False,"{""angle_deg"": 20.0, ""type"": ""ramp""}",,,20.0,,-5.45,-1.4,0.22101007166283437,-5.461237340975281,-1.401844801726291,-2.1097091495930806,20628,23673,2292,46,116.3175468449563,0.9692766407585879,wave,0.0245,1146,True,False,,20.100000000000364,40.816326530612244,20.100000000000364,0.5001693108532813,0.0248840453160832,1.015675319023804,-0.0017495831723798629,-0.33616673971419886,0.8331763281408419,20.020774091922284,20.332227158957117,0.33928790174384726,0.8300698432910179,-20.02066697250438,20.332227158957117,1.1802523761519594,0.14523345270102186,0.22883890966601786,0.8134213785740793,-9.821371530498955e-15,-4.050070764677172e-14,0.06847141646841136,0.12574449984028166,0.06963863446380136,0.0,0.09837608563186834,0.01396213594644807,3.1530815109343937,5.191848906560637,5.0,102,0.0013059347596088779,0.0008587045905932969,0.002755271749867675,0.17511535890202562,14.629042019155195,0.7191431382468056,1.3768088286003322,37.72078982466664,1.2092767199900116,36.75613130668728,25.74386669600203,0.0,0.8820940696008646,24.16696081098259,3.042976280881413,92.49168026995177,74.35481917647108,0.0,1.4181598931498058,38.853695702734406,2.968675637809497,90.23330206107893,67.84375850219047,0.0
wave_r25_nopc_04,wave_r25_nopc,,capped,4,5275.403,2.4,0.5,0.1,0.02,1.0,False,"{""angle_deg"": 25.0, ""type"": ""ramp""}",,,25.0,,-5.45,-1.4,0.26130913087034974,-5.4622757061084,-1.3868338909562514,-0.765581751735638,20754,24950,2306,47,116.31837624251092,0.967277921109091,wave,0.0245,1154,True,False,,20.220000000000255,40.816326530612244,20.220000000000255,0.5000960609413553,0.024732742875437634,1.009499709201536,-0.00142549356984587,-0.3874464409920344,0.47663276979635444,25.035414740378318,25.344942780644164,0.3753882497154064,0.4705232338007247,-25.035323260990708,25.344942780644164,0.8220450586524731,0.17619960469619808,0.2025037664967419,0.6798448045400081,-2.618155767328208e-15,-2.7604401187351007e-14,0.058001427166223994,0.11830080327008062,0.05915748740631479,0.0,0.09837608563806022,0.019994681048558095,3.1531620553359683,5.1976284584980235,5.0,104,0.0012600266969334801,0.0008480955159283464,0.002482432226015983,0.1763692661634478,15.020058883693368,0.7384746782842355,1.372592611516174,37.60527702784039,1.213005324882638,36.869462762390214,30.59746770398363,0.0,0.8723531213399842,23.90008551616395,2.9718629717913907,90.33018151341612,65.806647917688,0.0,1.405443865554476,38.505311385054135,2.658389396803367,80.8021093253303,63.123713752432245,0.0
tripod_r00_nopc_05,tripod_r00_nopc,,common,5,5361.392000000001,0.95,0.5,0.1,0.02,1.0,False,"{""angle_deg"": 0.0, ""type"": ""ramp""}",,,0.0,,-5.45,-1.4,0.05,-5.447186744488045,-1.3863842223694487,-1.981617303295396,21348,25054,2373,48,116.31817365778967,0.9741191934696052,tripod,0.025,1187,True,False,,22.300000000000182,40.0,22.300000000000182,0.500041515909345,0.022423386363647574,0.896935454545903,0.0010420291365896839,0.06708066639800335,0.0010603265439267707,0.0006135785630470073,0.005867786876045739,0.16518986018912138,5.3562749470323896e-05,6.47819055783227e-05,0.0020960414163795696,0.005867786876045739,0.010713449917804348,0.008804298351353986,0.04261758025405332,-2.891380117562717e-09,-9.016496072540789e-09,0.09935562200036996,0.1298265138579416,0.10011565811795615,0.0,0.09759609377927445,0.09854151640204481,3.1586021505376345,3.8539426523297493,3.0,144,0.00035480458285783373,0.0005723402115891727,0.0009659032200042224,0.16481993773747483,25.4580604356969,1.2518072961159192,0.3809796609401643,10.437798929867515,1.3942170283857165,42.3774172761616,42.29084362465473,0.0,0.6718647988500741,18.407254763015732,2.5120993698978844,76.35560394826396,68.11977183828807,0.0,0.5791456451837035,15.867003977635711,2.2019632869933967,66.92897528855309,65.13023089720895,0.0
tripod_r05_nopc_05,tripod_r05_nopc,,common,5,5445.12,0.95,0.5,0.1,0.02,1.0,False,"{""angle_deg"": 5.0, ""type"": ""ramp""}",,,5.0,,-5.45,-1.4,0.09357787137382909,-5.440145409880275,-1.4023053649958017,-2.7155590376377807,21348,25102,2372,48,116.31881043622529,0.968927815739545,tripod,0.025,1187,True,False,,22.31999999999971,40.0,22.31999999999971,0.5002407779506883,0.02241222123435013,0.8964888493740051,0.0011000581699066835,0.10250822656365942,0.2319322252049897,4.994536269456741,4.996183214232183,0.2109890607617137,0.23189874972521018,-4.9945362317556965,4.996183214232183,0.2410305217377373,0.027218527127269757,0.04200962134167183,0.3655411556203698,9.732810923253959e-09,-1.3269646477811758e-10,0.09511055272320944,0.1219977542576248,0.0958883277220734,0.0,0.0976050890372373,0.09475182946125636,3.1584601611459266,3.73142345568487,3.0,144,0.00035069824723521443,0.0005777898008189641,0.0010341437496063466,0.16632296527971963,25.021994633991184,1.2298749438890035,0.3791650843618117,10.388084503063334,1.225835088759504,37.25942519025848,37.161118574518284,0.0,0.6684657393045452,18.314129843960146,2.5093192518671885,76.27110188046166,65.4028287942259,0.0,0.5811193348493636,15.921077667105854,2.179908645052587,66.25862143016982,64.51010588297872,0.0
tripod_r10_nopc_05,tripod_r10_nopc,,common,5,5512.938,0.95,0.5,0.1,0.02,1.0,False,"{""angle_deg"": 10.0, ""type"": ""ramp""}",,,10.0,,-5.45,-1.4,0.13682408883346517,-5.453635068078744,-1.4151688819945945,-0.28810346301191214,21348,24327,2372,48,116.31803139215293,0.9691130065993232,tripod,0.025,1187,True,False,,22.32000000000062,40.0,22.32000000000062,0.5004318587409646,0.0224207822016555,0.89683128806622,0.0010649286617259372,0.06519511980944642,0.043505591040052215,9.999848096193915,10.000893857925664,0.25246580470859553,0.04318626299830862,-9.999848079063693,10.000893857925664,0.05478288240767078,0.014837224955335307,0.023886711659207856,0.2064455602473915,7.027532928036479e-10,-1.003399101286492e-09,0.08659358888324359,0.11266729115947423,0.08717000840072689,0.0,0.09759609377438577,0.08627129477962107,3.155774395702775,3.7278424350940016,3.0,144,0.00037431927855076,0.0005991928381455382,0.0010959251182617743,0.17241822597917433,24.119166372201974,1.1850468796569085,0.3816508584880976,10.456187903783496,1.0270559632089313,31.21750648051463,31.117737303127676,0.0,0.6694398582598402,18.340818034516168,2.472717944631991,75.15860014079,62.5335292687522,0.0,0.5749447616077522,15.75191127692472,2.13607294979515,64.92622947705624,63.55433940630076,0.0
tripod_r15_nopc_05,tripod_r15_nopc,,common,5,5590.7080000000005,0.95,0.5,0.1,0.02,1.0,False,"{""angle_deg"": 15.0, ""type"": ""ramp""}",,,14.999999999999998,,-5.45,-1.4,0.17940952255126036,-5.4300975707387344,-1.4185086799007909,-0.4611035488129794,21348,25302,2373,48,116.31845833280654,0.9682671409533633,tripod,0.025,1187,True,False,,22.31999999999971,40.0,22.31999999999971,0.500175272426887,0.022409286399054366,0.8963714559621746,0.0008375481023192221,0.06002627659419358,0.11192781333871281,14.999511998524067,15.001283136777834,0.3003541167209919,0.1116467817432882,-14.999511987026148,15.001283136777834,0.12898351159818117,0.014446022355161285,0.010794414008422465,0.039810424885619054,4.229051936741075e-14,1.4773537959086499e-13,0.07727766677385454,0.10288588080492818,0.07796950055683585,0.0,0.09760508903113387,0.07699299739153811,3.150402864816473,3.736794986571173,3.0,144,0.00038940533736976223,0.0006180689448585627,0.001151460432473087,0.1779412300832498,23.42310873376618,1.1514388521593812,0.37895513739350994,10.38233253132904,0.8412328000920973,25.569386021036394,25.45578312054758,0.0,0.6705597123259419,18.371498967834025,2.4303471859535954,73.87073513536764,58.77157562189718,0.0,0.5829756336467662,15.971935168404555,2.0797629855992903,63.21468041335229,62.154821846460045,0.0
tripod_r20_nopc_05,tripod_r20_nopc,,common,5,5668.3,0.95,0.5,0.1,0.02,1.0,False,"{""angle_deg"": 20.0, ""type"": ""ramp""}",,,20.0,,-5.45,-1.4,0.22101007166283437,-5.437639130742024,-1.4051487390703328,-1.7954854261565887,21420,25543,2380,48,116.31756359022529,0.9680691595386827,tripod,0.025,1191,True,False,,22.399999999999636,40.0,22.399999999999636,0.5003128140817776,0.022335393485794008,0.8934157394317602,0.0010364948566308,0.09729520715376108,0.6250846035352445,19.990599568677123,19.992810634403558,0.3391063615437916,0.6249448150969172,-19.990599555289908,19.992810634403558,0.6546753361362124,0.025907214663943783,0.0539032518922426,0.18964258895353975,-2.1740196663837691e-13,-5.912305143969908e-13,0.06700509171907824,0.09181709315430124,0.06762715989260026,0.0,0.09760508902795977,0.06675543693431484,3.1552185548617304,3.7261373773416593,3.0,144,0.00034872013096399487,0.0006342939869108234,0.0011934015007963323,0.182562060171159,22.823993521168674,1.1216781200284618,0.38235113026499723,10.475373431917733,0.648794270719042,19.72019059936298,19.606090377631368,0.0,0.6692581062205413,18.335838526590173,2.3703778641188795,72.04795939571062,55.05535916343067,0.0,0.5796206071030993,15.880016632961624,2.0227779621227415,61.482612830478466,59.89512742037747,0.0
tripod_r25_nopc_05,tripod_r25_nopc,,common,5,5751.443,0.95,0.5,0.1,0.02,1.0,False,"{""angle_deg"": 25.0, ""type"": ""ramp""}",,,25.0,,-5.45,-1.4,0.26130913087034974,-5.44344075162556,-1.4166752011948736,0.4491411288154805,22753,26593,2528,51,116.3183615382661,0.9690701851004818,tripod,0.025,1265,True,False,,23.840000000000146,40.0,23.840000000000146,0.500157820313655,0.0209797743420156,0.8391909736806239,0.001628231709796684,0.03276225696554744,0.19510873862088043,24.999205920088503,25.000660497451225,0.3737125469426329,-0.1941497715171073,-24.99920591282295,25.000660497451225,0.2277271475548181,0.015407274039769136,0.030121276980811983,0.05893428331437622,-2.3200834758242726e-23,-7.4450345778601655e-22,0.05732862741171437,0.08079864990386178,0.057731305650725685,0.0,0.0976050890247738,0.05711708454122357,3.1609388097233864,3.7451802179379716,3.0,153,0.0004992467673807278,0.0009730749982909823,0.0015286405673182308,0.2976647885483854,21.596744650232566,1.061688672805091,0.3783541976119568,10.365868427724845,0.642042260709643,19.51496233160009,12.252515331229695,0.0,0.66655306851406,18.261727904494798,2.2900498706871746,69.60637904824239,50.3038124570493,0.0,0.5762813652793403,15.788530555598363,1.9522628461534428,59.33929623566695,57.43993159627473,0.0
ripple_r00_nopc_05,ripple_r00_nopc,,common,5,5822.7300000000005,1.3,0.5,0.1,0.02,1.0,False,"{""angle_deg"": 0.0, ""type"": ""ramp""}",,,0.0,,-5.45,-1.4,0.05,-5.443705701548024,-1.3883371470098957,-2.7590598010026,19224,20696,2137,43,116.31817371364987,0.9783900339844182,ripple,0.025,1069,True,False,,19.659999999999854,40.0,19.659999999999854,0.5002504687334746,0.02544508996609757,1.0178035986439027,0.0006950091437237134,0.1166727384700437,0.06603872043836681,0.0570716427233495,0.2147931758368875,0.16621874831111674,0.007942347512433596,0.014113526110186245,0.18343571094335653,0.2147931758368875,0.20405792143298437,0.4686460964006903,1.143174059896319,6.436326794929e-10,-5.349421151328587e-09,0.102587800469005,0.1124948638394283,0.1033361988927326,0.0,0.1003637728164491,-0.0043357402048780835,2.716463414634146,4.3932926829268295,4.0,93,0.0006068711830322222,0.00033723297671580434,0.0006805072077387829,0.06269386742534833,21.02209479232603,1.033254339963876,0.6370584557168533,17.45365632100968,3.2939610735439864,100.12039737215764,39.33120882788634,0.0008468834688346884,0.734102524465132,20.112397930551563,3.291401487995597,100.04259841931906,67.12072015134936,0.013719512195121951,0.7814988348958977,21.41092698344925,2.895182593262164,87.99947091982261,85.19715435298698,0.0
ripple_r05_nopc_05,ripple_r05_nopc,,common,5,5885.64,1.3,0.5,0.1,0.02,1.0,False,"{""angle_deg"": 5.0, ""type"": ""ramp""}",,,5.0,,-5.45,-1.4,0.09357787137382909,-5.462936592927145,-1.3831019206264694,-0.5603018758944434,19368,22962,2152,44,116.31836188120178,0.9672799045963304,ripple,0.025,1077,True,False,,19.800000000000182,40.0,19.800000000000182,0.5003711215752386,0.025271268766425957,1.010850750657038,0.0003447356704130199,0.015470452184861538,0.08970514505909487,5.027284798599162,5.194550579660783,0.21002349869713538,0.04480078376017496,-5.026974751787451,5.194550579660783,0.29626212164237925,0.1557922768810578,0.22202866208664265,0.6138313707104508,-1.7252770071339592e-09,7.207556793314942e-10,0.0977474166875065,0.11144787447763624,0.09846997683465902,0.0,0.10036377283179558,-0.0055687371448087325,2.9798183652875885,4.381432896064581,4.0,125,0.0007329859479630096,0.00043427551747845557,0.0011454467341482323,0.10848832716088488,20.28605272590748,0.9968375165247787,0.6339145878086396,17.36752295366136,2.8284725859728446,85.97181112379467,35.21731229721479,0.0,0.7334128738243,20.093503392446575,3.291085073797655,100.03298096649408,64.65341789906034,0.012108980827447022,0.7823761985234827,21.434964343109115,2.954595099908307,89.80532218566282,77.75770789275383,0.0
ripple_r10_nopc_05,ripple_r10_nopc,,common,5,5955.637000000001,1.3,0.5,0.1,0.02,1.0,False,"{""angle_deg"": 10.0, ""type"": ""ramp""}",,,10.0,,-5.45,-1.4,0.13682408883346517,-5.434630057697607,-1.395576951573243,2.59483251902951,19368,23908,2152,44,116.31827591763891,0.9675066051964882,ripple,0.025,1077,True,False,,19.82000000000062,40.0,19.82000000000062,0.5000475988501563,0.025229444947030305,1.0091777978812122,-0.00028985342199704806,-0.08901431128774263,0.4466058198731088,10.020032408040572,10.186854715207938,0.2581537006287356,-0.43971327483117534,-10.019883491195111,10.186854715207938,0.6671374516609326,0.2713284307371791,0.23011788330212543,0.9057918953683143,4.852433837349322e-10,-9.18627891084049e-10,0.0888135958826246,0.10912822353538269,0.08976619171327235,0.0,0.10036377284761203,0.005697295488902522,3.1068548387096775,4.38508064516129,4.0,94,0.0010458870463539033,0.0006193410468641777,0.0010986535952035692,0.1164250133999039,19.109369384240857,0.9396240106863947,0.6383756336841696,17.489743388607387,2.6554589676570863,80.71303853061052,29.580247647292598,0.0,0.7256554312049975,19.88097071794514,3.290907616342549,100.02758712287383,61.39026622196803,0.002856182795698925,0.784145556016667,21.48343989086759,3.188387270419884,96.9114671860147,71.42945945933712,0.0
ripple_r15_nopc_05,ripple_r15_nopc,,common,5,6023.1900000000005,1.3,0.5,0.1,0.02,1.0,False,"{""angle_deg"": 15.0, ""type"": ""ramp""}",,,14.999999999999998,,-5.45,-1.4,0.17940952255126036,-5.45100423955119,-1.3971475597791034,-2.964484881964737,19404,22308,2157,44,116.31914077547879,0.9688513880773185,ripple,0.025,1079,True,False,,19.859999999999673,40.0,19.859999999999673,0.5002549737848118,0.025189072194603222,1.0075628877841287,0.000683927471769874,0.15916041770783923,0.7542540490771575,15.010482578917234,15.178531738880748,0.29671201115315315,0.750224887097923,-15.010385682244545,15.178531738880748,1.0198751711608876,0.29324141756782435,0.17628966288888492,0.6878164143120021,1.398810157225211e-10,-1.6394897184884611e-09,0.07895341388852305,0.1059798374913911,0.08036158567152371,0.0,0.10036377286436841,0.01006532662296984,3.12374245472837,4.389336016096579,4.0,94,0.0010570947497270087,0.000648986230059061,0.001077272194289995,0.12194710743132786,18.2136973676687,0.8952110932144464,0.6335871468740017,17.35855196915073,2.5465664116296085,77.40323439603674,24.13437041638409,0.0,0.7315262202712232,20.041814254006116,3.0073334026791514,91.40831011182831,57.74782377552791,0.0,0.785829141315121,21.529565515482766,3.2826332234553903,99.77608581931278,65.48150893600976,0.00033534540576794097
ripple_r20_nopc_05,ripple_r20_nopc,,common,5,6095.915,1.3,0.5,0.1,0.02,1.0,False,"{""angle_deg"": 20.0, ""type"": ""ramp""}",,,20.0,,-5.45,-1.4,0.22101007166283437,-5.468228195796412,-1.391672568010526,1.6115132581597924,19441,22522,2161,44,116.31767930373609,0.9696334788272485,ripple,0.025,1081,True,False,,19.899999999999636,40.0,19.899999999999636,0.5004121508029299,0.025146339236328596,1.0058535694531439,0.0003759798628207075,-0.03311854956505536,0.5851130634219174,20.020809223927575,20.18829087209723,0.32960628787550394,-0.5801091161177399,-20.0207372821579,20.18829087209723,0.8146514961815549,0.28953408349176296,0.20265374555475135,0.8862060891949824,-2.431681308080389e-14,-1.5077694667918356e-13,0.06946606794141535,0.10286910107111986,0.07039160711629706,0.0,0.10036377288116399,0.01677118209449906,3.1244979919678717,4.38855421686747,4.0,94,0.0010234732892308602,0.000626883249611238,0.0010013022866021436,0.11775694752090318,17.27309360630425,0.8487139062967843,0.6351908700788594,17.40248959120163,2.3984593233615654,72.90149919032113,22.56813995607803,0.0,0.7332390228926403,20.08874035322302,2.865786799830895,87.10598175777797,53.81048160593966,0.0,0.7801723463301369,21.374584830962654,2.939871848857325,89.3578069561497,59.849428556329016,0.0
ripple_r25_nopc_05,ripple_r25_nopc,,common,5,6177.554,1.3,0.5,0.1,0.02,1.0,False,"{""angle_deg"": 25.0, ""type"": ""ramp""}",,,25.0,,-5.45,-1.4,0.26130913087034974,-5.4571513270134515,-1.408481085592533,1.1543109053514333,19818,23625,2202,45,116.3186192476238,0.9667806161039764,ripple,0.025,1102,True,False,,20.32000000000062,40.0,20.32000000000062,0.5003655900472068,0.024624290848779113,0.9849716339511645,0.0013024957832547292,0.04172671510424178,0.5294479001779161,25.023826089532836,25.189650329749554,0.3709772637645655,-0.5249132965953928,-25.023768642565468,25.189650329749554,0.7347709954485482,0.27011643373846256,0.19118024955556623,0.956061117962226,7.36114326865837e-15,-3.904751898551563e-14,0.059057051043004835,0.09718254822010372,0.05977712087323399,0.0,0.10036377289847366,0.022690717287467823,3.128810226155359,4.390363815142576,4.0,96,0.000975001772508378,0.0006990659025227957,0.0013310296863022558,0.1341221308023851,16.105329803920945,0.7914069975861103,0.6389455526987146,17.50535760818396,1.4430845211562702,43.86275140292614,25.416632218190017,0.0,0.7319834255876032,20.05434042705762,2.4061401464425076,73.13495885843489,48.711974805763916,0.0,0.7795649362206302,21.35794345809946,2.176244729829353,66.1472562258162,56.18664403950492,0.0
wave_r00_nopc_05,wave_r00_nopc,,capped,5,6258.414000000001,2.4,0.5,0.1,0.02,1.0,False,"{""angle_deg"": 0.0, ""type"": ""ramp""}",,,0.0,,-5.45,-1.4,0.05,-5.443066244569842,-1.4089231279976884,2.5499684226340515,20358,22558,2263,46,116.31817341065586,0.9762395104907708,wave,0.0245,1132,True,False,,19.82000000000062,40.816326530612244,19.82000000000062,0.5001535215059104,0.025234789177895803,1.0299913950161552,0.001800467847911623,0.22564171255620888,0.042620187669091945,0.04984967210206157,0.2379187534867717,0.16626343593628964,-0.00492670924620514,0.015327007877530911,0.2379187534867717,0.2379187534867717,0.17277155514169965,0.22796992298250587,0.7481585212428167,4.616112144425084e-11,-5.534538261641514e-10,0.09969092092906458,0.13739525287378482,0.10150170459540735,0.0,0.09834126326710568,-0.006232365824401388,2.9243951612903225,5.19758064516129,5.0,117,0.0006820883349032259,0.0004015074109777923,0.0018318972805436004,0.09392328692946832,15.23126429730392,0.7487709395797724,1.3727701433137416,37.61014091270525,2.3302047620485444,70.8268924634816,12.8040514907136,0.0,0.8694610401770398,23.82085041580931,3.2917141483514585,100.05210177360057,99.998086787028,0.1063508064516129,1.4139512240606376,38.73838970029144,3.2139562135687014,97.68863871029488,89.12683156169427,0.0
wave_r05_nopc_05,wave_r05_nopc,,capped,5,6333.818,2.4,0.5,0.1,0.02,1.0,False,"{""angle_deg"": 5.0, ""type"": ""ramp""}",,,5.0,,-5.45,-1.4,0.09357787137382909,-5.464269803745508,-1.401759816685342,2.4615538073862657,20502,23279,2278,46,116.31838506877665,0.9722856241558802,wave,0.0245,1140,True,False,,19.979999999999563,40.816326530612244,19.979999999999563,0.5001148397236231,0.025030772758940643,1.0216641942424751,-0.0015750827855607052,-0.33974043517330593,0.241152643751572,5.029704088015589,5.325641915780404,0.21173706900121284,-0.2329547008376651,-5.029295864438165,5.325641915780404,0.454395609703339,0.1744840341540703,0.18428316831349215,0.6152800265405896,2.088251090405765e-11,-2.2531456980977825e-11,0.0963156784361183,0.13751444308074598,0.09754182729978991,0.0,0.09834405451572262,-0.005691377916815737,3.097,5.206,5.0,118,0.001063871585244103,0.0006764450729198608,0.003094453152908547,0.1596035871736687,14.986230093997762,0.7367831256411899,1.3743250654668115,37.652741519638674,3.281213443806297,99.73293142268379,14.525463185552443,0.0005,0.877651070211032,24.045234800302243,3.2917015651770662,100.0517193062938,97.51314094758266,0.041666666666666664,1.4179832204666443,38.84885535525053,3.2963811042587206,100.19395453673923,87.41228057007734,0.0003333333333333333
wave_r10_nopc_05,wave_r10_nopc,,capped,5,6410.215,2.4,0.5,0.1,0.02,1.0,False,"{""angle_deg"": 10.0, ""type"": ""ramp""}",,,10.0,,-5.45,-1.4,0.13682408883346517,-5.447076345502938,-1.4027914464944993,-0.49017209987460597,20538,24165,2282,46,116.31832032982398,0.9683289430106162,wave,0.0245,1142,True,False,,20.039999999999964,40.816326530612244,20.039999999999964,0.5003907291420339,0.024969597262576585,1.0191672352072074,-0.001345844064819423,-0.32850987481564137,0.35453185042941654,10.030015406914869,10.32459668312851,0.25989686739208095,-0.3486929217261705,-10.029807499058297,10.32459668312851,0.5772416238400523,0.15186277242580407,0.24280404377966322,0.8704271203688133,8.512996595399394e-12,-3.4787396179427675e-11,0.08794504859120551,0.1346891202183775,0.08888267049617792,0.0,0.09834405451815915,0.004558641912706666,3.159521435692921,5.204386839481555,5.0,102,0.0013579580879609842,0.0008808635998487105,0.002641278145915827,0.17955520871691716,14.386050355851811,0.7068868781926142,1.3738390124723943,37.63942499924368,1.5535483689873588,47.220315166789014,16.843621970039187,0.0,0.8745177849594229,23.959391368751312,3.2906961458820745,100.02115944930318,89.80802694203798,0.0036556995679627785,1.40752287646804,38.56227058816548,3.283787122386357,99.81115873514761,78.08173453720197,0.0004985044865403788
wave_r15_nopc_05,wave_r15_nopc,,capped,5,6509.089000000001,2.4,0.5,0.1,0.02,1.0,False,"{""angle_deg"": 15.0, ""type"": ""ramp""}",,,14.999999999999998,,-5.45,-1.4,0.17940952255126036,-5.435370889311475,-1.4187954088206685,-0.25379947489912924,20592,23251,2289,46,116.31887168017349,0.9719432419125901,wave,0.0245,1145,True,False,,20.100000000000364,40.816326530612244,20.100000000000364,0.5005303063228214,0.024902005289692154,1.0164083791711083,-0.0014148577523328994,-0.40719567106621757,0.34457465491211536,15.037032697375729,15.33167587288816,0.3067490587419574,0.33734384101992865,-15.036883010998466,15.33167587288816,0.6456727983639633,0.2810731548558834,0.2258567533144715,1.142985753596179,6.233465685912776e-15,2.4179951286687623e-16,0.07849989771477979,0.13042559075093985,0.07941414234012309,0.0,0.09834405452099845,0.009096224955614969,3.1570576540755466,5.21272365805169,5.0,102,0.0013753698405396093,0.0009047983076642352,0.0025230905756557283,0.18438255872877324,14.397349868545206,0.7072445607644424,1.3713944005321634,37.572449329648315,1.4338430158331485,43.58185458459418,21.19155227546931,0.0,0.8770593830331329,24.029024192688574,3.290578503782277,100.01758370158896,82.330453884342,0.0008283631544068919,1.4017588749541698,38.40435273847041,3.0848980842829166,93.76589921832573,73.96781657279917,0.0
wave_r20_nopc_05,wave_r20_nopc,,capped,5,6598.576,2.4,0.5,0.1,0.02,1.0,False,"{""angle_deg"": 20.0, ""type"": ""ramp""}",,,20.0,,-5.45,-1.4,0.22101007166283437,-5.4491630347008195,-1.4135500649740493,1.0955618753309249,20628,23943,2292,46,116.31712625123109,0.9688905527897342,wave,0.0245,1147,True,False,,20.1200000000008,40.816326530612244,20.1200000000008,0.5002172665584939,0.024861693168910237,1.014762986486132,-0.0006190007687955433,-0.3588937567035258,0.15852792608858382,20.040017313143018,20.339860760731213,0.3455427640813416,0.1413142438483842,-20.039904839317323,20.339860760731213,0.4651625806151719,0.2776685951377636,0.16178038809303952,0.7797053872866158,-8.806469409784776e-11,-2.609736534812597e-10,0.0685335022239309,0.12450754251331275,0.06961547574284613,0.0,0.09834742554889826,0.014895262389388196,3.1638530287984112,5.2045680238331675,5.0,103,0.0013774665061616754,0.0009349543994472843,0.0025610574057183017,0.1925168038888978,14.716000220951074,0.7233524319161034,1.3782552838123732,37.76041873458557,1.32503948088795,40.2747562579924,25.475691897529412,0.0,0.8729808480326032,23.917283507742553,3.291217295664125,100.03699986821047,72.03604636206435,0.0009930486593843098,1.4170760292825573,38.82400080226185,3.282314016755027,99.76638348799474,67.93826359429833,0.00016550810989738498
wave_r25_nopc_05,wave_r25_nopc,,capped,5,6688.798000000001,2.4,0.5,0.1,0.02,1.0,False,"{""angle_deg"": 25.0, ""type"": ""ramp""}",,,25.0,,-5.45,-1.4,0.26130913087034974,-5.446347279665675,-1.4074505361155234,-1.6739816232847993,20700,23487,2300,47,116.31865118363037,0.9670603862395084,wave,0.0245,1151,True,False,,20.199999999999818,40.816326530612244,20.199999999999818,0.5001257444436397,0.024758700219982385,1.0105591926523423,-0.001371369121913952,-0.31914680198906614,0.8326971932330905,25.0244111601777,25.335278366541317,0.3837830581822972,0.8291376812761961,-25.024326557576718,25.335278366541317,1.1627042098905156,0.3619019410417272,0.11497294031512899,0.8906274963464951,-1.1374644406803894e-10,-4.4567787993444043e-10,0.05840853423059815,0.11952442838709981,0.05930398075801885,0.0,0.09834742555229001,0.019399855699439385,3.1671612265084077,5.201780415430267,5.0,102,0.0012756467767131615,0.0008695187209053721,0.0023958265375840153,0.17733654975718932,15.174943786023826,0.746045660146518,1.3744525891056862,37.656235317964004,1.3090875560550757,39.789895320822964,30.803346920475928,0.0,0.8813370597123631,24.146220814037346,3.2941920069395954,100.1274166243038,65.82822367238239,0.001813386086383119,1.4094153801348321,38.61412000369403,3.1925700838319524,97.03860437179186,62.469703625954075,0.0
tripod_r00_pc_01,tripod_r00_pc,,common,1,16.074,0.95,0.5,0.1,0.02,1.0,True,"{""angle_deg"": 0.0, ""type"": ""ramp""}",,,0.0,,-5.45,-1.4,0.05,-5.466323362314596,-1.3959959789613738,1.371363160870768,21330,36800,2370,48,116.3179926114236,0.9956643457148339,tripod,0.025,1186,True,False,,22.28,40.0,22.28,0.5000031334470375,0.022441792345019636,0.8976716938007854,0.0001653079539559281,-0.06987433596620063,0.01746470403040809,0.02571210955752496,0.13321676632674354,0.1651646662962862,-0.0063241179366317,-0.006288678753174442,0.13321676632674354,0.13321676632674354,0.01240761127950337,0.016156800080587678,0.12468211221105494,0.005789997359812455,0.00567912558402474,0.099579524664751,0.12952646354906824,0.1001967801405644,0.0,0.09759954164308624,0.09848750709140218,3.158744394618834,3.8430493273542603,3.0,141,0.00035103710332270646,0.000583378252093561,0.0009620367586545333,0.16451162712237327,25.270974073340128,1.2427060248658928,0.3786595977279965,10.374235554191685,1.3817051228827273,41.99711619704338,41.87985271346456,0.0,0.6714517332727342,18.39593789788313,2.502873715505995,76.07518892115486,68.51206776654388,0.0,0.5805622160390219,15.905814138055396,2.2054955521663566,67.03633897162179,65.40546740643677,0.0
tripod_r05_pc_01,tripod_r05_pc,,common,1,49.791000000000004,0.95,0.5,0.1,0.02,1.0,True,"{""angle_deg"": 5.0, ""type"": ""ramp""}",,,5.0,,-5.45,-1.4,0.09357787137382909,-5.443702679404977,-1.397509373488783,-2.0996264201679833,21258,33514,2363,48,115.96548569955127,0.9914451802708517,tripod,0.025,1182,True,False,,22.220000000000006,40.0,22.220000000000006,0.5001551392071503,0.02250923218754051,0.9003692875016204,0.00048496058296477323,0.03505460207769025,0.0054999903633186865,0.006184958543079414,0.030735111557111873,0.2108420030023067,-0.0005352127175353957,0.0013159000424190906,0.030735111557111873,5.013211350217395,0.008941086524063632,0.007525361144453963,0.030000041945635623,0.17791321945845034,-4.998036446477781,0.10055927827940428,0.12685588297341552,0.10100595391864296,0.0,0.09874213927998556,0.09962133943076255,3.156474820143885,3.7428057553956835,3.0,141,0.000354252554908259,0.0005855124594068077,0.0009678999728238873,0.16506322009986862,26.469121821519323,1.301229089813743,0.37982464847001457,10.40615475260314,1.3907790990312523,42.27292094319916,42.06016477240084,0.0,0.7028394676508487,19.255875826050648,2.478341048158239,75.32951514158782,63.01970319533375,0.0,0.641375339481951,17.57192710909455,2.366154998167303,71.9196048075168,69.6863150218024,0.0
tripod_r10_pc_01,tripod_r10_pc,,common,1,83.43,0.95,0.5,0.1,0.02,1.0,True,"{""angle_deg"": 10.0, ""type"": ""ramp""}",,,10.0,,-5.45,-1.4,0.13682408883346517,-5.444672624029035,-1.3813025619002528,1.0983889338577517,21186,33154,2355,48,115.44876787110047,0.988621478429977,tripod,0.025,1178,True,False,,22.14,40.0,22.14,0.5002817757727062,0.02259628616859558,0.9038514467438231,0.0004490246841666202,-0.016247371015444174,0.05468847319656525,2.4765869525190958,2.48425391453245,0.25579148641273275,-0.05432349757529679,-2.47658504173666,2.48425391453245,7.535497278687157,0.009665755176609461,0.008752985869379528,0.027971011995182118,-0.1584608513338392,-7.519827543900088,0.09726612053336206,0.12430635468152315,0.09770140412907641,0.0,0.0994027719231229,0.09691613744350575,3.1570397111913358,3.7490974729241877,3.0,144,0.00033910544831109395,0.0005923158540165046,0.001004083244537041,0.1704907973452206,26.647365867203035,1.3096599561238689,0.38005616888590943,10.41249777769615,1.2859794774197588,39.08752211002306,38.80639023211891,0.0,0.7256718772244621,19.881421293820882,2.4284923127016453,73.81435600916855,58.92816105991126,0.0,0.6749841559905676,18.492716602481302,2.420749982438472,73.57902682183806,71.51560633608291,0.0
tripod_r15_pc_01,tripod_r15_pc,,common,1,117.21600000000001,0.95,0.5,0.1,0.02,1.0,True,"{""angle_deg"": 15.0, ""type"": ""ramp""}",,,14.999999999999998,,-5.45,-1.4,0.17940952255126036,-5.449557361057217,-1.3843516236199767,1.653383654836137,21150,25996,2350,48,115.46661267509985,0.9688781680935377,tripod,0.025,1176,True,False,,22.099999999999994,40.0,22.099999999999994,0.5001254116650958,0.022630109125117464,0.9052043650046985,0.0009671614370083837,0.005297002753722262,0.22074575948254396,7.5188589763801055,7.528885154819728,0.29833594742528435,-0.22050655418413745,-7.518856643656059,7.528885154819728,7.545392555080478,0.037187159836131536,0.015308592838354609,0.3489000231576882,-0.21542831188209904,-7.472151430692847,0.0877929150297159,0.11339267278497862,0.08828302958395134,0.0,0.09940292076620282,0.08747806113718308,3.1546112115732368,3.725135623869801,3.0,141,0.0003305562475061124,0.0006305698157183677,0.0010615843527953706,0.17777576280960197,25.893827656590418,1.2730213423515377,0.3786423248017236,10.373762323334894,3.2869624266977873,99.90767254400569,33.09049136209123,0.0001506931886678722,0.7249606417970093,19.861935391698882,3.2815955986982552,99.74454707289529,55.49933757966488,0.0001506931886678722,0.6776081529735117,18.564606930781142,3.280266650505043,99.70415351079157,69.2085731241349,0.0001506931886678722
tripod_r20_pc_01,tripod_r20_pc,,common,1,150.912,0.95,0.5,0.1,0.02,1.0,True,"{""angle_deg"": 20.0, ""type"": ""ramp""}",,,20.0,,-5.45,-1.4,0.22101007166283437,-5.442249646311911,-1.4157117076618564,-2.372738649402351,21330,25201,2371,48,115.50143921816512,0.9720090121189687,tripod,0.025,1186,True,False,,22.28,40.0,22.28,0.5000927169575232,0.0224458131489014,0.897832525956056,0.0020616927026726323,0.409109623502844,0.4683103680195075,12.64698977324306,12.68391939244182,0.3410182095216206,0.46742936929548223,-12.646986156828694,12.68391939244182,7.372255163611124,0.03623493202724013,0.0792972770348139,0.3014853790320904,0.2737575705555017,-7.334939268783922,0.07712650000397689,0.10215991291707568,0.07784003171788557,0.0,0.09927114318871319,0.07684698357825988,3.1560538116591927,3.7192825112107624,3.0,141,0.00029443081552332437,0.0006341509289758027,0.0010876349357475462,0.17879588507240785,25.21701361772824,1.2398198868051973,0.3765448826652264,10.316298155211683,0.9998589066875427,30.390848227584886,26.835753690694105,0.0,0.7241869384893942,19.840738040805324,2.368367945252045,71.98686763684027,52.29574597204726,0.0,0.6731347296594589,18.44204738793038,2.256196642062251,68.57740553380702,66.5311729117466,0.0
tripod_r25_pc_01,tripod_r25_pc,,common,1,184.863,0.95,0.5,0.1,0.02,1.0,True,"{""angle_deg"": 25.0, ""type"": ""ramp""}",,,25.0,,-5.45,-1.4,0.26130913087034974,-5.436030547055423,-1.3942225492317792,-0.5607456139467812,22608,27857,2512,51,115.46423190978312,0.9722775003661058,tripod,0.025,1257,True,False,,23.680000000000007,40.0,23.680000000000007,0.5002744194346537,0.021126453523422867,0.8450581409369147,-0.0003085762764438952,-0.20953505497674205,0.20458822589476316,17.511260607734634,17.5237148022953,0.3828075514952794,0.20315880636456388,-17.51125955311458,17.5237148022953,7.504319327018871,0.010291851138145548,0.018157976915136462,0.07117068431524541,0.08597953759750696,-7.48034388971411,0.06706943650333586,0.09046380711840511,0.06770123042048776,0.0,0.09933600787030569,0.06680773985183222,3.1569620253164556,3.710548523206751,3.0,150,0.0005451447775409143,0.000993427711448693,0.0015182373957077137,0.2978647759569306,23.474263774258006,1.1537262421766985,0.37752521530815447,10.343156583785055,1.1072056061830586,33.65366584143035,13.973313674065478,0.0,0.7293844149516128,19.983134656208566,2.2936939175606397,69.71714035138723,46.686893329677105,0.0,0.6828240711276531,18.707508798017894,2.0828835664102714,63.30953089392922,61.679161121407994,0.0
ripple_r00_pc_01,ripple_r00_pc,,common,1,220.44600000000003,1.3,0.5,0.1,0.02,1.0,True,"{""angle_deg"": 0.0, ""type"": ""ramp""}",,,0.0,,-5.45,-1.4,0.05,-5.452472553353635,-1.3843103956013343,0.6823016304155234,19214,20956,2135,43,116.31757230932142,0.9814160918019541,ripple,0.025,1069,True,False,,19.659999999999997,40.0,19.659999999999997,0.5000006034170942,0.025432380641764712,1.0172952256705885,-0.0007384453776485087,-0.056332971719135004,0.15744795791055755,0.23543324025127338,0.6544491299510471,0.16621736100289142,-0.047406814406507125,-0.19911018047761245,0.5118128019100842,0.6544491299510471,0.20406329482140256,0.3113201407623592,1.0153578590482202,0.04819867643618077,0.21361262206265402,0.10270024634708431,0.1121723402136998,0.10360719890384681,0.0,0.10018811953208293,-0.004311559150110823,2.7113821138211383,4.387195121951219,4.0,92,0.0006053146447736437,0.00033842839060668967,0.0006498260114155846,0.06227068080876262,21.490050248110578,1.0567824693828463,0.6338848093011122,17.366707104140062,3.293853407375075,100.11712484422719,40.12419888628599,0.0006775067750677507,0.7360773622070934,20.166503074166943,3.293181148161256,100.09669143347281,67.26936268496412,0.011517615176151762,0.7994106800111461,21.9016624660588,3.282460410358899,99.77083314160787,81.52100780165566,0.00033875338753387534
ripple_r05_pc_01,ripple_r05_pc,,common,1,251.858,1.3,0.5,0.1,0.02,1.0,True,"{""angle_deg"": 5.0, ""type"": ""ramp""}",,,5.0,,-5.45,-1.4,0.09357787137382909,-5.456438985014028,-1.3990868598430493,-1.7026596538859133,19260,21096,2140,43,115.96882635970087,0.9779273884764286,ripple,0.025,1071,True,False,,19.700000000000017,40.0,19.700000000000017,0.5001168072623247,0.025386639962554528,1.015465598502181,-0.0002435175654680946,-0.055356833721502116,0.14130513995379332,0.1991823970204495,0.532894216789496,0.21121256248883155,0.0814819218726691,-0.060418409565436405,0.532894216789496,5.532894216789496,0.18722490400172195,0.29582989976597207,1.1191546835354753,0.07258963470535525,-4.9313232038485895,0.10317383662371898,0.11238286902059667,0.10447716526714111,0.0,0.10142791078571264,-0.0033493304851571586,2.73630831643002,4.378296146044625,4.0,93,0.0005730736068528434,0.0004053930654052316,0.0009844239534949571,0.07538548994456298,20.2937521114682,0.997723083694371,0.6341243900881951,17.373270961320415,2.903372185983613,88.24839471074812,39.54090660051715,0.0,0.7519326058728532,20.60089331158502,3.293199197302496,100.09724003958955,62.374249129783,0.006930358350236646,0.8871669946582272,24.305945059129517,3.284505330337717,99.83298876406435,74.45439446558325,0.0015212981744421906
ripple_r10_pc_01,ripple_r10_pc,,common,1,283.329,1.3,0.5,0.1,0.02,1.0,True,"{""angle_deg"": 10.0, ""type"": ""ramp""}",,,10.0,,-5.45,-1.4,0.13682408883346517,-5.451742775164738,-1.3840906341162729,2.011099228153678,19260,22541,2141,43,115.47047697748462,0.9761397034254238,ripple,0.025,1071,True,False,,19.74000000000001,40.0,19.74000000000001,0.5005131084099037,0.025355273982264614,1.0142109592905846,0.0008430502941267556,-0.12325908369416842,0.14720825807156526,2.585199939539131,2.97301884450062,0.25691972322447537,-0.08677667312690944,-2.5840885583250777,2.97301884450062,7.621095198799519,0.13979306136973632,0.1518769818044258,0.7856962575890576,-0.2562675674930115,-7.43564899272214,0.09940021702085726,0.11106013538210237,0.10018216065924274,0.0,0.10214421180024665,-0.004466817044026101,2.9848178137651824,4.379554655870446,4.0,125,0.0006914085909260478,0.0004195823072673867,0.0009386061984138844,0.10478789201668585,19.206787494643784,0.9435345917637983,0.6372139781519585,17.457917209642698,2.8574324642498654,86.85205058510229,36.783987780810875,0.0,0.762888965254976,20.901067541232216,3.2936815396077503,100.11190089993163,58.3424464007292,0.009615384615384616,0.9006421270430088,24.675126768301613,3.282167067169417,99.76191693524063,71.33180881780552,0.0005060728744939271
ripple_r15_pc_01,ripple_r15_pc,,common,1,314.75300000000004,1.3,0.5,0.1,0.02,1.0,True,"{""angle_deg"": 15.0, ""type"": ""ramp""}",,,14.999999999999998,,-5.45,-1.4,0.17940952255126036,-5.439364667431389,-1.4037122256608157,-1.8229805281903684,19368,23105,2152,44,115.4925347798051,0.9748422136456524,ripple,0.025,1076,True,False,,19.80000000000001,40.0,19.80000000000001,0.5001597752490974,0.025260594709550357,1.0104237883820142,-5.828423985122094e-05,0.023658402915999594,0.2553485785553686,7.668157497177951,7.938722917680159,0.3023555442792876,0.22349599382643567,-7.667761677929446,7.938722917680159,7.519160123783787,0.2493399719912055,0.2220056331390593,0.7203784812382782,0.2558952946958963,-7.350716032306647,0.08959863098904909,0.1082553500137407,0.09058309756178626,0.0,0.10203337767823994,0.004120679839127121,3.1039354187689203,4.373360242179617,4.0,94,0.0009278041373490181,0.0005651527176619758,0.00129532599460621,0.10621476220719044,18.28648429324392,0.8989604721120007,0.6368573678322177,17.448147063896375,2.6384514624047544,80.19609308221139,31.212456303124693,0.0,0.7659210994664638,20.984139711409966,3.0426968419214933,92.48318668454387,55.80674581883823,0.0,0.9065213034175359,24.83620009363112,3.2844362527708935,99.83088914197243,69.27163596915494,0.00016818028927009755
ripple_r20_pc_01,ripple_r20_pc,,common,1,346.279,1.3,0.5,0.1,0.02,1.0,True,"{""angle_deg"": 20.0, ""type"": ""ramp""}",,,20.0,,-5.45,-1.4,0.22101007166283437,-5.465494685795547,-1.419203570046503,1.9979817851305233,19386,22558,2154,44,115.4768335526246,0.9740747525455503,ripple,0.025,1078,True,False,,19.840000000000032,40.0,19.840000000000032,0.5002460811737948,0.02521401618819526,1.0085606475278104,0.0013742835782654013,0.05279022155537492,0.4828731963058923,12.568882033967567,12.826209687967843,0.3365462801500116,-0.4670456023066802,-12.568633337849647,12.826209687967843,7.638112351778318,0.2985748906805444,0.18934054808013714,0.8210767588338571,-0.24845820013814593,-7.443806302214463,0.07973742713185578,0.1051403005720507,0.08070670130771966,0.0,0.1021790552974109,0.009829466499119768,3.122860020140987,4.387713997985902,4.0,94,0.0009659881096061202,0.0006154036025144906,0.0011541621042048516,0.11563852419902138,17.112958814419592,0.8411218777719962,0.6337952338017464,17.364252980869765,1.5383779340097412,46.75920772066083,25.43674833514423,0.0,0.769238076107192,21.075015783758683,2.730964154691792,83.0080290179876,52.29321075608959,0.0,0.9121846852669692,24.991361240190933,3.008298169585687,91.43763433391146,66.79852233678257,0.0
ripple_r25_pc_01,ripple_r25_pc,,common,1,377.956,1.3,0.5,0.1,0.02,1.0,True,"{""angle_deg"": 25.0, ""type"": ""ramp""}",,,25.0,,-5.45,-1.4,0.26130913087034974,-5.445189103664657,-1.399839420703936,2.6240588623738086,19746,23084,2194,44,115.48930846412652,0.9730710685750432,ripple,0.025,1098,True,False,,20.220000000000027,40.0,20.220000000000027,0.5002175690879339,0.02473875218041213,0.9895500872164851,0.0046078510396986155,0.3994196778662032,0.8903655348362558,17.637838974644026,17.90957950455642,0.3823067256967719,-0.8839607366774983,-17.637697265418616,17.90957950455642,7.51544137990778,0.2824201876710651,0.22901073413382594,0.9138389568751657,-0.35718796935256236,-7.35442361736904,0.06847965438948163,0.10022643006135526,0.06983374606847309,0.0,0.10218007384026977,0.015202586831602034,3.1235177865612647,4.374505928853755,4.0,96,0.0008980848817576225,0.0006548037328243929,0.0014373214253720129,0.125662283868809,16.430761848628322,0.8076058225788547,0.6367251228160572,17.44452391276869,1.2810177335251418,38.936709225688205,19.226900282845868,0.0,0.7702105017963344,21.10165758346122,3.28836229737724,99.95022180477933,43.23325605821941,0.00016469038208168644,0.9102114969100146,24.93730128520588,3.0417896652825496,92.45561292652125,54.361201405843765,0.0
wave_r00_pc_01,wave_r00_pc,,capped,1,410.151,2.4,0.5,0.1,0.02,1.0,True,"{""angle_deg"": 0.0, ""type"": ""ramp""}",,,0.0,,-5.45,-1.4,0.05,-5.449737940335721,-1.3814095276449858,-1.6402436198451797,20340,24301,2261,46,116.31771735949907,0.9794801669742473,wave,0.0245,1131,True,False,,19.819999999999993,40.816326530612244,19.819999999999993,0.5004142239463713,0.025247942681451637,1.0305282727123117,0.002016414358149407,0.31764769402070764,0.10768317877205864,0.1337395226994942,0.5340594648534138,0.1662773000746892,-0.02818018237743652,0.01767002601975004,0.5340594648534138,0.5340594648534138,0.14561493259804725,0.20474005533272335,0.6538129169593037,0.02257787380825857,-0.004274727096871941,0.09937557537716657,0.13652715851309047,0.10155991555594973,0.0,0.09827654384676567,-0.005863338948587175,2.9163306451612905,5.19758064516129,5.0,119,0.0006441267976052039,0.0003622260620404287,0.0018226211279225488,0.08613774225769737,15.763611362376142,0.774536197628287,1.372987441215677,37.61609427988156,1.887030994930316,57.35656519545034,13.008232272977146,0.0,0.8783730354971155,24.06501467115385,3.2924150234256393,100.07340496734466,99.99224724111028,0.10601478494623656,1.4185435906021477,38.864207961702675,3.2974072870658455,100.22514550352113,89.22152641195149,0.00016801075268817206
wave_r05_pc_01,wave_r05_pc,,capped,1,442.995,2.4,0.5,0.1,0.02,1.0,True,"{""angle_deg"": 5.0, ""type"": ""ramp""}",,,5.0,,-5.45,-1.4,0.09357787137382909,-5.458154000008651,-1.3829133225839363,1.707389144579999,20394,23595,2266,46,115.96800776868182,0.9749547634537578,wave,0.0245,1134,True,False,,19.860000000000014,40.816326530612244,19.860000000000014,0.5001429370362779,0.0251834308678891,1.0278951374648613,0.0009449103607873464,0.08471146907294065,0.12322939492749575,0.17552543091774808,0.5067774664681075,0.21278616116773197,-0.07394122755334298,0.009354217725036971,0.5067774664681075,5.332996366504997,0.1565424344909912,0.25431406899698183,0.9265475030488198,-0.05450593237546397,-5.020401325807061,0.1008385072692857,0.13769431121179096,0.10271605807237245,0.0,0.09943376376240824,-0.0059640682716529956,2.8601609657947686,5.2002012072434605,5.0,136,0.0005116599428539911,0.00026080734256879164,0.0007548640414752315,0.07091919628785955,14.816892214379894,0.7284191853096916,1.37593062586318,37.69672947570356,2.904259510452207,88.2753650593376,12.215324256784438,0.0,0.8810539535151606,24.138464479867412,3.2919570233629187,100.05948399279389,94.3235245084413,0.04896042924211938,1.5005178492095677,41.110078060536104,3.2864223221992863,99.89125599389928,80.76590001863593,0.001006036217303823
wave_r10_pc_01,wave_r10_pc,,capped,1,475.99,2.4,0.5,0.1,0.02,1.0,True,"{""angle_deg"": 10.0, ""type"": ""ramp""}",,,10.0,,-5.45,-1.4,0.13682408883346517,-5.436901322280877,-1.4155852963076374,-2.6552689273510834,20448,23754,2273,46,115.50241956292578,0.9738761939624411,wave,0.0245,1138,True,False,,19.920000000000016,40.816326530612244,19.920000000000016,0.5002324311904426,0.02511206983887762,1.0249824424031682,-0.001689741193960051,-0.2674790579346628,0.17550997292876658,2.7539439367551926,3.1445049300009766,0.26154401843147407,0.14721069762364958,-2.7523548042667736,3.1445049300009766,7.382570383113745,0.1328198206518778,0.2883385210429977,0.7295662662115293,0.3618055715946426,-7.26913279746838,0.09705579827077464,0.1379812666223927,0.0987550836284198,0.0,0.09990768714874598,-0.003952014692290302,3.033099297893681,5.20962888665998,5.0,131,0.0009245665308438319,0.0007617543787134843,0.0025948240182541334,0.19948577463341238,13.62930761329482,0.6699133641384354,1.3820598197381797,37.864652595566575,3.1992979460040853,97.24309866273815,10.51026316189279,0.0,0.9051070168190696,24.797452515590948,3.2906549188414447,100.01990634776428,21.732132102625133,0.009528585757271816,1.5852823640156986,43.43239353467667,3.289733091656536,99.9918872843932,70.93820444975876,0.0021731862253426947
wave_r15_pc_01,wave_r15_pc,,capped,1,508.74600000000004,2.4,0.5,0.1,0.02,1.0,True,"{""angle_deg"": 15.0, ""type"": ""ramp""}",,,14.999999999999998,,-5.45,-1.4,0.17940952255126036,-5.468039464417476,-1.404416188628047,-0.8037656564271705,20484,26130,2276,46,115.47403243902316,0.9733651523280011,wave,0.0245,1139,True,False,,19.939999999999998,40.816326530612244,19.939999999999998,0.5001191767335061,0.02508120244400733,1.023722548734993,-0.000639629539102432,-0.21596447517847722,0.10253864675237809,7.542514843948789,7.920878983119996,0.2984198353374704,0.047177116776246315,-7.5419789011589256,7.920878983119996,7.594164293687388,0.14896149207195117,0.2602979277904446,0.8023062489424813,0.07688770218336019,-7.4905667710783055,0.08874614650640082,0.13491869323413264,0.08993230955842237,0.0,0.1000542506833279,0.0029092117630557155,3.1372745490981964,5.212424849699399,5.0,104,0.001215653197703939,0.0008039485566745663,0.002435600100021193,0.16718131473510803,13.117891587178985,0.6449251983145773,1.3802277649928758,37.81445931487331,3.1930484698746864,97.05314498099351,14.03510739312023,0.0,0.9053894435594005,24.805190234504128,3.2227139741168482,97.95483204002578,22.908712022195456,0.0,1.5896045601144342,43.55080986614888,3.2896724420945582,99.99004383266134,65.02767685674486,0.0021710086840347363
wave_r20_pc_01,wave_r20_pc,,capped,1,541.74,2.4,0.5,0.1,0.02,1.0,True,"{""angle_deg"": 20.0, ""type"": ""ramp""}",,,20.0,,-5.45,-1.4,0.22101007166283437,-5.461604538970064,-1.402379819250052,-1.186179802140802,20484,24392,2276,46,115.47550439103773,0.9715004757313278,wave,0.0245,1139,True,False,,19.960000000000036,40.816326530612244,19.960000000000036,0.5001107489691734,0.025055648745950527,1.0226795406510418,-0.0016446125046867942,-0.23022517548790952,0.2024494203083474,12.506118048309308,12.873262735310812,0.3446139784169639,0.1858611216057052,-12.505804566838938,12.873262735310812,7.593125422916264,0.21438224585375784,0.2516757827027127,0.7659660830864615,0.02927862941274045,-7.524227884408866,0.07894643151299477,0.13025136284280522,0.07990728664522517,0.0,0.10005984841406447,0.008238011720731072,3.1631631631631634,5.206206206206206,5.0,102,0.0012665610391130507,0.0008466762469909017,0.0023050271436486805,0.1726827715887645,13.608174982489448,0.6690375897776238,1.3795048792030187,37.79465422474024,3.281234921582493,99.73358424262896,19.762256216605326,0.0001668335001668335,0.9064105971106245,24.8331670441267,3.2900646336113524,100.00196454745752,66.81093604799584,0.000333667000333667,1.5884105335131633,43.51809680857982,3.2895414430534498,99.98606209888905,63.09583010562168,0.0001668335001668335
wave_r25_pc_01,wave_r25_pc,,capped,1,574.7760000000001,2.4,0.5,0.1,0.02,1.0,True,"{""angle_deg"": 25.0, ""type"": ""ramp""}",,,25.0,,-5.45,-1.4,0.26130913087034974,-5.431525201672077,-1.4176226053825638,-1.7456416850701253,20602,25093,2289,46,115.49293543052602,0.9711554937915557,wave,0.0245,1145,True,False,,20.08000000000004,40.816326530612244,20.08000000000004,0.5003646787894742,0.024918559700670976,1.0170840694151417,-0.0025727124523931486,-0.2793542463142865,0.6809304022552664,17.66308801408805,18.023120247370173,0.39659753560572564,0.6770216648898666,-17.662915198088818,18.023120247370173,7.445920238520317,0.1561770515012227,0.28573944145657204,0.8462997278204824,0.251649077614862,-7.350461412646521,0.06793903777284392,0.12432048134501504,0.06913586631489857,0.0,0.09996326537462687,0.013186077108036777,3.1592039800995027,5.207960199004975,5.0,102,0.0011718824964793767,0.0008058656072936459,0.0021660273994163945,0.1642745843499349,14.2637285324971,0.7009060683503954,1.3741007581627367,37.64659611404758,1.2731756539438288,38.698348144189325,24.593338174019756,0.0,0.8936428937973458,24.483366953351943,2.4057801272527666,73.12401602591996,36.34691195211246,0.0,1.59259581988085,43.632762188516445,2.606869934474609,79.23616822111273,61.76152328958429,0.0
tripod_r00_pc_02,tripod_r00_pc,,common,2,607.792,0.95,0.5,0.1,0.02,1.0,True,"{""angle_deg"": 0.0, ""type"": ""ramp""}",,,0.0,,-5.45,-1.4,0.05,-5.462607892622805,-1.4017311951323723,1.01214455130104,21312,26231,2369,48,116.31812088564082,0.9754563612308812,tripod,0.025,1185,True,False,,22.279999999999973,40.0,22.279999999999973,0.5000143510478804,0.02244229582800184,0.8976918331200736,0.0004697037950902056,-0.057261627387190664,0.015639938540128743,0.03575497920872312,0.15646913095558837,0.16519877124856058,0.006243999744449147,-0.022355170677289926,0.15646913095558837,0.15646913095558837,0.023139055306836867,0.05011457921878665,0.3936545673370894,-0.006252865785034031,0.022337005521592148,0.09938439785773849,0.1284661979241641,0.10014756364369058,0.0,0.09756935275064561,0.09854721731603477,3.1524663677130045,3.811659192825112,3.0,141,0.00036849681431684475,0.0005904387135762458,0.0009671461333001033,0.16649886489775148,25.226777200145143,1.2405043230152513,0.3775937142768056,10.345033267857689,1.3773311843580884,41.86416973732792,41.736793271746954,0.0,0.6682779765337309,18.30898565845838,2.500633117216464,76.00708562967976,68.55961256661541,0.0,0.5823758159507548,15.955501806869997,2.203410920331375,66.9729763018655,65.43909255123585,0.0
tripod_r05_pc_02,tripod_r05_pc,,common,2,641.807,0.95,0.5,0.1,0.02,1.0,True,"{""angle_deg"": 5.0, ""type"": ""ramp""}",,,5.0,,-5.45,-1.4,0.09357787137382909,-5.4678907142649384,-1.3809345402683124,0.6877676949069409,21212,25021,2357,48,115.96925012454585,0.9701118641927291,tripod,0.025,1179,True,False,,22.159999999999968,40.0,22.159999999999968,0.5001970601948871,0.022572069503379415,0.9028827801351765,0.00044191961076060597,-0.04099135607897707,0.008267042008947378,0.020002363441628358,0.11521165161742244,0.20914604658836153,-0.0022752509271352066,-0.005402045608857516,0.11521165161742244,5.011133764977358,0.010534902847614847,0.011104103686067825,0.07513195250746371,-0.05561979743485243,-4.9945047070369055,0.10056664239083403,0.12614599450989283,0.10112012035489533,0.0,0.09875853626913399,0.09973384769344909,3.15058611361587,3.720468890892696,3.0,141,0.00038310713083776677,0.000584309294741829,0.000984234501709824,0.16471016094481195,26.182647512461244,1.2870375402422214,0.3798522713289357,10.406911543258513,1.3731369146797472,41.73668433677043,41.51561660537082,0.0,0.7029450177639559,19.258767609971397,2.6292694812781963,79.91700550997557,63.371499980352084,0.0,0.6378563241244779,17.475515729437753,2.3681993979056357,71.98174461719258,70.15078274428896,0.0
tripod_r10_pc_02,tripod_r10_pc,,common,2,675.672,0.95,0.5,0.1,0.02,1.0,True,"{""angle_deg"": 10.0, ""type"": ""ramp""}",,,10.0,,-5.45,-1.4,0.13682408883346517,-5.454574395324655,-1.4021358609803782,1.827510393592498,21216,25620,2358,48,115.47647029162549,0.971963611306344,tripod,0.025,1179,True,False,,22.139999999999986,40.0,22.139999999999986,0.500049057729896,0.02258577496521664,0.9034309986086655,0.00012164327261241642,-0.07988151049710027,0.08270713718222984,2.5274951330532005,2.5374897713576168,0.2537904490994915,-0.08153328055812971,-2.5274748631264354,2.5374897713576168,7.52621541605892,0.01669336882360054,0.01987764065049444,0.1457153479323824,-0.22484376383755306,-7.4662871532108275,0.09717312404582669,0.12409403887111484,0.09760697180607289,0.0,0.09937861190045319,0.09682273396410512,3.151624548736462,3.7454873646209386,3.0,141,0.0003672404106869617,0.0006065777354203335,0.0010074809200052417,0.1710381328696675,26.602394009612162,1.3080587848833534,0.378411515543477,10.36743878201307,1.341326419964622,40.76979999892468,38.909023680053416,0.0,0.7328223380864087,20.077324331134484,2.564901649800266,77.96053646809318,58.924910427223146,0.0,0.6713943588147656,18.394365994925085,2.4218244033284977,73.61168399174765,71.43281670373376,0.0
tripod_r15_pc_02,tripod_r15_pc,,common,2,709.335,0.95,0.5,0.1,0.02,1.0,True,"{""angle_deg"": 15.0, ""type"": ""ramp""}",,,14.999999999999998,,-5.45,-1.4,0.17940952255126036,-5.453759802836278,-1.3810207265072636,0.6309549925562152,21186,25348,2354,48,115.44417908318145,0.9715474543082495,tripod,0.025,1178,True,False,,22.1400000000001,40.0,22.1400000000001,0.5002263131440063,0.022593781081481665,0.9037512432592666,0.0007739124771968054,0.029011959340786743,0.08100364256904798,7.416048118975223,7.431343726718471,0.2970496067450719,-0.08036402078148089,-7.416046868288412,7.431343726718471,7.596001182430503,0.019436422831717218,0.034650433638142436,0.23037614519755462,-0.08061173042939546,-7.580005615515625,0.08799299985162501,0.11417751768923261,0.0884206192344756,0.0,0.09937674717077931,0.08768156289406585,3.151624548736462,3.747292418772563,3.0,141,0.000348751583942459,0.0006278340279064265,0.0010695892900006248,0.17696881207368548,25.932446104275463,1.2746631423590626,0.3797394405568285,10.403820289228179,1.0935009979829846,33.23711240069862,32.96810507610923,0.0,0.7246137720460355,19.852432110850287,2.519501712433273,76.58059916210556,55.59452934575145,0.0,0.6734550821775379,18.450824169247614,2.347878964306348,71.36410225855161,69.43572710953663,0.0
tripod_r20_pc_02,tripod_r20_pc,,common,2,743.2520000000001,0.95,0.5,0.1,0.02,1.0,True,"{""angle_deg"": 20.0, ""type"": ""ramp""}",,,20.0,,-5.45,-1.4,0.22101007166283437,-5.447624912498205,-1.391454438761648,-1.8444301477258798,21312,26442,2369,48,115.49132177393726,0.964647520386836,tripod,0.025,1185,True,False,,22.279999999999973,40.0,22.279999999999973,0.5003475381197916,0.0224572503644431,0.898290014577724,0.001755833562416046,0.3501811950939847,0.400523773386469,12.617474002840735,12.647865040294091,0.3398123743365778,0.39995596375347064,-12.617470846587821,12.647865040294091,7.398999877131424,0.01867111092397942,0.08487960406863558,0.14067288942267134,0.2313667728220286,-7.3681706419967,0.07718434223495597,0.10222003800474011,0.07792008347283419,0.0,0.09926337190670623,0.0769149831737259,3.1560538116591927,3.7210762331838567,3.0,141,0.00029256614124567387,0.0006427315477967597,0.0011296807265530528,0.18112324442993918,25.345730922263428,1.2455164002215284,0.3788587872365608,10.379692801001665,1.740672208404215,52.90796986031049,26.830421639942404,0.0,0.7285686924586404,19.960786094757275,2.8109215765563107,85.43834579198513,52.27338105287526,0.0,0.6731262814575318,18.44181593034334,3.283382159684465,99.79884983843358,66.6258123306791,0.00014947683109118088
tripod_r25_pc_02,tripod_r25_pc,,common,2,777.173,0.95,0.5,0.1,0.02,1.0,True,"{""angle_deg"": 25.0, ""type"": ""ramp""}",,,25.0,,-5.45,-1.4,0.26130913087034974,-5.469872529175276,-1.3837263992054158,1.0254258902149642,22572,25393,2509,51,115.4515273046622,0.9698533244424008,tripod,0.025,1255,True,False,,23.639999999999986,40.0,23.639999999999986,0.5001093435409137,0.021155217577872844,0.8462087031149137,0.0010870148071620862,0.0355099384252701,0.33294092643119416,17.46135951756235,17.467316551727652,0.36768675413190394,-0.33242930844399604,-17.461359322162377,17.467316551727652,7.546421271317707,0.012302849148657372,0.02510849644447212,0.12299555164116069,-0.14228555056249897,-7.527511250825996,0.06743443535410835,0.09089815341745613,0.06789094338184437,0.0,0.09937842629909259,0.06719472968787228,3.151310228233305,3.7269653423499576,3.0,150,0.0005216569877557594,0.0009768536421734609,0.0015024057982094387,0.2929913187841324,23.402936219726215,1.1505977326837102,0.37870036277359026,10.375352404755898,1.1225850293862387,34.121125513259535,13.668244336801816,0.0,0.7291277224546301,19.976101985058357,2.421583992033008,73.60437665753823,46.70288523758837,0.0,0.6761740208468413,18.525315639639487,2.1756068882993373,66.1278689452686,61.71775625806192,0.0
ripple_r00_pc_02,ripple_r00_pc,,common,2,812.6700000000001,1.3,0.5,0.1,0.02,1.0,True,"{""angle_deg"": 0.0, ""type"": ""ramp""}",,,0.0,,-5.45,-1.4,0.05,-5.437268509869221,-1.4152949758848608,2.8067089809823793,19206,21020,2135,43,116.31797354526981,0.9790638443952641,ripple,0.025,1068,True,False,,19.639999999999986,40.0,19.639999999999986,0.5003833685628158,0.025477768256762536,1.0191107302705014,-0.00012006539201000338,-0.08385176433315929,0.15400283513011967,0.3094337528321203,0.8131441533597852,0.16621620502634682,0.023582236563149454,0.24598321622694194,0.8131441533597852,0.8131441533597852,0.2196396906673089,0.39286532110893424,1.2501383452362054,-0.02566998920943117,-0.23445641207859072,0.10188506296336115,0.11269138447168281,0.10302074618657558,0.0,0.10044468183670176,-0.0051425975650299565,2.7171922685656154,4.390640895218718,4.0,93,0.0005906682706827785,0.00036242743071233853,0.000707268216655219,0.06735985287193028,21.09626557818529,1.0366254730712627,0.6387751770613525,17.500689782502807,3.293513349843316,100.10678874903697,39.74837948520127,0.0006781959986436081,0.7395214533029705,20.260861734327957,3.295198934944198,100.15802233872942,67.09454082626556,0.013394370973211257,0.8063826743596102,22.092676009852337,3.2964612314005017,100.19639001217331,83.62166789414532,0.000508646998982706
ripple_r05_pc_02,ripple_r05_pc,,common,2,844.173,1.3,0.5,0.1,0.02,1.0,True,"{""angle_deg"": 5.0, ""type"": ""ramp""}",,,5.0,,-5.45,-1.4,0.09357787137382909,-5.455596098689357,-1.3921070662197765,-2.4785033991134795,19278,20686,2142,43,115.96874778020282,0.9751754965548447,ripple,0.025,1072,True,False,,19.720000000000027,40.0,19.720000000000027,0.5000991554664157,0.025359997741704617,1.0143999096681846,-0.0005198395910129584,-0.007972251847862736,0.1553148710656672,0.16699123996834955,0.5090139491570692,0.21140541826954615,0.1142885963894259,-0.01030231142638945,0.5090139491570692,5.426381560422168,0.1997433140594479,0.32337384474468345,1.1097839522673296,0.09532118952801509,-4.975017555279898,0.10331656988180572,0.11271399858298453,0.10451687799208763,0.0,0.10157028013662546,-0.0036061798164697145,2.6646403242147922,4.37082066869301,4.0,94,0.0005848003883314053,0.00039061820768412973,0.0008614714272791615,0.07342162303043902,20.38227309822537,1.0021100827429705,0.6390426051518999,17.50801657950411,3.2941089394382868,100.12489177623972,39.29293190038457,0.00016886187098953058,0.7742957574111476,21.213582394825963,3.293844301519354,100.11684807049708,62.80538758044614,0.014522120905099628,0.8639149624822803,23.668903081706308,3.2829761737315795,99.78650983986563,74.69540993890097,0.00033772374197906115
ripple_r10_pc_02,ripple_r10_pc,,common,2,875.639,1.3,0.5,0.1,0.02,1.0,True,"{""angle_deg"": 10.0, ""type"": ""ramp""}",,,10.0,,-5.45,-1.4,0.13682408883346517,-5.442288181033137,-1.3843447450799597,-1.5524987405554442,19278,22277,2142,43,115.47832566503128,0.9713727919649581,ripple,0.025,1072,True,False,,19.739999999999895,40.0,19.739999999999895,0.5004143278624982,0.02535026990184908,1.014010796073963,0.0010181715590750207,0.10821099612729594,0.14598436079606308,2.616389294297052,2.906246284484445,0.2586701408500676,0.06701019555133829,-2.6152252282026183,2.906246284484445,7.5603722602155665,0.23586926699775862,0.26596188514262675,0.7833379553461894,0.18529519548234266,-7.407803638556674,0.0994016816441495,0.1116099879705786,0.10034255585165408,0.0,0.10218005039375219,-0.004604679984774157,2.97165991902834,4.361336032388664,4.0,125,0.0006807698130681795,0.00044125638554218217,0.0012769210363409956,0.1102225299688808,19.162552883806537,0.9415467679077856,0.6367298370151858,17.4446530689092,1.7643845463206755,53.6287096146102,36.776129358941894,0.0,0.768873383832373,21.065024214585563,3.2936882440136377,100.11210468126559,58.888948014523244,0.01703778677462888,0.9167203729070369,25.115626654987313,3.2844590173545005,99.83158107460487,71.72223943613972,0.00016869095816464237
ripple_r15_pc_02,ripple_r15_pc,,common,2,907.2220000000001,1.3,0.5,0.1,0.02,1.0,True,"{""angle_deg"": 15.0, ""type"": ""ramp""}",,,14.999999999999998,,-5.45,-1.4,0.17940952255126036,-5.431578849563178,-1.3915797765753433,1.430655304017775,19404,22605,2155,44,115.46448155608319,0.9726619074857717,ripple,0.025,1078,True,False,,19.82000000000005,40.0,19.82000000000005,0.5000975585032429,0.02523196561570341,1.0092786246281364,0.0011568788394927722,0.07948704771882062,0.23528499142066772,7.511096267913224,7.759080052260413,0.3052631301398746,-0.20160216766948647,-7.5107231261710945,7.759080052260413,7.628010534410685,0.2412609191265581,0.14577430581735915,0.5224887700990305,-0.16441631872331547,-7.5097477597886355,0.09021123701106588,0.10853297030196567,0.09103601286630728,0.0,0.10231731611363662,0.004631688247342685,3.086693548387097,4.368951612903226,4.0,94,0.0009216205865621511,0.0005845810822933785,0.0010690026225452234,0.10987950999116697,17.94134181710644,0.8821007580220045,0.6317814850793121,17.309081782994852,1.995288182987477,60.64705723366191,31.460456021382676,0.0,0.7650223065988292,20.959515249282994,3.2948689706155476,100.14799302782819,55.50841371093478,0.0018481182795698926,0.9265500558746661,25.384933037662083,3.2845198737294714,99.83343081244594,69.40797832697847,0.0011760752688172043
ripple_r20_pc_02,ripple_r20_pc,,common,2,939.018,1.3,0.5,0.1,0.02,1.0,True,"{""angle_deg"": 20.0, ""type"": ""ramp""}",,,20.0,,-5.45,-1.4,0.22101007166283437,-5.453098366497244,-1.4081831997032106,0.9066203113708147,19390,23291,2155,44,115.45422166650496,0.9703751521280517,ripple,0.025,1078,True,False,,19.839999999999918,40.0,19.839999999999918,0.5005049982872741,0.02522706644593126,1.0090826578372503,0.00116308557487344,0.04388893020864983,0.20315027930331866,12.491829729322617,12.715856070902234,0.34038751628515623,-0.1703226535025321,-12.491665161498767,12.715856070902234,7.625033290765716,0.2412306972628304,0.11773566181491979,0.5539769678452577,-0.1293128028042352,-7.530243404626836,0.08021983039717547,0.10513221202658452,0.08094435795657166,0.0,0.10226974517189712,0.010175671224332782,3.1007049345417927,4.371601208459214,4.0,94,0.0009293978923498783,0.0005810654192415104,0.0010903698487481782,0.10912978168155696,16.824140267204058,0.8264992323830486,0.6408736992296797,17.558183540539172,1.5119018895278424,45.954464727290045,25.67568133641232,0.0,0.7665536126746932,21.001468840402552,3.2903078867122733,100.0093582587317,51.84366067532439,0.00016784155756965425,0.9158626985733855,25.09212872803796,3.284059410314621,99.81943496397024,66.73736574504014,0.0003356831151393085
ripple_r25_pc_02,ripple_r25_pc,,common,2,970.5740000000001,1.3,0.5,0.1,0.02,1.0,True,"{""angle_deg"": 25.0, ""type"": ""ramp""}",,,25.0,,-5.45,-1.4,0.26130913087034974,-5.442896876048071,-1.4002728933367545,2.4824630453641046,19728,22295,2192,44,115.48470959599953,0.9705714547024669,ripple,0.025,1097,True,False,,20.220000000000027,40.0,20.220000000000027,0.5002183806864915,0.024738792318817548,0.9895516927527018,0.004358489850175486,0.382677267882588,0.8096800819804748,17.620299008722814,17.85073773436693,0.3843033223153591,-0.8045964229733386,-17.620189827144227,17.85073773436693,7.503845370085037,0.1929375202191382,0.06535084418402132,0.7354283804856728,-0.3297921483408426,-7.3764310452314525,0.06870638910864486,0.10039146181330419,0.07004526565130394,0.0,0.10231914315503089,0.015458844184316091,3.0968379446640317,4.3606719367588935,4.0,96,0.0008776674516328494,0.0006272942510083542,0.0014007021240687993,0.12038333606483036,16.34226113918666,0.8032581697309045,0.6330317923874361,17.343336777737974,1.2745607606851244,38.740448653043295,18.981678257751245,0.0,0.7629731940614868,20.903375179766762,3.290358301095873,100.01089061081682,42.96721131193405,0.0004940711462450593,0.9106883604172862,24.95036603882976,2.987175220649539,90.7955994118401,54.189817096075146,0.0
wave_r00_pc_02,wave_r00_pc,,capped,2,1002.753,2.4,0.5,0.1,0.02,1.0,True,"{""angle_deg"": 0.0, ""type"": ""ramp""}",,,0.0,,-5.45,-1.4,0.05,-5.462169459860132,-1.4173718309758554,1.9759169907881082,20358,22473,2263,46,116.3181229821184,0.9782414019617633,wave,0.0245,1132,True,False,,19.82000000000005,40.816326530612244,19.82000000000005,0.5001014806361574,0.02523216350333785,1.0298842246260347,0.002216302734270142,0.3105880727585709,0.09463976143813221,0.10104097021386596,0.4738191900220456,0.1662573471391228,0.01385880861303309,0.056889132203567214,0.4738191900220456,0.4738191900220456,0.13978328314971017,0.15034945627510102,0.6976544793068279,-0.02104120845680322,-0.04345634290627453,0.09958390052445475,0.13736386066602377,0.10152237107033399,0.0,0.09832637403410006,-0.005780782818140901,2.9284274193548385,5.202620967741935,5.0,120,0.000659472497714837,0.0003800903160708855,0.0018884185185434636,0.09120226954386011,15.701236889536542,0.7719525965288212,1.377686974117272,37.74484860595266,3.2876092050545793,99.92733146062551,12.947958734590385,0.00016801075268817206,0.876521952134194,24.01430005847107,3.2920562211046143,100.0624991217208,99.99314583182877,0.10618279569892473,1.4049843249247427,38.49272123081487,3.289429113620305,99.9826478304044,89.22520243268507,0.0011760752688172043
wave_r05_pc_02,wave_r05_pc,,capped,2,1035.537,2.4,0.5,0.1,0.02,1.0,True,"{""angle_deg"": 5.0, ""type"": ""ramp""}",,,5.0,,-5.45,-1.4,0.09357787137382909,-5.440886752058881,-1.3836725282245848,-1.377687160443596,20358,22294,2262,46,115.96690309017005,0.973660919293311,wave,0.0245,1132,True,False,,19.819999999999936,40.816326530612244,19.819999999999936,0.5001443728440782,0.02523432759051866,1.0299725547150473,0.00046757139757133,0.03760813104002501,0.14442228922383255,0.16416797089090956,0.4411353213358957,0.21466734330285203,0.03109066667901408,0.041599817321047505,0.4411353213358957,5.441135321335896,0.17809455676057398,0.21413583816774173,0.7764459115771347,0.15896032251592765,-5.054837387597881,0.10018682542021107,0.1375669122432105,0.10249079788337133,0.0,0.09938351175107264,-0.0056513799007527656,2.8891129032258065,5.20866935483871,5.0,131,0.0005061940568939189,0.00027432063770501167,0.0007198533521941606,0.07185122819370712,14.806531311546369,0.7279087159345708,1.3796990359846684,37.79997358862105,1.8973370131979972,57.669818030334255,12.677056461769178,0.0,0.8740180325779684,23.945699522684066,3.2910899694807183,100.0331297714504,91.06337521892313,0.039146505376344086,1.5137146106372013,41.471633168142496,3.285566652189756,99.86524778692268,78.59586876184466,0.0025201612903225806
wave_r10_pc_02,wave_r10_pc,,capped,2,1068.297,2.4,0.5,0.1,0.02,1.0,True,"{""angle_deg"": 10.0, ""type"": ""ramp""}",,,10.0,,-5.45,-1.4,0.13682408883346517,-5.440191837491869,-1.4183114811438775,1.1975667789457445,20448,22866,2272,46,115.44372899493095,0.9744191172029731,wave,0.0245,1137,True,False,,19.899999999999864,40.816326530612244,19.899999999999864,0.5002327096145774,0.02513732209118497,1.0260131465789784,-0.00033417080526353636,-0.2260653809620705,0.1244050302420512,2.5597716104990944,2.922473891894677,0.2617873509486957,0.07887522600055075,-2.5586206423621993,2.922473891894677,7.582644259527028,0.21207858343956715,0.20938489617318004,0.6979142274300685,-0.21116337052629733,-7.476326019743645,0.09759535263512377,0.13680409031565052,0.09918095245521986,0.0,0.10011139402130884,-0.00389293335152693,3.0240963855421685,5.1897590361445785,5.0,135,0.0008742061695879685,0.0007268170090402498,0.002829203852191332,0.19614925690454205,14.009152040705928,0.6885870275236989,1.3794830884853624,37.794057218777056,0.9651865116845109,29.336976039042884,10.844459341257348,0.0,0.9032685597872334,24.74708382978722,3.2908377991301903,100.02546501915472,84.35855824846392,0.014725568942436412,1.6001437820599453,43.83955567287522,3.2842402429257653,99.82493139591992,71.41285576179978,0.001004016064257028
wave_r15_pc_02,wave_r15_pc,,capped,2,1101.2910000000002,2.4,0.5,0.1,0.02,1.0,True,"{""angle_deg"": 15.0, ""type"": ""ramp""}",,,14.999999999999998,,-5.45,-1.4,0.17940952255126036,-5.460263684839991,-1.4012670247257313,-0.8697033177585327,20484,24339,2277,46,115.4686046449174,0.9713210082993554,wave,0.0245,1139,True,False,,19.960000000000036,40.816326530612244,19.960000000000036,0.5005305088474447,0.025076678799972132,1.023537910202944,-0.0012424315596295463,-0.2972860834281477,0.22852171147033704,7.568583246880745,7.991977239510185,0.3011854745085836,0.20893957769592966,-7.567836944364842,7.991977239510185,7.574042464888704,0.21302046025808602,0.13412215852235773,0.5907749002253672,0.11433064718185774,-7.461539769545839,0.08843234045316338,0.13428551205704908,0.08975005115589081,0.0,0.10000477745052294,0.002649653534312676,3.1471471471471473,5.1991991991991995,5.0,103,0.001257516170156336,0.0008166373521883004,0.002449761322572621,0.16804847312865578,13.257164266918906,0.6512352724315678,1.3724567362507925,37.60155441782993,0.9971115930693923,30.307343254388826,14.160759526430843,0.0,0.8993483828951031,24.63968172315351,3.205938310836946,97.44493346008954,41.947728254018315,0.0,1.5933443426740899,43.653269662303835,3.2837536404988197,99.81014104859634,65.16704705949512,0.000333667000333667
wave_r20_pc_02,wave_r20_pc,,capped,2,1134.238,2.4,0.5,0.1,0.02,1.0,True,"{""angle_deg"": 20.0, ""type"": ""ramp""}",,,20.0,,-5.45,-1.4,0.22101007166283437,-5.438039700333658,-1.3954071343348848,-1.3012154829848894,20502,23384,2278,46,115.4775639075178,0.9673369875131015,wave,0.0245,1140,True,False,,19.97999999999979,40.816326530612244,19.97999999999979,0.5001598691149298,0.025033026482228982,1.0217561829481216,-0.0012482696411569155,-0.31578556015535375,0.37092470463044447,12.60436845018832,13.005233532216216,0.34877470266235194,0.3610355735353172,-12.603993680480004,13.005233532216216,7.517220264183034,0.2092597728084423,0.15767122501221184,0.5784196529963271,0.16528960824374123,-7.419935173042691,0.07866390771356895,0.1304300209491957,0.07980993391869254,0.0,0.09998866399714465,0.007983117045916336,3.169,5.205,5.0,102,0.0012617230233208272,0.0008495767371128929,0.0023502485585275815,0.17325771709384216,13.260289515670465,0.6518714811704377,1.3786711992642324,37.77181367847212,1.433336263290655,43.56645177175243,19.243751328689275,0.0,0.8969621385181585,24.574305164881057,3.014135774723857,91.61506914054277,32.32220043112578,0.0,1.5885216690378805,43.52114161747618,3.283852216387448,99.81313727621422,63.40482424259975,0.00016666666666666666
wave_r25_pc_02,wave_r25_pc,,capped,2,1167.3490000000002,2.4,0.5,0.1,0.02,1.0,True,"{""angle_deg"": 25.0, ""type"": ""ramp""}",,,25.0,,-5.45,-1.4,0.26130913087034974,-5.44067105094063,-1.4093909443929342,-2.9294171904731385,20592,24636,2289,46,115.52044263778089,0.9697225712160457,wave,0.0245,1145,True,False,,20.079999999999927,40.816326530612244,20.079999999999927,0.5004718769350223,0.024923898253736258,1.0173019695402554,-0.0025128179610444494,-0.3331846066482229,0.7869175119094808,17.680209992460252,18.08623122048772,0.3948273830056255,0.7831064674186053,-17.679962317880893,18.08623122048772,7.447011801537964,0.22916918094278715,0.2565459991246483,0.7636547070585158,0.2815120154537521,-7.327074831595418,0.06791207733080508,0.12340109542429037,0.06901602000025973,0.0,0.09996832960174065,0.01305962926712592,3.1701492537313434,5.197014925373134,5.0,104,0.0011652807899558673,0.0008016575821930496,0.002172862737392382,0.1665854492145055,14.454288554478227,0.7101183123575873,1.3841157867475695,37.92098045883752,1.2778502626853767,38.84043351627285,25.221792664434677,0.0,0.9050558086210407,24.79604955126139,2.987484167470467,90.80498989271936,50.00445302237159,0.0,1.586402681213833,43.46308715654337,3.284000994547558,99.81765940874035,63.049789798679214,0.0003316749585406302
tripod_r00_pc_03,tripod_r00_pc,,common,3,1200.3700000000001,0.95,0.5,0.1,0.02,1.0,True,"{""angle_deg"": 0.0, ""type"": ""ramp""}",,,0.0,,-5.45,-1.4,0.05,-5.463855791555046,-1.402693303222264,0.5854174088984497,21330,25114,2371,48,116.31816692161796,0.9747761076119642,tripod,0.025,1186,True,False,,22.300000000000182,40.0,22.300000000000182,0.5003343970883859,0.02243652004880636,0.8974608019522543,0.0008051008143439417,-0.006120866591281862,0.020692669585513378,0.04949797179920476,0.12176954178628159,0.1651730530002997,-0.01007995810854569,0.023776758218544077,0.12176954178628159,0.12176954178628159,0.03343287765294538,0.0763938455293404,0.337317861802686,0.009917136702722313,-0.02382220021801189,0.09927982112790618,0.12993985810488531,0.10013274233438471,0.0,0.09758940240308094,0.09850442849958607,3.1594982078853047,3.8584229390681,3.0,144,0.0003639249342132292,0.0005721005647216627,0.0009697280850548827,0.16465462927131708,25.24697789574722,1.2407024736908097,0.379657503662476,10.401575442807562,1.3758395869870759,41.81883243121811,41.589701211382234,0.0,0.667250656917739,18.28083991555449,2.4990471283168354,75.95887928014697,68.56913883565923,0.0,0.5774237394868125,15.819828479090754,2.1998086111117505,66.86348362041795,65.47816508910965,0.0
tripod_r05_pc_03,tripod_r05_pc,,common,3,1234.2920000000001,0.95,0.5,0.1,0.02,1.0,True,"{""angle_deg"": 5.0, ""type"": ""ramp""}",,,5.0,,-5.45,-1.4,0.09357787137382909,-5.460177223390503,-1.3960446719283284,-0.3847851377176108,21258,24760,2363,48,115.95712589020076,0.968963001910226,tripod,0.025,1182,True,False,,22.220000000000027,40.0,22.220000000000027,0.5003105911994832,0.022516228226799394,0.9006491290719757,0.0007366047883939743,-0.0004719946333864746,0.03229641438756667,0.047400268677897685,0.14033452545505026,0.20974757346188483,-0.00537110469344476,-0.019588236317508296,0.14033452545505026,5.074521649934028,0.04792880562267313,0.07300113504315463,0.3665462262032819,0.04810019093749603,-4.97958928640554,0.10045835275297926,0.12676877261967529,0.10109998603510524,0.0,0.09871179526493772,0.09963520192434626,3.1546762589928057,3.7392086330935252,3.0,144,0.00033932670951606497,0.0005759119647610023,0.0010008560179553389,0.16575948984089867,26.38247971278198,1.2965658911301339,0.37884916103105626,10.379429069344006,2.3075485957267996,70.13825518926443,41.594249670258925,0.0,0.7027508489294259,19.25344791587468,3.2142981844305787,97.69903296141575,63.198647866100075,0.0,0.6540144759981781,17.918204821867896,3.283790227726313,99.81125312238034,69.90651427071518,0.00014988009592326138
tripod_r10_pc_03,tripod_r10_pc,,common,3,1268.097,0.95,0.5,0.1,0.02,1.0,True,"{""angle_deg"": 10.0, ""type"": ""ramp""}",,,10.0,,-5.45,-1.4,0.13682408883346517,-5.455661930848552,-1.4164791307809936,-2.0955660517802683,21168,25127,2352,48,115.50216829574518,0.9699222056098753,tripod,0.025,1177,True,False,,22.12000000000012,40.0,22.12000000000012,0.5002949452355583,0.022617312171589313,0.9046924868635725,0.0009551913783639281,0.04094537940074225,0.07800191218621191,2.707227683488232,2.858999642191976,0.25447922544701257,0.05105552856728096,-2.706814949530023,2.858999642191976,7.365860278781747,0.1440255465051368,0.08097984561710818,0.5466781170791848,0.34280125209406587,-7.284152891660561,0.09674347086436988,0.12312196343422183,0.09732593172189859,0.0,0.09923098260528063,0.0963371592476074,3.1553748870822043,3.729900632339657,3.0,141,0.00034167553016880686,0.0006062397727980301,0.0010060683721492866,0.17085851609576508,26.879663494339326,1.321040375407094,0.3777515400399033,10.349357261367214,1.7912832345671277,54.446298923012996,38.875253841703966,0.0,0.7331220419261639,20.08553539523737,3.2818931689369673,99.75359176100204,58.765838559830314,0.00045167118337850043,0.6730013315711669,18.438392645785395,3.2897882452883627,99.99356368657637,70.90660851559228,0.00015055706112616682
tripod_r15_pc_03,tripod_r15_pc,,common,3,1301.996,0.95,0.5,0.1,0.02,1.0,True,"{""angle_deg"": 15.0, ""type"": ""ramp""}",,,14.999999999999998,,-5.45,-1.4,0.17940952255126036,-5.460257879876004,-1.398946050419108,-0.4533193340641318,21204,24309,2356,48,115.4596753964822,0.9697899744727069,tripod,0.025,1179,True,False,,22.159999999999854,40.0,22.159999999999854,0.5001553290430923,0.02257018632865955,0.902807453146382,0.0006569946559374499,0.015303133086286594,0.045866349038841445,7.506979633972573,7.579786578663048,0.29471497596259094,0.01990640824902331,-7.506913803884516,7.579786578663048,7.546441378152639,0.13055978598871232,0.09326198752217246,0.5284656257465347,0.07887931176758484,-7.489495489077916,0.08778039203677185,0.1136519598972945,0.0882950216288361,0.0,0.09934755327212849,0.08747757105465791,3.146979260595131,3.734896302975654,3.0,141,0.0003524065877863842,0.0006255326418845175,0.0010538956965347014,0.17634525927240785,26.01631116480145,1.2789677357617486,0.38026743786949574,10.41828596902728,1.097554099700582,33.3603069817806,32.91681555901987,0.0,0.743339250668936,20.365458922436602,3.280551006221075,99.71279654167402,55.52688103923482,0.00015028554253080853,0.6746354593403787,18.483163269599416,3.289772230266094,99.99307690778402,69.17451772632006,0.00015028554253080853
tripod_r20_pc_03,tripod_r20_pc,,common,3,1335.93,0.95,0.5,0.1,0.02,1.0,True,"{""angle_deg"": 20.0, ""type"": ""ramp""}",,,20.0,,-5.45,-1.4,0.22101007166283437,-5.4441939386930045,-1.4112433304715872,2.639396394095905,21312,25291,2369,48,115.49117730763741,0.9695303829497224,tripod,0.025,1185,True,False,,22.279999999999973,40.0,22.279999999999973,0.500098054061829,0.02244605269577332,0.8978421078309327,0.00022526237583987696,-0.2348925653183065,0.5961924986680336,12.579872666859929,12.620682448584605,0.3405393639462451,-0.5951261756391679,-12.579848745095394,12.620682448584605,7.475992349684183,0.13348205210748507,0.0624478459214221,0.4605276920493248,-0.3083039340828946,-7.39552185531554,0.0773863323795287,0.10219315611696039,0.07805944023217827,0.0,0.09943648049175377,0.0771256901123797,3.148878923766816,3.724663677130045,3.0,144,0.00028162456582652893,0.0006191738944747075,0.0011074523720446274,0.17828707819196948,25.54318311297559,1.2558533442120297,0.3785638424566778,10.37161212210076,1.7309129880681098,52.611337023346806,27.081849863631874,0.0,0.731070541331116,20.029329899482633,3.2806056423330237,99.71445721376972,52.39708454789099,0.00029895366218236175,0.6758973425698731,18.517735412873236,3.2900595080439747,100.00180875513601,66.80382844409743,0.0004484304932735426
tripod_r25_pc_03,tripod_r25_pc,,common,3,1369.8090000000002,0.95,0.5,0.1,0.02,1.0,True,"{""angle_deg"": 25.0, ""type"": ""ramp""}",,,25.0,,-5.45,-1.4,0.26130913087034974,-5.463633945575459,-1.4128346386212123,-1.15920685998948,22575,26164,2509,51,115.47942683838876,0.9689162545510401,tripod,0.025,1255,True,False,,23.680000000000064,40.0,23.680000000000064,0.5004351469362005,0.021133241002373276,0.845329640094931,-0.00046193940016789337,-0.2675513205304611,0.44648854056226245,17.60201637125872,17.66580717297822,0.3704900163404464,0.44488790418505947,-17.602001764985875,17.66580717297822,7.432881858210222,0.12339285997829598,0.13425705250016393,0.4685039849570712,0.21054676649688833,-7.382800924229913,0.0666284326859608,0.09056513973125745,0.06729491481637478,0.0,0.09930158503153957,0.06636270349602236,3.1434599156118144,3.7232067510548523,3.0,153,0.000512569164601632,0.0009522089882840998,0.0015493967191584752,0.29112245154393024,23.582446318772217,1.1586706825193631,0.3802547864987594,10.417939356130393,1.1330230794529992,34.43839147273554,14.045159486591203,0.0,0.7294986008970525,19.986263038275414,2.5187236904937893,76.55695107883858,47.08038666923729,0.0,0.6813376340982308,18.666784495841938,3.1437478328765853,95.554645376188,61.66823218243517,0.0
ripple_r00_pc_03,ripple_r00_pc,,common,3,1405.351,1.3,0.5,0.1,0.02,1.0,True,"{""angle_deg"": 0.0, ""type"": ""ramp""}",,,0.0,,-5.45,-1.4,0.05,-5.453236965569299,-1.4093040707960722,1.402094497039762,19206,19705,2135,43,116.3180139651996,0.979367594411056,ripple,0.025,1068,True,False,,19.639999999999873,40.0,19.639999999999873,0.5004138190529859,0.0254793186890524,1.019172747562096,0.000310823516747152,-0.1051011365767719,0.1142521271681091,0.15871046479213843,0.5323474532694307,0.16621677754325245,-0.05704384598031772,0.062389685265116956,0.5323474532694307,0.5323474532694307,0.14436468379676734,0.2803279636557918,0.9355381965814173,0.06315441564810799,-0.05052317442134736,0.1024200166210409,0.11239481783285792,0.10316505515860155,0.0,0.10062864177036114,-0.004729854650709808,2.7344862665310274,4.385554425228891,4.0,91,0.0006181695639466032,0.0003338521614916322,0.0006716278419118483,0.06071083506992932,21.031023125915013,1.0333565443765302,0.6384214981501701,17.49099994931973,3.2937083729485206,100.11271650299454,40.13422035623064,0.00033909799932180403,0.732962612700964,20.08116747125929,3.294598296990387,100.13976586596921,67.318944916685,0.018989487962021025,0.7969392761940717,21.83395277244032,3.296935043800365,100.21079160487433,82.15988726765565,0.001865038996269922
ripple_r05_pc_03,ripple_r05_pc,,common,3,1436.8790000000001,1.3,0.5,0.1,0.02,1.0,True,"{""angle_deg"": 5.0, ""type"": ""ramp""}",,,5.0,,-5.45,-1.4,0.09357787137382909,-5.46273921925282,-1.3904737686647102,-1.9185158243477334,19278,20829,2142,43,115.95671498600312,0.973130673524451,ripple,0.025,1072,True,False,,19.720000000000027,40.0,19.720000000000027,0.5002052523693999,0.025365377909198746,1.0146151163679498,0.00032917882319254826,-0.03049548660710895,0.15244839893687728,0.16693302734778945,0.4711691351589778,0.21094862005475373,-0.04969449007585007,-0.11910821116036245,0.46984929813091036,5.319067944202544,0.17925187707657944,0.22386648250176822,0.7377823643727409,0.21501634079946158,-4.872284642925139,0.10368624832251953,0.11230034615094532,0.10458111668530602,0.0,0.1017633227478497,-0.0032987526298735173,2.6930091185410334,4.372847011144883,4.0,92,0.000586993731311254,0.0003767953264822906,0.0008770071449042537,0.06930187615289922,20.226723583578725,0.9942517594167201,0.636396310346611,17.435515351961946,2.8318605100877297,86.07478754066047,39.323154785713584,0.0,0.7402624826206831,20.281163907415976,3.294907294678371,100.1491578929596,62.42500325385799,0.009287402904424182,0.8570639657941497,23.481204542305473,3.28405960604208,99.81944091313314,75.04298536566176,0.0035460992907801418
ripple_r10_pc_03,ripple_r10_pc,,common,3,1468.496,1.3,0.5,0.1,0.02,1.0,True,"{""angle_deg"": 10.0, ""type"": ""ramp""}",,,10.0,,-5.45,-1.4,0.13682408883346517,-5.455445479335102,-1.3937628642894357,-1.696583386819459,19260,21611,2140,43,115.49785491698816,0.971377169285619,ripple,0.025,1071,True,False,,19.720000000000027,40.0,19.720000000000027,0.5004452275254245,0.0253775470347578,1.0151018813903119,0.0005094745282027829,0.05022182382760661,0.15951123647506538,2.712642670142115,2.995568254335393,0.2558111747704509,-0.03530280299859327,-2.7101025611111544,2.995568254335393,7.628214141978651,0.29111126820250044,0.2769440874066857,0.8334474028793476,0.30796047000308846,-7.311244964955937,0.09914147870623234,0.11147509599502481,0.10006967122919631,0.0,0.1023053579982845,-0.004559102767210874,2.951367781155015,4.375886524822695,4.0,125,0.0006856061264422463,0.0004273226193496564,0.0011293681082833473,0.10673555521667236,19.214950141337162,0.9440644674948225,0.634795448639359,17.391656127105726,2.285082090375197,69.45538268617621,36.678165372858125,0.0,0.7721949613353674,21.15602633795527,3.293829574081163,100.11640042799888,58.618603655402104,0.0121580547112462,0.9004065532191398,24.668672690935335,3.267526672418428,99.31692013429873,71.31120782898809,0.0005065856129685917
ripple_r15_pc_03,ripple_r15_pc,,common,3,1500.193,1.3,0.5,0.1,0.02,1.0,True,"{""angle_deg"": 15.0, ""type"": ""ramp""}",,,14.999999999999998,,-5.45,-1.4,0.17940952255126036,-5.4365021687814,-1.4060464097413534,2.08164467124952,19350,23007,2150,44,115.47724871800948,0.9702139553506399,ripple,0.025,1076,True,False,,19.799999999999955,40.0,19.799999999999955,0.5002100659812508,0.025263134645517778,1.010525385820711,-3.47230650777422e-05,-0.06611469832252784,0.2805963528931504,7.5693979653180055,7.7433151703474135,0.30454081482596734,-0.27161159757104963,-7.569178205093974,7.7433151703474135,7.553553542444566,0.10102888529878032,0.3093376816998256,0.6676927128228257,-0.2451230453591816,-7.448103266859566,0.09006793760331393,0.1087392493976333,0.09097245590156586,0.0,0.10250042015315308,0.00436702543168978,3.0797174571140262,4.376387487386478,4.0,94,0.0009495550257751453,0.0005441216375619036,0.0008700722177354205,0.10225190797494678,18.49476806386462,0.9091083176925432,0.6360919998346023,17.427178077660336,2.270660186793998,69.01702695422486,31.394722202079944,0.0,0.7666395515958567,21.003823331393335,3.2905955930557482,100.01810313239355,55.12783801184372,0.0031954254961318535,0.9033432295806167,24.749129577551145,3.283145834111548,99.7916666903206,69.06581472878169,0.0031954254961318535
ripple_r20_pc_03,ripple_r20_pc,,common,3,1536.4150000000002,1.3,0.5,0.1,0.02,1.0,True,"{""angle_deg"": 20.0, ""type"": ""ramp""}",,,20.0,,-5.45,-1.4,0.22101007166283437,-5.452436892451977,-1.4111343271348915,2.361399730795678,19386,22947,2153,44,115.48544331859793,0.9691821641975683,ripple,0.025,1077,True,False,,19.819999999999936,40.0,19.819999999999936,0.5002167228685387,0.0252379779449314,1.0095191177972558,0.0012660468504805712,-0.10556079014830891,0.5212633527364692,12.593794851678934,12.806937174538616,0.3404165571676626,-0.5159208542255247,-12.593664912153097,12.806937174538616,7.513646900341238,0.07401515875095116,0.29051221247004894,0.6490887338995677,-0.2844025012680173,-7.414694943219451,0.07954957199325831,0.10525171879832365,0.08082447199797023,0.0,0.10249046210505657,0.009735705073781834,3.091733870967742,4.378024193548387,4.0,94,0.0009508572059934423,0.0005613711776866625,0.0009673580025669746,0.10549171278139988,17.433992030306605,0.8569517965689102,0.6391463045211504,17.51085765811371,2.278484539714604,69.25484923144693,25.495668554898053,0.0,0.7644238684976984,20.94311968486845,3.2906081384446435,100.01848445120497,51.518879198177196,0.002688172043010753,0.9094900072863998,24.917534446202737,3.283188611122032,99.79296690340523,66.59728019416572,0.002856182795698925
ripple_r25_pc_03,ripple_r25_pc,,common,3,1568.1190000000001,1.3,0.5,0.1,0.02,1.0,True,"{""angle_deg"": 25.0, ""type"": ""ramp""}",,,25.0,,-5.45,-1.4,0.26130913087034974,-5.4528067597548135,-1.4022622026781384,1.256608758133909,19674,23384,2185,44,115.4586122998516,0.9684908591116884,ripple,0.025,1093,True,False,,20.139999999999873,40.0,20.139999999999873,0.5001686349886675,0.02483458962207898,0.9933835848831591,0.0010421611127390644,0.1763396763083041,0.4218317662943427,17.48917977101617,17.681446395107837,0.37919920968096776,-0.416193145046898,-17.489083237400454,17.681446395107837,7.628638453864051,0.12357560944245606,0.1860199988117303,0.4047784146562018,-0.14238685811760532,-7.527353113847306,0.06940767075518861,0.10141493199058896,0.0702862441081393,0.0,0.1024937609917096,0.015674657420167673,3.0922619047619047,4.379960317460317,4.0,95,0.0008826440174712766,0.000587520110854344,0.0012277326637990921,0.11159094121938944,16.595432736608753,0.8158124919929586,0.6392408520286148,17.513448000783967,2.7302115389335992,82.98515315907598,18.539110178497427,0.0,0.7735409412198183,21.192902499173105,3.2905741615952127,100.01745172021923,42.30650769365318,0.0021494708994708994,0.9032836197596383,24.747496431770912,3.2849991303565016,99.84799788317633,54.166586544826245,0.0023148148148148147
wave_r00_pc_03,wave_r00_pc,,capped,3,1600.1290000000001,2.4,0.5,0.1,0.02,1.0,True,"{""angle_deg"": 0.0, ""type"": ""ramp""}",,,0.0,,-5.45,-1.4,0.05,-5.457558741653378,-1.3910006272853805,-2.36453164853085,20358,22453,2263,46,116.3181641397916,0.9749521323706088,wave,0.0245,1132,True,False,,19.840000000000146,40.816326530612244,19.840000000000146,0.5001020572051292,0.025206756915580927,1.0288472210441195,0.0031677491503673168,0.34922251260212084,0.10015076579713048,0.22728834136282738,0.4697362760554616,0.16627785936215833,-0.009857394859858943,-0.038014462361619615,0.4697362760554616,0.4697362760554616,0.14438476347234,0.2987453725386443,1.0754090963892644,0.0014629526101423511,0.052554197842129974,0.09947171725723321,0.13812598172724322,0.10153011006821418,0.0,0.09835105047119827,-0.006237299687752946,2.9254783484390736,5.210473313192346,5.0,119,0.0006414861231324898,0.0003721388975564501,0.002062941524497233,0.08854920671193,15.844015657454065,0.7789634510363637,1.3684507655992677,37.491801797240214,2.6222574632570685,79.70387426313278,13.056670146193838,0.0,0.8792962062898511,24.090307021639756,3.292536029959969,100.07708297750665,99.98744219280256,0.10792212151728768,1.4164133388547546,38.80584490013027,3.2912554125268634,100.03815843546697,89.24910270503743,0.0005035246727089627
wave_r05_pc_03,wave_r05_pc,,capped,3,1637.3480000000002,2.4,0.5,0.1,0.02,1.0,True,"{""angle_deg"": 5.0, ""type"": ""ramp""}",,,5.0,,-5.45,-1.4,0.09357787137382909,-5.465147379495658,-1.3874453629046428,1.1199421172383288,20358,22430,2263,46,115.96622838742692,0.9715374248470655,wave,0.0245,1132,True,False,,19.839999999999918,40.816326530612244,19.839999999999918,0.500004651156484,0.025201847336516432,1.0286468300618952,0.0012584656394818636,0.02248174665998343,0.11583741499730801,0.2240771127848123,0.6892549750576884,0.2120943460623144,-0.006454137556181614,0.10416305878302916,0.6892549750576884,5.689254975057688,0.15695232047877739,0.29338898391484963,1.1537156104456259,-0.11820629665790792,-5.117644211773104,0.1000674292678265,0.1369612324341845,0.10247267030426627,0.0,0.09957531069712519,-0.005779180935748819,2.8519637462235647,5.2004028197381675,5.0,132,0.0004932133438596921,0.0002697781209231947,0.0006491399878707562,0.07122053576149656,14.63969462881809,0.7199059599943336,1.3796887234972408,37.79969105471893,2.919352707128131,88.7341248367213,12.332614805191984,0.0,0.8775969624530083,24.04375239597283,3.2908306584231806,100.02524797638846,92.5967348794476,0.04397448808324941,1.511180268481804,41.40219913648779,3.2972693472224504,100.220952803114,81.05750570534008,0.0016784155756965425
wave_r10_pc_03,wave_r10_pc,,capped,3,1670.19,2.4,0.5,0.1,0.02,1.0,True,"{""angle_deg"": 10.0, ""type"": ""ramp""}",,,10.0,,-5.45,-1.4,0.13682408883346517,-5.44584175401522,-1.383359389457908,2.516482117392454,20430,23564,2271,46,115.4791813464218,0.9717021990316714,wave,0.0245,1136,True,False,,19.90000000000009,40.816326530612244,19.90000000000009,0.5002455045041968,0.025137965050462036,1.0260393898147768,-0.0002580028863981322,-0.2837061200472819,0.13223807846135588,2.5641023754246772,2.845834039285816,0.26095975859995063,-0.10117380904604012,-2.5633164856793766,2.845834039285816,7.550958489964319,0.10324245051866038,0.20491211597602646,0.8895224660185531,-0.2217806276722012,-7.4687694554035655,0.09776100949652347,0.13658143334088232,0.09910729339099246,0.0,0.10020262263555824,-0.004143104104834721,2.9728915662650603,5.198795180722891,5.0,139,0.0008244715504973253,0.0006546668633061241,0.0026889966583020326,0.18190804356292378,13.418642129537231,0.6595450808972445,1.3724417603506132,37.601144119194885,3.284917174264696,99.84550681655611,10.565912447398754,0.000502008032128514,0.901363479022893,24.694889836243647,3.2905062808492866,100.01538847566222,83.70440513158373,0.015562248995983935,1.5691888731489416,42.99147597668333,3.1790572985186314,96.62788141394017,70.96590356203016,0.0
wave_r15_pc_03,wave_r15_pc,,capped,3,1711.93,2.4,0.5,0.1,0.02,1.0,True,"{""angle_deg"": 15.0, ""type"": ""ramp""}",,,14.999999999999998,,-5.45,-1.4,0.17940952255126036,-5.457588578331878,-1.4018594630065768,1.3270551852647217,20485,24947,2278,46,115.45867824650796,0.9688908882899426,wave,0.0245,1139,True,False,,19.940000000000055,40.816326530612244,19.940000000000055,0.5002785004065168,0.02508919259812013,1.024048677474291,-0.000588516687160319,-0.26638551236387126,0.1479320972577808,7.507296190936425,7.803032671394504,0.30263213973460334,-0.10973242968283399,-7.507004715885717,7.803032671394504,7.590512881817806,0.18155542595467258,0.24507295726565614,0.8288625494070804,-0.12017538955417759,-7.525652802490534,0.08893291796005423,0.13453240566128433,0.08989898048266375,0.0,0.10017644375438978,0.003396364165534463,3.132264529058116,5.202404809619239,5.0,101,0.0012584901605526215,0.0008180421443781452,0.0023543554062591867,0.1651524087972966,13.257621388277057,0.6515873493123664,1.384041395178347,37.91894233365334,3.284967169643783,99.84702643294173,14.443185430840318,0.0008350033400133601,0.9020492562184009,24.71367825255893,3.28184892587128,99.75224698696901,77.42571437877946,0.0008350033400133601,1.5956947186625012,43.717663525000034,3.0195355441855676,91.77919587190175,64.49116068428059,0.0
wave_r20_pc_03,wave_r20_pc,,capped,3,1744.9730000000002,2.4,0.5,0.1,0.02,1.0,True,"{""angle_deg"": 20.0, ""type"": ""ramp""}",,,20.0,,-5.45,-1.4,0.22101007166283437,-5.431880894282233,-1.3889415419865732,-2.215289797691894,20520,24921,2281,46,115.50172293306916,0.9670402101568641,wave,0.0245,1141,True,False,,20.0,40.816326530612244,20.0,0.5003458175902636,0.025017290879513182,1.0211139134495175,-0.002244778150471024,-0.37100107781300046,0.5991006948124608,12.72472384004664,13.063593176606632,0.3530556911898473,0.5937832323835737,-12.72441163580653,13.063593176606632,7.399817634725096,0.16794947664366094,0.21370915220392311,1.0822586083267682,0.335535455972758,-7.28652675829728,0.07808725429550661,0.1300171245592428,0.0795063783174547,0.0,0.10002933903806357,0.008033478388822377,3.1648351648351647,5.197802197802198,5.0,103,0.0012400925174913357,0.0008406455163895587,0.0028150481671626463,0.17305153936203324,13.102733345095066,0.6438821941867424,1.3735297780546292,37.6309528234145,3.2849376423256493,99.84612894606838,20.135781880307256,0.001332001332001332,0.905545028528482,24.80945283639677,3.2817121647927507,99.74809011528117,30.265523382383673,0.001332001332001332,1.5823142923652869,43.351076503158545,2.836211688843299,86.20704221408204,63.37707434417576,0.0
wave_r25_pc_03,wave_r25_pc,,capped,3,1782.678,2.4,0.5,0.1,0.02,1.0,True,"{""angle_deg"": 25.0, ""type"": ""ramp""}",,,25.0,,-5.45,-1.4,0.26130913087034974,-5.456275670088905,-1.4052836401469075,-1.540713778103786,20592,23928,2288,46,115.48531108619368,0.9674313958867222,wave,0.0245,1145,True,False,,20.080000000000155,40.816326530612244,20.080000000000155,0.5004080129743871,0.024920717777608726,1.0171721541881111,-0.0018197233450976593,-0.3648682717119659,0.5738438108212909,17.65545535617604,17.996770019545423,0.3812481499895989,0.5687564446362091,-17.65527621884943,17.996770019545423,7.445371713602577,0.1552127842231237,0.2792788924617895,0.8824579719395771,0.2377370351464476,-7.3615020982124015,0.0681283457844532,0.12425238943961785,0.06909166640117352,0.0,0.1000721912350131,0.013416036687619183,3.1731343283582087,5.199004975124378,5.0,102,0.0012070966161107383,0.000834101997715705,0.0023903444156612385,0.17001694184980454,14.481344830173658,0.7115426444868732,1.3802234981844839,37.81434241601326,3.2848915420129234,99.84472772075756,24.389369677898703,0.0013266998341625207,0.8908760379082732,24.407562682418444,3.28198404463569,99.75635394029452,36.20882639796132,0.0013266998341625207,1.5875319989831056,43.49402736940015,2.683955867670908,81.57920570428293,62.61678119256479,0.0
tripod_r00_pc_04,tripod_r00_pc,,common,4,1815.9910000000002,0.95,0.5,0.1,0.02,1.0,True,"{""angle_deg"": 0.0, ""type"": ""ramp""}",,,0.0,,-5.45,-1.4,0.05,-5.439247536553639,-1.3935120439388147,2.0831440165996975,21348,24649,2373,48,116.31814545872531,0.972922435232209,tripod,0.025,1187,True,False,,22.299999999999955,40.0,22.299999999999955,0.5001344268495864,0.0224275527735241,0.8971021109409639,0.0008926565216331034,0.007597122267910597,0.016820426418038596,0.03482720736393819,0.04908792775782372,0.16518240948106158,0.0141124029396878,-0.03001130444040323,0.04908792775782372,0.04908792775782372,0.02327416107008433,0.04421496392234096,0.1906965249016577,-0.014157709963704046,0.03014747886122491,0.09941607944255453,0.1281991910616892,0.10010135458545862,0.0,0.09760727514468034,0.09851824992288374,3.1469534050179213,3.806451612903226,3.0,144,0.0003638018187462339,0.0005809364988698775,0.0009690311720007371,0.16726447550880444,25.427332204560706,1.2500648005472301,0.37883647422164624,10.379081485524553,1.390969946921217,42.278721790918446,42.12479146924375,0.0,0.6651341688887401,18.22285394215726,2.824109422399226,85.83919217018924,68.41930902446047,0.0,0.5758227096653112,15.775964648364692,2.4188878542268353,73.52242718014696,65.28095117532925,0.0
tripod_r05_pc_04,tripod_r05_pc,,common,4,1849.969,0.95,0.5,0.1,0.02,1.0,True,"{""angle_deg"": 5.0, ""type"": ""ramp""}",,,5.0,,-5.45,-1.4,0.09357787137382909,-5.455299199821612,-1.3843975211889847,-1.041104814871742,21240,25123,2361,48,115.96469363916408,0.9662684730649844,tripod,0.025,1181,True,False,,22.220000000000027,40.0,22.220000000000027,0.5001913997903353,0.02251086407697276,0.9004345630789103,0.0010675037017327353,0.07402465383601606,0.013979499182706545,0.03285581845652326,0.047427129301568755,0.20985253706208362,-0.012206051672582477,-0.032399558054650814,0.047427129301568755,4.982681352540446,0.019326127833901405,0.03705825904823458,0.08421967610684603,0.10003543524367675,-4.966534640553632,0.10058330089384082,0.12687293918279047,0.10117099128996898,0.0,0.09873319285391126,0.09968249912875352,3.1384892086330933,3.741906474820144,3.0,144,0.00035059490884261735,0.0005750890058225638,0.0009631882205514638,0.16556187764214106,26.432446659152628,1.299329568825328,0.3802142088465768,10.416827639632242,1.3794792232041786,41.92945967185953,41.70832973476754,0.0,0.7001888075693847,19.183255001900953,2.693773721363528,81.87762071013765,63.277795161727624,0.0,0.6377737682320812,17.47325392416661,2.6658415730264298,81.02861924092491,69.94908629858782,0.0
tripod_r10_pc_04,tripod_r10_pc,,common,4,1883.957,0.95,0.5,0.1,0.02,1.0,True,"{""angle_deg"": 10.0, ""type"": ""ramp""}",,,10.0,,-5.45,-1.4,0.13682408883346517,-5.435191422836924,-1.4035230579562625,1.6807271942553716,21150,23722,2350,48,115.46579697909968,0.9708971802981416,tripod,0.025,1176,True,False,,22.11999999999989,40.0,22.11999999999989,0.5001461869392033,0.022610587112983988,0.9044234845193595,0.0008246110285795756,-0.06415003352087052,0.10528876100963996,2.5051818755447552,2.538299500899494,0.25800621180790434,-0.10486738638162806,-2.5051759807713325,2.538299500899494,7.506836904652171,0.04667693795928128,0.04423648332805426,0.1444858386215523,-0.19647678522643275,-7.489180339729389,0.09719108269578673,0.12425002304470278,0.09763704679661989,0.0,0.09938405378672498,0.09683255514081443,3.149051490514905,3.747967479674797,3.0,141,0.00036264260640224844,0.000607195773226442,0.000996149954613399,0.1711787529103761,26.565534940770114,1.3059896727306213,0.3776950035261554,10.34780831578508,1.2893080847946066,39.18869558646221,38.92989991272155,0.0,0.7281687414293383,19.949828532310637,2.65336708739981,80.64945554406717,59.02142494603387,0.0,0.6781035938059949,18.57818065221904,2.796971749285328,85.01433888405253,71.57720367539876,0.0
tripod_r15_pc_04,tripod_r15_pc,,common,4,1917.8560000000002,0.95,0.5,0.1,0.02,1.0,True,"{""angle_deg"": 15.0, ""type"": ""ramp""}",,,14.999999999999998,,-5.45,-1.4,0.17940952255126036,-5.464819794849333,-1.39566408714414,-2.1418643079508524,21204,25190,2356,48,115.50048071544747,0.9692823227425823,tripod,0.025,1179,True,False,,22.1400000000001,40.0,22.1400000000001,0.5000348442511846,0.02258513298334157,0.9034053193336627,0.0008494189647059447,0.10407641355571702,0.26432951714466807,7.658319159819966,7.67036366205344,0.2936170803697541,0.2639401067479974,-7.658315942502288,7.67036366205344,7.372505369537916,0.04044655790010817,0.05051266707011956,0.1710826464288729,0.28389975590490824,-7.32872392184862,0.08721234150849885,0.11323266789220966,0.08794723800937512,0.0,0.09925154087555096,0.08690531327889107,3.1398916967509027,3.7274368231046933,3.0,141,0.00035323884987256763,0.0006308013840126948,0.0010916839315463966,0.17787315921141786,25.986503148301004,1.2778082355921112,0.37933846970735835,10.392834786502968,2.1178687537722864,64.37291044900567,32.96603307154815,0.0,0.723365730195531,19.818239183439207,2.855174402381276,86.78341648575308,55.536043426785774,0.0,0.682063044781393,18.686658761134055,3.283266802902895,99.7953435532795,68.92469583990726,0.00015042117930204573
tripod_r20_pc_04,tripod_r20_pc,,common,4,1951.7800000000002,0.95,0.5,0.1,0.02,1.0,True,"{""angle_deg"": 20.0, ""type"": ""ramp""}",,,20.0,,-5.45,-1.4,0.22101007166283437,-5.46479524620251,-1.4126069737199902,1.687539517858766,21312,25212,2368,48,115.47056964040885,0.9673388437486535,tripod,0.025,1185,True,False,,22.279999999999973,40.0,22.279999999999973,0.5002824377727907,0.022454328445816487,0.8981731378326594,0.0002727891486416483,-0.15853144621238668,0.38436484772645213,12.50982896305259,12.526074886168947,0.3330044296071969,-0.3840525974371254,-12.509827474201122,12.526074886168947,7.5196451550673284,0.04287060480042887,0.05732254192250254,0.13783083236482002,-0.20765935531379623,-7.476634337819415,0.07778206233867811,0.10221036594602471,0.0783427316840888,0.0,0.09938408404692053,0.07749975949617947,3.147085201793722,3.7147982062780267,3.0,144,0.0002842018593191513,0.0006323388193903114,0.0011190649037286767,0.1820107358485654,25.449722985484833,1.2507971996897687,0.37925915837431035,10.390661873268776,0.9997534280107231,30.38764218877578,27.062198865861504,0.0,0.7304739812524244,20.012985787737655,2.5743414901466486,78.24746170658506,52.43094516106645,0.0,0.6774686520924957,18.5607849888355,2.646722629377902,80.44749633367483,67.1148697574229,0.0
tripod_r25_pc_04,tripod_r25_pc,,common,4,1985.7980000000002,0.95,0.5,0.1,0.02,1.0,True,"{""angle_deg"": 25.0, ""type"": ""ramp""}",,,25.0,,-5.45,-1.4,0.26130913087034974,-5.442311814310427,-1.4012862238671637,-1.1308819614431873,22608,26611,2512,51,115.47905848994772,0.9668565669263061,tripod,0.025,1257,True,False,,23.700000000000045,40.0,23.700000000000045,0.5003973630493771,0.021113812786893508,0.8445525114757403,-0.0003804857770478374,-0.2914799133424006,0.4262192881054323,17.58946325410224,17.60670980841368,0.37973603195644917,0.42515599294617346,-17.589461046330943,17.60670980841368,7.43529134405699,0.041604894197572906,0.06843554729223374,0.15172066797805336,0.1931835600221185,-7.396387351498752,0.06661782079347217,0.09042006724873841,0.06724662307351448,0.0,0.09928206585179682,0.06637229497926533,3.139123102866779,3.7166947723440136,3.0,153,0.000510051110194124,0.0009533770479388459,0.0015599445072463382,0.29150162428727766,23.45742587146568,1.1526152993659926,0.3788053819741815,10.378229643128261,1.1171684309202592,33.95648726201396,14.001318173134873,0.0,0.7279144789069256,19.942862435806184,2.4840626608464773,75.50342434183821,46.95255792461632,0.0,0.6783551864063466,18.58507360017388,2.5066079349931067,76.18869103322513,61.664134244214274,0.0
ripple_r00_pc_04,ripple_r00_pc,,common,4,2021.3370000000002,1.3,0.5,0.1,0.02,1.0,True,"{""angle_deg"": 0.0, ""type"": ""ramp""}",,,0.0,,-5.45,-1.4,0.05,-5.445287283773222,-1.3941607949692807,1.0929147075768406,19260,19841,2139,43,116.31806514361757,0.97937359537864,ripple,0.025,1070,True,False,,19.699999999999818,40.0,19.699999999999818,0.5003993894121608,0.025400984234120072,1.0160393693648029,0.0007644824504450358,-0.05635250299784915,0.12618429211580212,0.25183488536488996,0.5448071050446005,0.1662161113641289,-0.007761757584209685,-0.19357409526012836,0.5448071050446005,0.5448071050446005,0.1766696693460656,0.3089745670099075,0.8654848680715088,0.013202776950280297,0.21266726154956983,0.10224164130180576,0.11220066619550441,0.10352459920552765,0.0,0.10052229895176253,-0.004107969329942353,2.7170385395537524,4.372210953346856,4.0,92,0.0006182387621813167,0.00035467003351684513,0.000656597344431208,0.06520712393973455,21.26548938005687,1.0449061253068637,0.6364830277041361,17.437891169976332,3.2937837830699763,100.11500860395066,39.99116036115981,0.000676132521974307,0.740584695283389,20.2899916515997,3.2923243337381978,100.07064844189051,67.21566531842188,0.00980392156862745,0.8060174008288316,22.082668515858398,2.8847107151733655,87.68117675298983,82.03941559355017,0.0
ripple_r05_pc_04,ripple_r05_pc,,common,4,2052.7470000000003,1.3,0.5,0.1,0.02,1.0,True,"{""angle_deg"": 5.0, ""type"": ""ramp""}",,,5.0,,-5.45,-1.4,0.09357787137382909,-5.4597804381331025,-1.4134445518080883,2.37824450119439,19261,19487,2141,43,115.968390717692,0.9731287575501324,ripple,0.025,1071,True,False,,19.700000000000273,40.0,19.700000000000273,0.5001270281812136,0.025387158790924194,1.0154863516369677,0.001871690073750723,0.01063898416142115,0.1576998951566219,0.23884672768250884,0.5878014645626864,0.2112230826816465,-0.09953026234149571,-0.20508543836783447,0.5878014645626864,5.173309269474857,0.22177839620826972,0.3348990501197232,0.9883840641073695,-0.10824432209722766,-4.782446724708342,0.10386975940000194,0.11221825368687981,0.10446766935712845,0.0,0.10172956031007616,-0.003543154018290207,2.6886409736308314,4.371196754563894,4.0,93,0.000575199360817626,0.00039782165557370093,0.0009294854743841672,0.0739755149825921,19.8939617311327,0.9780410378633156,0.6315435334564373,17.30256256045034,2.704285148864831,82.19711698677298,39.330998217915855,0.0,0.755646744653247,20.702650538445123,3.29366211827723,100.11131058593405,62.3382357175285,0.008113590263691683,0.8836119114274733,24.208545518560914,3.2846164660316286,99.83636674868173,74.48719374003356,0.0011832319134550372
ripple_r10_pc_04,ripple_r10_pc,,common,4,2088.704,1.3,0.5,0.1,0.02,1.0,True,"{""angle_deg"": 10.0, ""type"": ""ramp""}",,,10.0,,-5.45,-1.4,0.13682408883346517,-5.431355576460851,-1.3862181861749032,0.10038234937095192,19260,21687,2141,43,115.44352647508849,0.9682500288051042,ripple,0.025,1071,True,False,,19.7199999999998,40.0,19.7199999999998,0.5004657124314321,0.02537858582309519,1.0151434329238076,0.0007516256792656629,0.050193693736608244,0.09143614928876544,2.486304746406828,2.743323166532876,0.26033121163231965,-0.015675244503818887,-2.4854932967251746,2.743323166532876,7.637733813742672,0.11163968257819742,0.12029290628617845,0.579374581148359,0.012171128644629367,-7.539002306059432,0.09947315812745755,0.11044431285612168,0.10032347439518151,0.0,0.10237675313784805,-0.004194942751469046,2.9696048632218845,4.3637284701114485,4.0,125,0.0006855130263079483,0.0004003893634502187,0.0008827234203565499,0.1000040816788803,18.934605820546906,0.9302520190514046,0.6369258712543153,17.45002386998124,1.2422357821205274,37.75792650822272,37.29817066284892,0.0,0.7719963603612408,21.15058521537646,3.292574508881815,100.07825254959924,58.10477520355806,0.006247889226612631,0.9043971911597272,24.778005237252803,3.281853141329717,99.75237511640478,71.08353951780096,0.00016886187098953058
ripple_r15_pc_04,ripple_r15_pc,,common,4,2120.2760000000003,1.3,0.5,0.1,0.02,1.0,True,"{""angle_deg"": 15.0, ""type"": ""ramp""}",,,14.999999999999998,,-5.45,-1.4,0.17940952255126036,-5.444836259157359,-1.4195548492561854,-1.8288493265753463,19350,21909,2150,44,115.48761203455015,0.9681928864178142,ripple,0.025,1076,True,False,,19.800000000000182,40.0,19.800000000000182,0.5003542232029415,0.025270415313279643,1.0108166125311857,-0.0007088391577694947,-0.042867156537867185,0.22308814253349193,7.732205418493769,7.999215365597016,0.3020208643901714,0.18028182946802504,-7.731690713055431,7.999215365597016,7.465766275878495,0.3187153939405575,0.25577750868979254,0.9162261743629381,0.33925340861795034,-7.285328307737619,0.08950471102140618,0.10810517584164793,0.09051863194597101,0.0,0.10226205731569406,0.004238735123040988,3.094853683148335,4.364278506559032,4.0,94,0.0009383943171747433,0.0005789565110879822,0.0012727135518468588,0.10876665803717027,18.448931103610064,0.9065930157250552,0.6371412500827546,17.455924659801497,2.7437250255532453,83.39589743322934,31.09072238295044,0.0,0.7807593387688514,21.39066681558497,3.288291136138718,99.94805884920116,56.40800726856965,0.00016818028927009755,0.9075446483165684,24.864236940179957,3.283165713299588,99.79227092096014,69.25176112858928,0.00016818028927009755
ripple_r20_pc_04,ripple_r20_pc,,common,4,2151.9570000000003,1.3,0.5,0.1,0.02,1.0,True,"{""angle_deg"": 20.0, ""type"": ""ramp""}",,,20.0,,-5.45,-1.4,0.22101007166283437,-5.463159147580201,-1.3966972910440187,-1.7813888623135066,19368,21764,2152,44,115.4893372679136,0.9695484896001861,ripple,0.025,1077,True,False,,19.83999999999969,40.0,19.83999999999969,0.5003070437838609,0.02521708890039661,1.0086835560158642,0.000177986765260282,-0.06647493044592917,0.38125934849985166,12.612212870683722,12.859807626359263,0.33704700108435803,0.36638087598049945,-12.612024480912147,12.859807626359263,7.580145026394735,0.23263335844422428,0.4124312221747786,0.8271437991875191,0.18460905494904897,-7.40497192205819,0.07945700727113726,0.1041601005103441,0.08062926858780904,0.0,0.10233704958107546,0.00956801963257583,3.1007049345417927,4.374622356495468,4.0,93,0.000958195224338781,0.000577964972903987,0.0011417164229752283,0.10743550325480047,17.57969942290157,0.8639606678274138,0.6368749721888148,17.448629375036024,2.640602575942363,80.26147647241226,25.598166188737974,0.0,0.763934015619118,20.929699058058027,3.290429005104854,100.01303966884053,52.252854732845655,0.0003356831151393085,0.9061050072202296,24.824794718362455,3.2841965421728783,99.8236031055586,66.8567203543866,0.00016784155756965425
ripple_r25_pc_04,ripple_r25_pc,,common,4,2183.714,1.3,0.5,0.1,0.02,1.0,True,"{""angle_deg"": 25.0, ""type"": ""ramp""}",,,25.0,,-5.45,-1.4,0.26130913087034974,-5.4601948986492745,-1.3833528942374138,-0.6036573588476617,19692,22965,2188,44,115.46377784942241,0.9703912790316045,ripple,0.025,1095,True,False,,20.159999999999854,40.0,20.159999999999854,0.5000183887007276,0.024802499439520394,0.9920999775808157,-0.0012863822680520007,-0.16869651903378755,0.20414007309010018,17.538554005736845,17.76437269184766,0.37463667019106045,0.18289097415457092,-17.53841954535619,17.76437269184766,7.630667338325038,0.22418561664672673,0.2173318136782117,0.6418559584701261,0.08291109466711993,-7.482192361729095,0.06899431407928694,0.10035598847338595,0.06998320764983282,0.0,0.10235866307526241,0.015426869232710286,3.1129831516352824,4.368681863230922,4.0,95,0.0009090224258102491,0.0006334553569167674,0.0014260703025201274,0.1203516932944496,16.858347528474873,0.8289851680622881,0.6411352373303061,17.56534896795359,2.446581239501588,74.36417141342213,19.421849096101546,0.0,0.7734479082240229,21.19035364997323,2.2647942854339425,68.83873208005905,43.21715108911064,0.0,0.9117824857093958,24.98034207423002,3.015744993707204,91.66398157164754,54.665056883462974,0.0
wave_r00_pc_04,wave_r00_pc,,capped,4,2215.8520000000003,2.4,0.5,0.1,0.02,1.0,True,"{""angle_deg"": 0.0, ""type"": ""ramp""}",,,0.0,,-5.45,-1.4,0.05,-5.457717061753923,-1.3905089601651006,0.7193762135577149,20322,21945,2259,46,116.31809277937248,0.9760166716837794,wave,0.0245,1130,True,False,,19.779999999999745,40.816326530612244,19.779999999999745,0.5003001108912074,0.025293231086512328,1.0323767790413194,0.001674524965162752,0.23450611802840238,0.15646521161809246,0.29442965742073257,0.8772027243337674,0.16627031495034034,-0.12553017925463744,0.003577224805224479,0.8772027243337674,0.8772027243337674,0.21854838488147801,0.3774441308852354,1.7712736902242956,0.11784333337908465,0.007155085730099559,0.09933641516983122,0.13759007825451244,0.10151779141780932,0.0,0.09826576641308443,-0.006130014597245822,2.9313131313131313,5.202020202020202,5.0,120,0.0006364149856169891,0.00032285104640336035,0.0013933959938031688,0.07743733754792494,16.05426976991965,0.7889994420540688,1.372638948374022,37.60654653079513,2.3572355509565464,71.64849698956068,13.257441418280445,0.0,0.885392406142883,24.257326195695423,3.2930647454590147,100.09315335741687,99.98687201408728,0.10740740740740741,1.4282745707731155,39.13081015816755,3.2974340650309264,100.2259594234324,89.25912198998098,0.0011784511784511784
wave_r05_pc_04,wave_r05_pc,,capped,4,2248.71,2.4,0.5,0.1,0.02,1.0,True,"{""angle_deg"": 5.0, ""type"": ""ramp""}",,,5.0,,-5.45,-1.4,0.09357787137382909,-5.430118105623767,-1.39747426261861,-1.8192353195039916,20322,21765,2259,46,115.96129473174717,0.9703182808432523,wave,0.0245,1130,True,False,,19.7800000000002,40.816326530612244,19.7800000000002,0.5001789858701556,0.025287107475740676,1.0321268357445172,0.0011226230211815492,0.037073582273072336,0.10481699065197009,0.18470794257461884,0.4616004901322702,0.21585336066103297,-0.029419927448370204,-0.05621589057961649,0.4616004901322702,5.39301653787916,0.14049279056215322,0.26220156562779623,0.8842906166283783,0.20448642469197925,-4.959127054689314,0.10049541612999503,0.13723614635738385,0.10247139409593778,0.0,0.09947710498058551,-0.005799846950266955,2.8545454545454545,5.196969696969697,5.0,128,0.0005205541211016128,0.00027398684706896547,0.0007126721431205291,0.0701153548844286,14.559781385830796,0.7157271267901091,1.3767710483372069,37.71975474896457,2.659586604206295,80.83849860809407,12.460963634045513,0.0,0.8744560620366525,23.957700329771303,3.2913689833625055,100.04161043655033,92.90950884010296,0.04242424242424243,1.4957839119799554,40.98038115013576,3.2855135063392877,99.86363241152851,79.10291322358803,0.0021885521885521885
wave_r10_pc_04,wave_r10_pc,,capped,4,2281.3630000000003,2.4,0.5,0.1,0.02,1.0,True,"{""angle_deg"": 10.0, ""type"": ""ramp""}",,,10.0,,-5.45,-1.4,0.13682408883346517,-5.4690074569920455,-1.4180544715149255,0.9420481001902495,20418,23548,2269,46,115.44352844895602,0.9717473353035063,wave,0.0245,1136,True,False,,19.899999999999636,40.816326530612244,19.899999999999636,0.5003915165010566,0.025145302336736973,1.0263388708872234,-0.001516346838975056,-0.40737792814688767,0.08745907501638035,2.5383395154073836,2.9008835938680835,0.25792039412815926,0.021799278764518416,-2.537123500230337,2.9008835938680835,7.585860735152705,0.13617022661395345,0.1771924237765879,0.6739518662782962,0.06516198138178664,-7.499528071717375,0.09760894013652574,0.13627271365146337,0.09913374336271048,0.0,0.10009640729465223,-0.004915461961311841,3.0100401606425704,5.2008032128514055,5.0,140,0.0008181724921186513,0.0006638362434893053,0.002536436976887333,0.1857278633923734,13.272367001464078,0.6521621963273317,1.377396568774241,37.736892295184695,3.285075925819162,99.85033209176785,10.347719776755811,0.00016733601070950468,0.8976300458384087,24.59260399557284,3.291089438276021,100.03311362541098,84.84752464361468,0.011880856760374833,1.5874414811406135,43.49154742850996,3.1586402473442323,96.00730235088852,71.10478365977156,0.0
wave_r15_pc_04,wave_r15_pc,,capped,4,2318.6800000000003,2.4,0.5,0.1,0.02,1.0,True,"{""angle_deg"": 15.0, ""type"": ""ramp""}",,,14.999999999999998,,-5.45,-1.4,0.17940952255126036,-5.459709527627456,-1.4090974728528847,-0.15013552043976097,20484,24042,2276,46,115.45370071549912,0.9679487698645881,wave,0.0245,1139,True,False,,19.940000000000055,40.816326530612244,19.940000000000055,0.50040081713355,0.025095326837189,1.0242990545791428,-0.001801501001561239,-0.35257121333392843,0.11769056149970389,7.5353227401980725,7.893477959103733,0.3026172512694656,0.07132648790258972,-7.534766857709934,7.893477959103733,7.590830560891781,0.18522786306464645,0.2848720557018914,0.7827056882163728,0.06270386267729193,-7.500225594071643,0.08863734805485293,0.13412351899334754,0.08970055418721318,0.0,0.10010534515406426,0.0030480031555381927,3.1382765531062122,5.205410821643286,5.0,102,0.0012681893888819432,0.0008124049112657316,0.0029124510040268742,0.16559677913639925,13.291859705978565,0.6531066317265489,1.3870393072553269,38.00107691110485,3.286011001429614,99.87875384284541,14.284244965836695,0.001169004676018704,0.9180165667184619,25.151138814204437,3.2404986120713475,98.49539854320206,76.65321458852421,0.00016700066800267202,1.590514673470501,43.575744478643855,3.286658089001519,99.89842215810087,64.61018692854113,0.001169004676018704
wave_r20_pc_04,wave_r20_pc,,capped,4,2353.989,2.4,0.5,0.1,0.02,1.0,True,"{""angle_deg"": 20.0, ""type"": ""ramp""}",,,20.0,,-5.45,-1.4,0.22101007166283437,-5.433041002623446,-1.3940819570605738,-2.4348677438131854,20520,24214,2281,46,115.50441989038629,0.9662173702534096,wave,0.0245,1142,True,False,,19.980000000000018,40.816326530612244,19.980000000000018,0.5002151149168491,0.025035791537379812,1.0218690423420331,-0.002358259023685687,-0.34631105045633126,0.6614116948608381,12.729675780237095,13.11241201038842,0.35308008116392925,0.6562400333746679,-12.72934012527318,13.11241201038842,7.4183580465904,0.20414628843105487,0.1493587191922181,0.7270795026593925,0.3456142149590946,-7.278624765914515,0.07813754889706757,0.13005695593807018,0.07947428490450792,0.0,0.1000242818268397,0.007800732830290959,3.147,5.205,5.0,102,0.0013013419424802882,0.0008614953911687635,0.002838558298766092,0.17566751860031107,13.327707999997076,0.6551081118045632,1.3886387996596161,38.0448986208114,3.2860149449206846,99.87887370579588,20.173920823220037,0.0011666666666666668,0.8891385387731163,24.35995996638675,2.724876086038988,82.82298133857107,30.35031610870191,0.0,1.580335235525586,43.296855767824276,3.286486426068114,99.8932044397603,62.503952261648514,0.0011666666666666668
wave_r25_pc_04,wave_r25_pc,,capped,4,2387.143,2.4,0.5,0.1,0.02,1.0,True,"{""angle_deg"": 25.0, ""type"": ""ramp""}",,,25.0,,-5.45,-1.4,0.26130913087034974,-5.459595837379077,-1.419067277195073,1.0513011077121701,20610,24270,2290,46,115.4560300899799,0.966639818780341,wave,0.0245,1146,True,False,,20.059999999999945,40.816326530612244,20.059999999999945,0.5000864545470135,0.024929534124975814,1.0175320051010537,7.572667784543682e-05,-0.2377876939289525,0.20730551573155467,17.476801374191563,17.80067121251186,0.38165527053469966,-0.19403236955132533,-17.476681917419814,17.80067121251186,7.5962266991374365,0.1817768284186698,0.24522719271600382,0.9285353849809083,-0.08183338216852003,-7.552613503038003,0.06789434758149915,0.12445248107462542,0.0695657227801277,0.0,0.10015981562251024,0.014400730130594315,3.1752988047808763,5.200199203187251,5.0,104,0.0012088760866025502,0.0008377952349747713,0.0025672505214049354,0.17423128070140811,14.598988691351225,0.7177890805547694,1.3778367756559142,37.74895275769629,3.2859856630974176,99.87798368077257,24.60085846253148,0.00149402390438247,0.9073404372108484,24.85864211536571,3.287784715026232,99.93266611021981,51.747338933557465,0.00016600265604249667,1.59357474023191,43.65958192416192,3.286047658948957,99.87986805315978,61.472645229204176,0.00149402390438247
tripod_r00_pc_05,tripod_r00_pc,,common,5,2420.282,0.95,0.5,0.1,0.02,1.0,True,"{""angle_deg"": 0.0, ""type"": ""ramp""}",,,0.0,,-5.45,-1.4,0.05,-5.439908192880303,-1.386917249385674,1.9447269470498219,21366,24656,2373,48,116.31808858713298,0.971890374173709,tripod,0.025,1187,True,False,,22.320000000000164,40.0,22.320000000000164,0.5003056629799881,0.022415128269712564,0.8966051307885026,0.0008025097002530776,0.0602906255680578,0.11396129112034206,0.054603699949503884,0.26133382802958505,0.16518385148258757,0.08428440193400831,-0.025967564657824346,0.1923955316631197,0.26133382802958505,0.14504155855209064,0.05825658636790957,0.5267416219184227,-0.085026096816521,0.027130550858424727,0.09939873306217112,0.12793368955587578,0.10015355353561872,0.0,0.09760322219768079,0.09843015500978784,3.152193375111907,3.79319606087735,3.0,141,0.0003699595076594883,0.0005913634011293595,0.000986271024305908,0.16666237954218638,25.521014001839024,1.2542413651941302,0.3782441836001665,10.362854345210042,1.3940509817794933,42.3723702668539,42.07406633719321,0.0,0.674862324705311,18.489378759049618,3.2828208514522665,99.78178879794122,68.37434186085468,0.0008952551477170994,0.582392926700619,15.95597059453751,3.160411909161003,96.06115225413382,65.27637877068611,0.0
tripod_r05_pc_05,tripod_r05_pc,,common,5,2454.188,0.95,0.5,0.1,0.02,1.0,True,"{""angle_deg"": 5.0, ""type"": ""ramp""}",,,5.0,,-5.45,-1.4,0.09357787137382909,-5.4442287432724035,-1.4189723500563665,-2.484945078758926,21258,24821,2363,48,115.96509968924917,0.969490245308079,tripod,0.025,1182,True,False,,22.240000000000236,40.0,22.240000000000236,0.5003957188856788,0.022499807503852224,0.8999923001540889,0.000932997290133096,0.1451721512929101,0.07891266110790222,0.0296335350161518,0.16033872094789486,0.21081330016838987,0.046074361390382026,-0.025679946847222967,0.047198534449910956,5.047198534449911,0.11708420292073277,0.033895581887471604,0.42148048770787866,0.1638593864768816,-4.96926287799514,0.10047832381382261,0.12690604141805958,0.10112181136669464,0.0,0.09871141604328576,0.09964013294835258,3.1482479784366575,3.7448337825696316,3.0,141,0.00036298105502228064,0.0005840906790609499,0.0010070427571326319,0.16458302780921852,26.69505635345773,1.3117034858317305,0.38331721494692567,10.501841505395223,1.395423101140195,42.41407602249833,42.11646041073386,0.0,0.7006708548935608,19.19646177790578,2.6889650236637213,81.7314596858274,63.00845979141179,0.0,0.6398790261806875,17.530932224128424,2.67434378295259,81.2870450745468,69.67215908191403,0.0
tripod_r10_pc_05,tripod_r10_pc,,common,5,2490.4770000000003,0.95,0.5,0.1,0.02,1.0,True,"{""angle_deg"": 10.0, ""type"": ""ramp""}",,,10.0,,-5.45,-1.4,0.13682408883346517,-5.435958271804804,-1.4130337111255709,1.7889296762307536,21186,25217,2354,48,115.46911137645016,0.9676827666026782,tripod,0.025,1178,True,False,,22.139999999999873,40.0,22.139999999999873,0.5003196804857107,0.022597998215253552,0.903919928610142,0.0009922168820658689,-0.028437140948634747,0.08255610329238704,2.534200788373893,2.622541666532942,0.25722865118409594,-0.0700647854480442,-2.5339613021535548,2.622541666532942,7.501830919102074,0.08648625177721149,0.041164470450216144,0.41019274265433414,-0.2320704276701469,-7.460464441200494,0.09708672921384415,0.1239245516924715,0.09757051418482231,0.0,0.09938662837323335,0.09665151251492597,3.1435018050541514,3.740974729241877,3.0,144,0.0003531792807749989,0.0005900358639123711,0.0010107626139848219,0.1698213912737719,26.743840341796513,1.3142997787582398,0.3802898417282576,10.41889977337692,1.2894869055374278,39.19413086739902,38.90465172356113,0.0,0.7289107219984305,19.97015676708029,3.280471886927988,99.71039169993884,58.915978440273676,0.00030084235860409147,0.6716617208663541,18.40169098263984,3.289924980436175,99.99771977009651,71.36080298425976,0.00030084235860409147
tripod_r15_pc_05,tripod_r15_pc,,common,5,2524.3540000000003,0.95,0.5,0.1,0.02,1.0,True,"{""angle_deg"": 15.0, ""type"": ""ramp""}",,,14.999999999999998,,-5.45,-1.4,0.17940952255126036,-5.4416983477276535,-1.3907326589781586,-1.3205415209602684,21168,25230,2352,48,115.48465963502909,0.9684262585808853,tripod,0.025,1177,True,False,,22.11999999999989,40.0,22.11999999999989,0.5002582926786817,0.022615655184388978,0.9046262073755591,0.0009000893500225142,0.043995528693923605,0.15777637950466494,7.557655280132962,7.582251781110787,0.30062808774578254,0.1544908628614971,-7.557612443959511,7.582251781110787,7.514375562710342,0.08505070362526179,0.05226188224517218,0.39662672250345454,0.1466029858580421,-7.436396713240475,0.08750398046846751,0.11276361919945142,0.08821688716500341,0.0,0.09930096185526598,0.08719009399050487,3.142728093947606,3.7082204155374887,3.0,141,0.00033034032378808314,0.0006313711561085787,0.0010939690629287531,0.17795443491060253,26.03884430152622,1.279811009540689,0.37900761462496824,10.38377026369776,1.092441100931422,33.20489668484566,32.91193568218086,0.0,0.7329888702354904,20.08188685576686,3.2804520420248258,99.70978851139289,55.62999854471697,0.00030111412225233364,0.6806101510062621,18.64685345222636,3.2900004817793134,100.00001464374812,69.1949355651361,0.00030111412225233364
tripod_r20_pc_05,tripod_r20_pc,,common,5,2566.309,0.95,0.5,0.1,0.02,1.0,True,"{""angle_deg"": 20.0, ""type"": ""ramp""}",,,20.0,,-5.45,-1.4,0.22101007166283437,-5.449286728285994,-1.395500909801253,2.02642948901439,21312,24311,2368,48,115.47731129582313,0.9685104563708657,tripod,0.025,1185,True,False,,22.279999999999745,40.0,22.279999999999745,0.5004593621103912,0.022462269394542052,0.898490775781682,0.00027979739908595355,-0.21204942990003067,0.4119248572345339,12.538937902288726,12.60837110470971,0.3384191919459543,-0.410979292031216,-12.538917029517036,12.60837110470971,7.486258021504125,0.08997384346972717,0.057003500699531966,0.41588067585586747,-0.2458920918118004,-7.445822902749097,0.07768604522519533,0.10237506135886867,0.0783595480124711,0.0,0.09938668872362054,0.07742356136011277,3.1354260089686097,3.7228699551569506,3.0,141,0.0003002321052968417,0.0006381887818040601,0.001101628000870862,0.1798039925031203,25.384359459040724,1.2471435153343153,0.3763788261976788,10.311748662950103,1.0084249748562437,30.651215041223214,27.05350918681298,0.0,0.7253242403996785,19.871896997251465,3.2808022094005267,99.72043189667254,52.380404364804015,0.00014947683109118088,0.674404325703773,18.47683084119926,3.2899571073662686,99.99869627253095,66.97150351122038,0.00014947683109118088
tripod_r25_pc_05,tripod_r25_pc,,common,5,2600.333,0.95,0.5,0.1,0.02,1.0,True,"{""angle_deg"": 25.0, ""type"": ""ramp""}",,,25.0,,-5.45,-1.4,0.26130913087034974,-5.456234158619031,-1.3917983046029785,-2.7296360399436566,22608,26712,2513,51,115.51244072946685,0.9673424109202331,tripod,0.025,1257,True,False,,23.679999999999836,40.0,23.679999999999836,0.5000024687758414,0.021114969120601557,0.8445987648240623,-0.00198960657555812,-0.5569974272790897,0.979604968428877,17.723657898466275,17.74872562732542,0.37323600079439434,0.9781655835724988,-17.723648721578513,17.74872562732542,7.34957228037587,0.06538415762763596,0.07808762982118601,0.3939899346219128,0.40207111251936306,-7.23267427363147,0.06576306083993337,0.09037162688512426,0.06647043424125831,0.0,0.09919084523084572,0.06553877429497999,3.147679324894515,3.7189873417721517,3.0,150,0.0005286228111709235,0.0009898824391766725,0.0015716078888961679,0.2969609038970169,23.360003096331088,1.1487260374021722,0.37719993868725804,10.334244895541316,1.0952122382503158,33.28912578268437,14.176636192399782,0.0,0.7240633932533638,19.837353239818185,2.4818860952506103,75.4372673328453,47.911739649824874,0.0,0.675058533308574,18.494754337221206,2.4999657936350657,75.98680223814789,61.63225310060929,0.0
ripple_r00_pc_05,ripple_r00_pc,,common,5,2636.031,1.3,0.5,0.1,0.02,1.0,True,"{""angle_deg"": 0.0, ""type"": ""ramp""}",,,0.0,,-5.45,-1.4,0.05,-5.469385571179195,-1.3843243409640864,2.3725418360811825,19224,20439,2137,43,116.31808727032681,0.9765835507282545,ripple,0.025,1069,True,False,,19.659999999999854,40.0,19.659999999999854,0.5000599714139676,0.025435400377109427,1.017416015084377,0.00014092871254658967,-0.07376025859047201,0.18477537324999133,0.2803716561770094,0.6369318750214819,0.16622096175006298,0.016023475587195513,-0.08084822555076172,0.60888410854567,0.6369318750214819,0.22386697611407327,0.35256673203050437,0.9693649061194525,-0.0166563536996184,0.09157621107586601,0.10211308630944135,0.11246324736818054,0.10350513267696822,0.0,0.10043470567478602,-0.004823601103978554,2.6991869918699187,4.383130081300813,4.0,92,0.0006051099666787941,0.00033113486177840836,0.0006885527319794356,0.06092150505000755,20.958061639826937,1.030500426347583,0.6393830900088363,17.51734493174894,1.7617296281567194,53.54801301388205,39.35202690917554,0.0,0.7399392887971172,20.2723092821128,3.2949095059085374,100.14922510360296,67.16263445075937,0.010670731707317074,0.7889472072758527,21.614991980160347,3.290064495813616,100.00196035907648,83.50085678898694,0.0013550135501355014
ripple_r05_pc_05,ripple_r05_pc,,common,5,2667.5800000000004,1.3,0.5,0.1,0.02,1.0,True,"{""angle_deg"": 5.0, ""type"": ""ramp""}",,,5.0,,-5.45,-1.4,0.09357787137382909,-5.449238147849297,-1.4011651207336204,-0.9899828015758867,19278,20152,2142,43,115.95854372958307,0.9724575549200498,ripple,0.025,1072,True,False,,19.7199999999998,40.0,19.7199999999998,0.5004248303865442,0.025376512697086677,1.015060507883467,-0.00025114316277513767,-0.004257195833401583,0.15274671094960837,0.166623839499988,0.45853703276899144,0.21183466892404598,0.06874673517454952,-0.04756306752558039,0.45540258758140495,5.431512323044332,0.21406150670911803,0.24772960098118282,0.7316774078723226,0.015478046064834263,-4.944103307224589,0.10348799411073036,0.1128066725444444,0.10455309265914255,0.0,0.10164168986468797,-0.0037387758605430367,2.6818642350557242,4.3718338399189465,4.0,93,0.0005568537757855285,0.00040152253706429546,0.0009067207721063153,0.07461978091037093,20.109197290085824,0.9880410774858593,0.6372543204370625,17.459022477727743,3.0975683527723183,94.15101376207654,39.84129989858683,0.0,0.7545866438330714,20.67360668035812,3.2944604909730093,100.13557723322216,62.37155607062307,0.00911854103343465,0.8734514596342141,23.930176976279842,3.284168629898888,99.82275470817288,74.58504015006044,0.001519756838905775
ripple_r10_pc_05,ripple_r10_pc,,common,5,2699.1910000000003,1.3,0.5,0.1,0.02,1.0,True,"{""angle_deg"": 10.0, ""type"": ""ramp""}",,,10.0,,-5.45,-1.4,0.13682408883346517,-5.445116962840382,-1.3830056648877953,0.09131759040951894,19278,21114,2144,43,115.45200175208943,0.9715666694895011,ripple,0.025,1072,True,False,,19.7199999999998,40.0,19.7199999999998,0.5002095315247367,0.02536559490490577,1.0146237961962308,0.00018245951120705764,0.035221670891210456,0.1406837005431274,2.4937320536463234,2.7365598923480516,0.25827371128319704,0.014910350576242671,-2.492705365472259,2.7365598923480516,7.6437786000742935,0.260933557159283,0.15313192439942208,0.7495340950663278,-0.022575336914743085,-7.53319084899689,0.09966314075914287,0.1113758677324938,0.10047457312752528,0.0,0.10230729591692071,-0.004584149641849422,2.9574468085106385,4.362715298885512,4.0,125,0.0006551897842097918,0.0004407406317729645,0.0009570435195587703,0.11013899479604633,18.770088550732975,0.9226425908161044,0.6353974513335627,17.40814935160446,1.80501613799637,54.863712401105474,37.349963207759416,0.0,0.7465089269994065,20.452299369846756,3.2949820054500525,100.15142873708366,58.48819383854785,0.010300574130361364,0.9335430364749985,25.57652154726023,3.283817134062112,99.81207094413713,71.33819163770461,0.00033772374197906115
ripple_r15_pc_05,ripple_r15_pc,,common,5,2730.9100000000003,1.3,0.5,0.1,0.02,1.0,True,"{""angle_deg"": 15.0, ""type"": ""ramp""}",,,14.999999999999998,,-5.45,-1.4,0.17940952255126036,-5.439294217874755,-1.4144153206349623,2.6637751448967015,19386,23118,2154,44,115.48789405856257,0.9664266111077908,ripple,0.025,1077,True,False,,19.820000000000164,40.0,19.820000000000164,0.5004927348522349,0.02525190387750912,1.0100761551003647,0.0020737535077681654,-0.05104456215883414,0.4075804421334477,7.615737698068066,7.899705847975051,0.302698145959923,-0.3853673323263634,-7.615242556991798,7.899705847975051,7.58138118617055,0.30313426865557863,0.15521188548938233,0.6820947821668617,-0.3111276329125583,-7.39496960458572,0.08979392822632158,0.10837902487155249,0.09074667181023431,0.0,0.10234900052522079,-0.009631588346323793,3.09375,4.375,4.0,102,0.0008551085926799413,0.0005607719593009822,0.001125389930978639,0.11428386782503717,17.884241834959553,0.8785938816884299,0.6402096805007353,17.539991246595488,1.3466372539637959,40.93122352473544,30.951352129447905,0.0,0.7667505461179085,21.006864277202975,3.294994684208523,100.15181410968157,55.72046698137781,0.0003360215053763441,0.9242206462194094,25.32111359505231,3.1234212374515495,94.93681572801061,69.26748815031172,0.0
ripple_r20_pc_05,ripple_r20_pc,,common,5,2762.7140000000004,1.3,0.5,0.1,0.02,1.0,True,"{""angle_deg"": 20.0, ""type"": ""ramp""}",,,20.0,,-5.45,-1.4,0.22101007166283437,-5.448334492775912,-1.4161697423897643,1.8690202544052075,19386,24099,2155,44,115.47399348250906,0.9647512090179445,ripple,0.025,1078,True,False,,19.840000000000146,40.0,19.840000000000146,0.5001967580383375,0.02521153014306118,1.0084612057224471,0.0023673181680063937,0.0235628775823155,0.4399340775439789,12.563180293330678,12.787671720114405,0.34310104248252765,-0.4236795936529164,-12.56294586400771,12.787671720114405,7.614858066906622,0.27935296009271177,0.13468836047822827,0.673137700076018,-0.23880494170256686,-7.451550402045908,0.07985769247704082,0.10534148198666972,0.08077917537963218,0.0,0.10230077626661893,0.009966575238937311,3.102719033232628,4.375629405840886,4.0,94,0.0009027769876960031,0.0005570028938166826,0.0012491111976445854,0.10467417593554718,16.978461982819255,0.8345872840130805,0.6393618098738322,17.516761914351566,1.5256042686910116,46.37095041614017,25.442576207119465,0.0,0.7655127071481034,20.972950880769957,2.513607607505118,76.40144703662973,52.07765474600067,0.0,0.9187077934784967,25.170076533657447,2.7055356587416877,82.23512640552242,66.70622277805285,0.0
ripple_r25_pc_05,ripple_r25_pc,,common,5,2799.056,1.3,0.5,0.1,0.02,1.0,True,"{""angle_deg"": 25.0, ""type"": ""ramp""}",,,25.0,,-5.45,-1.4,0.26130913087034974,-5.431126851726722,-1.4161541076860482,-0.3823472813878521,19728,23225,2192,44,115.46031407555233,0.9673537567558894,ripple,0.025,1097,True,False,,20.2199999999998,40.0,20.2199999999998,0.5000108372522006,0.024728528054016104,0.9891411221606441,-0.0015163591853964856,-0.40161555921858394,0.16872717846907406,17.518256363762386,17.764420028989676,0.38962889963088315,0.13601598703048787,-17.518124288150855,17.764420028989676,7.619474347803836,0.25564524224237145,0.10274926855052997,0.8216787374144029,0.0555116590578609,-7.502595011270088,0.06915419661671557,0.10084532773006277,0.07010936025781844,0.0,0.10230240731000945,0.015468515302870578,3.1126482213438735,4.382411067193676,4.0,95,0.0008945734132199496,0.0006533401494022691,0.0014529219121372826,0.12413136679872919,16.335745336319384,0.8032980458253574,0.6370653794681161,17.4538460128251,1.2541890498963606,38.12124771721461,19.050591752956443,0.0,0.7655967904161911,20.97525453195044,2.264534465556583,68.83083481934902,43.09232823964756,0.0,0.9082408237581688,24.883310239949832,2.977456428831434,90.50019540521075,54.44989868274345,0.0
wave_r00_pc_05,wave_r00_pc,,capped,5,2835.373,2.4,0.5,0.1,0.02,1.0,True,"{""angle_deg"": 0.0, ""type"": ""ramp""}",,,0.0,,-5.45,-1.4,0.05,-5.445888067833244,-1.4169756038637225,-2.071407450640267,20378,21609,2266,46,116.31810940517424,0.9753227980372868,wave,0.0245,1133,True,False,,19.83999999999969,40.816326530612244,19.83999999999969,0.5000958675609507,0.02520644493754831,1.0288344872468698,0.002553104810344162,0.38705182378724545,0.15454614035367495,0.1801066152286215,0.48400735335544876,0.16627377851657754,-0.06800635365702525,0.056715757452589846,0.48400735335544876,0.48400735335544876,0.21700315054535757,0.2407257068029875,0.9480433351360245,0.062256742969540965,-0.041613645631241813,0.09929797500909557,0.1369934125704939,0.10140060761752812,0.0,0.09827972973887383,-0.006271227409326517,2.8932527693857,5.2024169184290034,5.0,118,0.0006247828303079272,0.0003573653122487257,0.0016105242070314266,0.08432094735555619,15.724031046989914,0.7730794672861487,1.3818113524511864,37.857845272635245,1.9228631027474812,58.44568701360126,12.975176034610543,0.0,0.8762670695703566,24.00731697453032,3.2928804207458433,100.08755078254842,99.98789784995401,0.10020140986908359,1.427166831694502,39.10046114231513,3.0412229327125844,92.43838701254056,89.18180560704134,0.0
wave_r05_pc_05,wave_r05_pc,,capped,5,2868.299,2.4,0.5,0.1,0.02,1.0,True,"{""angle_deg"": 5.0, ""type"": ""ramp""}",,,5.0,,-5.45,-1.4,0.09357787137382909,-5.465508628735294,-1.4139483332163338,-1.729645534777109,20394,22071,2266,46,115.9705435831022,0.9712809752341652,wave,0.0245,1134,True,False,,19.860000000000127,40.816326530612244,19.860000000000127,0.5003198051050081,0.02519233661153096,1.0282586372053453,0.0012170085095287528,0.051839632873120434,0.09756818884574549,0.14436321897550966,0.43082909914162054,0.21259376811615527,0.05140192530423487,-0.07232842840683294,0.43082909914162054,5.29321533090488,0.12641548654402385,0.2023774257591457,0.685849910797006,-0.17792368127016528,-4.940518888282249,0.10078148846270871,0.13726844024887586,0.10257247353883973,0.0,0.09950585675395773,-0.005623782855780143,2.86317907444668,5.202213279678069,5.0,133,0.0004898099310641784,0.0002931333279756087,0.0007696509298390901,0.07792339396165092,14.956250712417063,0.7350094596058433,1.3712527749785646,37.568569177494915,2.1147907443972502,64.27935393304712,12.459582069829054,0.0,0.8758875729359853,23.996919806465353,3.291255082990761,100.03814841917206,98.13616305156386,0.050134138162307176,1.5026804816443624,41.16932826422911,3.2852052648742616,99.85426337003834,83.0210278056635,0.0011737089201877935
wave_r10_pc_05,wave_r10_pc,,capped,5,2905.5510000000004,2.4,0.5,0.1,0.02,1.0,True,"{""angle_deg"": 10.0, ""type"": ""ramp""}",,,10.0,,-5.45,-1.4,0.13682408883346517,-5.464202520065924,-1.3870286788066426,-0.12330368067426646,20412,23340,2269,46,115.44946065288522,0.969602637627837,wave,0.0245,1135,True,False,,19.88000000000011,40.816326530612244,19.88000000000011,0.5003859134668798,0.025170317578816753,1.027359901176194,0.00022475986516910622,-0.1277240961435657,0.11148190354174059,2.510335893456035,2.7950566969981727,0.25714900835768334,0.017195126363955048,-2.50960456853,2.7950566969981727,7.580831942431909,0.17968935303220301,0.18614240000483423,0.5755035093530267,-0.11868413003613566,-7.525751022087313,0.09758243408071432,0.13702631537302024,0.09920963711832516,0.0,0.10011399104260744,-0.005396419612067333,3.007035175879397,5.1969849246231155,5.0,138,0.0008566266184133982,0.0007290297412755287,0.0029768127193062037,0.2010570070190029,13.784947968322212,0.677359433356495,1.3817309855400215,37.85564343945264,3.286482406778334,99.8930822728977,11.192416658538699,0.0010050251256281408,0.9037527106986509,24.760348238319203,3.290597337582457,100.0181561575215,84.30896355278956,0.01541038525963149,1.5979232323976473,43.77871869582595,3.285997197375103,99.87833426672046,71.92357277042959,0.0010050251256281408
wave_r15_pc_05,wave_r15_pc,,capped,5,2938.491,2.4,0.5,0.1,0.02,1.0,True,"{""angle_deg"": 15.0, ""type"": ""ramp""}",,,14.999999999999998,,-5.45,-1.4,0.17940952255126036,-5.455263336073699,-1.3863474648003353,1.152853022552419,20430,24979,2271,46,115.46020034167462,0.9655379262033913,wave,0.0245,1136,True,False,,19.920000000000073,40.816326530612244,19.920000000000073,0.5003910306826347,0.02512003166077474,1.0253074147254997,0.0003920493706988312,-0.28709239723995544,0.17906204001964435,7.493924072627223,7.757530843869084,0.30233704317827925,-0.15569805067400935,-7.493659526085565,7.757530843869084,7.590128819364121,0.12968399756277807,0.35686889290326296,0.9882657896828143,-0.12078654436750733,-7.539546430577041,0.0888889891833715,0.13357587872392973,0.0899078778170158,0.0,0.10015658254619063,0.0033950682078333857,3.127382146439318,5.197592778335005,5.0,101,0.001365017300499915,0.0009054540402630987,0.0033332357180445174,0.18275872857035305,13.14210279212865,0.6457648091243643,1.3776128936253635,37.74281900343462,1.5721603607850823,47.78602920319399,14.60670670250558,0.0,0.9027798742374981,24.73369518458899,3.160043604182335,96.04995757393117,77.32581861680399,0.0,1.5859255055860477,43.450013851672544,3.024156841548764,91.91966083734846,64.53895595104996,0.0
wave_r20_pc_05,wave_r20_pc,,capped,5,2976.32,2.4,0.5,0.1,0.02,1.0,True,"{""angle_deg"": 20.0, ""type"": ""ramp""}",,,20.0,,-5.45,-1.4,0.22101007166283437,-5.43416104718745,-1.3889351197746844,2.8026999267742005,20538,24649,2282,46,115.49110454813153,0.9662842799313702,wave,0.0245,1142,True,False,,20.020000000000437,40.816326530612244,20.020000000000437,0.5003811308165854,0.024994062478350374,1.0201658154428723,0.0004683873917374487,-0.21440749689573715,0.2860460098317086,12.504359206749664,12.825917371040386,0.3561162617899585,-0.26934874605582626,-12.504188387831864,12.825917371040386,7.58410542696341,0.20132634057278642,0.20171351455475842,1.0378778825197688,-0.1340481974364473,-7.526258502359971,0.07882474506832224,0.12873052142040503,0.07989354415024616,0.0,0.10015663562331144,0.00878975591204781,3.1397205588822357,5.199600798403194,5.0,103,0.001281611415503155,0.0008578772113926666,0.0026079209726060358,0.17658802135136564,13.560388579171297,0.6663312634450487,1.3821400094880936,37.86684957501627,3.2825481889973847,99.77350118533083,19.82856446559837,0.001996007984031936,0.9147520943923828,25.061701216229668,3.2896998593199256,99.99087718297646,66.91387287649046,0.00016633399866932801,1.5869121956393153,43.47704645587165,3.283588734755496,99.80512871597253,62.836037944773466,0.001996007984031936
wave_r25_pc_05,wave_r25_pc,,capped,5,3009.5260000000003,2.4,0.5,0.1,0.02,1.0,True,"{""angle_deg"": 25.0, ""type"": ""ramp""}",,,25.0,,-5.45,-1.4,0.26130913087034974,-5.438026335009514,-1.387526494384377,0.8083928265292655,20604,24747,2289,46,115.44653709009715,0.9662796336976469,wave,0.0245,1145,True,False,,20.11999999999989,40.816326530612244,20.11999999999989,0.5004276926007405,0.024872151719718846,1.0151898661109733,-0.0009096860678143963,-0.3437857697664101,0.08075273341249065,17.485411901931087,17.839688863611848,0.39463229294939256,0.02602072629904622,-17.485198329203214,17.839688863611848,7.601829960564415,0.15986190694267102,0.24764227792606458,0.6787047078735547,-0.00770418362002709,-7.547459803902505,0.06811778650000927,0.12279251415554893,0.06933414859515638,0.0,0.10013723987278912,0.014031419389088404,3.1588877855014896,5.2075471698113205,5.0,102,0.0012940454597170426,0.0008938024031571708,0.002471116490346852,0.1821795542762258,14.66033422261466,0.7203125610360174,1.3874789489285408,38.01312188845317,3.282367986374817,99.76802390197014,25.143557759423597,0.0016550810989738498,0.898689027278634,24.621617185716,2.4019501333189615,73.0076028364426,51.44540130664944,0.0,1.6145173850234316,44.23335301434059,2.830254073865788,86.02595969196925,61.50471095445372,0.0
