trial,condition,group,speed_label,rep,t_command,warmup_s,distance_m,stance_m,step_m,cadence_scale,posture_control,scenario,surface_mu,soft,slope_deg,obstacle_h_m,ground_x,ground_y,ground_z,start_x,start_y,start_yaw_deg,torque_msgs,contact_msgs,imu_msgs,snapshots,gait,speed_cmd_m_s,n_samples,success,fell,fall_reason,time_to_goal_s,time_limit_s,window_s,progress_m,speed_m_s,speed_ratio,lateral_drift_m,yaw_drift_deg,roll_rms_deg,pitch_rms_deg,tilt_max_deg,body_z_min_m,roll_mean_deg,pitch_mean_deg,pitch_abs_max_deg,tilt_rel_max_deg,att_err_roll_rms_deg,att_err_pitch_rms_deg,att_err_max_deg,posture_roll_mean_deg,posture_pitch_mean_deg,ssm_min_m,ssm_mean_m,ssm_p5_m,ssm_negative_frac,planned_ssm_min_m,ssm_contact_min_m,contact_feet_mean,support_feet_mean,stance_feet_planned_mean,stance_count,centre_slip_mean_m,slip_mean_m,slip_max_m,slip_per_m,energy_j,cot,qd_peak_coxa_rad_s,qd_peak_coxa_pct,tau_peak_coxa_nm,tau_peak_coxa_pct,tau_p95_coxa_pct,tau_sat_coxa_frac,qd_peak_femur_rad_s,qd_peak_femur_pct,tau_peak_femur_nm,tau_peak_femur_pct,tau_p95_femur_pct,tau_sat_femur_frac,qd_peak_tibia_rad_s,qd_peak_tibia_pct,tau_peak_tibia_nm,tau_peak_tibia_pct,tau_p95_tibia_pct,tau_sat_tibia_frac
tripod_r00_nopc_01,tripod_r00_nopc,,common,1,15.56,0.95,0.8,0.1,0.02,1.0,False,"{""angle_deg"": 0.0, ""type"": ""ramp""}",,,0.0,,-5.45,-1.4,0.05,-5.459535514630027,-1.408060354263435,1.885354443565682,33390,40836,3709,75,tripod,0.025,1855,True,False,,35.66,64.0,35.66,0.8000990472104239,0.022436877375502637,0.8974750950201055,0.0003886701840856259,-0.11541644551126928,0.0011384070790401598,0.000591792568715024,0.0061171614738770525,0.16516041066939524,-7.557933554939424e-05,7.543717749399329e-05,0.0018255151809986594,0.0061171614738770525,0.03729892963614421,0.011587059925842158,0.4073209562196073,0.0,0.0,0.09959079208472076,0.12946363698173086,0.10015670799807963,0.0,0.0976347993387113,0.09849744821144255,3.1597533632286994,3.841928251121076,3.0,228,0.00035718863384869346,0.0005873991987165151,0.0009843032777354741,0.16738802773515385,40.53091509310764,1.2455517497461537,0.37850218156616877,10.369922782634761,1.3872345139888258,42.16518279601294,42.06382072557793,0.0,0.6715238459209266,18.3979135868747,2.5058523722335058,76.16572559980261,68.3958629792528,0.0,0.5820627928774624,15.946925832259245,2.2049420032252405,67.01951377584318,65.28228578912868,0.0
tripod_r00_pc_01,tripod_r00_pc,,common,1,63.017,0.95,0.8,0.1,0.02,1.0,True,"{""angle_deg"": 0.0, ""type"": ""ramp""}",,,0.0,,-5.45,-1.4,0.05,-5.466323362314596,-1.3959959789613738,1.371363160870768,33354,40475,3706,75,tripod,0.025,1854,True,False,,35.660000000000004,64.0,35.660000000000004,0.8000627062009891,0.022435858278210572,0.8974343311284229,0.0004467655298713638,-0.09073869873612542,0.009459782839943382,0.01773779800373397,0.12035137924059978,0.1651599891799918,-0.001094601394895133,-0.0016979497402395964,0.12035137924059978,0.12035137924059978,0.01159947862459645,0.013017433351618056,0.10487501739222133,0.0009666056601306186,0.0013865225225058707,0.09957765008262132,0.13046438042509725,0.10019244389297519,0.0,0.09760979109281519,0.09848761028759571,3.158071748878924,3.874439461883408,3.0,225,0.0003613454490897457,0.0005884915895558176,0.0009633895528962903,0.16550026139115584,40.60867662135094,1.2479980695198691,0.37848053688467914,10.369329777662442,1.3815455169870632,41.992264954014075,41.88520424151646,0.0,0.665422734604978,18.230759852191177,2.503050993036552,76.08057729594383,68.50832467535521,0.0,0.5789839887412984,15.862575034008175,2.2055425248480875,67.03776671270782,65.39891230645433,0.0
tripod_r05_nopc_01,tripod_r05_nopc,,common,1,110.63300000000001,0.95,0.8,0.1,0.02,1.0,False,"{""angle_deg"": 5.0, ""type"": ""ramp""}",,,5.0,,-5.45,-1.4,0.09357787137382909,-5.462483957065336,-1.4177941349066772,-1.3501837925637714,33390,39408,3711,75,tripod,0.025,1856,True,False,,35.70000000000002,64.0,35.70000000000002,0.8003160779396349,0.022417817309233458,0.8967126923693383,0.0015021310433493695,0.07345069903150976,0.11078808212670943,4.99867572349571,4.999351286349301,0.20889235114722163,0.11070561646863496,-4.998675688636582,4.999351286349301,0.12074829596469043,0.06442602198093378,0.01493311994979005,0.4209336102707902,6.6078556334484094e-09,-6.326495598442393e-10,0.09530168226070732,0.11518911726866998,0.09588690282148754,0.0,0.09763479933858273,0.09491819897745327,3.1573348264277716,3.5027995520716684,3.0,228,0.0003601960565152738,0.0005819366941377809,0.0010233845227104825,0.16578614395896293,39.77883820144844,1.2221060863339581,0.37999564915574513,10.410839702897126,3.293595656400498,100.10929046810023,36.83229077100795,0.0001866368047779022,0.6702404665494722,18.36275250820472,3.2821631073201885,99.7617965750817,65.5499660114459,0.0001866368047779022,0.5764347885115186,15.79273393182243,2.4914963947667825,75.729373701118,64.40120907164119,0.0
tripod_r05_pc_01,tripod_r05_pc,,common,1,158.298,0.95,0.8,0.1,0.02,1.0,True,"{""angle_deg"": 5.0, ""type"": ""ramp""}",,,5.0,,-5.45,-1.4,0.09357787137382909,-5.443702679404977,-1.397509373488783,-2.0996264201679833,33498,41719,3721,75,tripod,0.025,1861,True,False,,35.78,64.0,35.78,0.8001490890321517,0.02236302652409591,0.8945210609638363,0.0004920374887802462,-0.024907606740663134,0.024692827300539476,0.031662926730585184,0.14472678082623328,0.21141755750532876,-0.0035638572067448757,0.0010982705846442416,0.14472678082623328,5.10501206808946,0.02676141439365068,0.04410949109874313,0.35916467233201155,0.1978870932179821,-4.996993651882921,0.09993387696063045,0.11890852718988112,0.10074020959479049,0.0,0.09869778709682021,0.0999123279142946,3.1558659217877096,3.506145251396648,3.0,228,0.0003967131606076969,0.0005864913172785825,0.0009087592057467634,0.16711884748578157,42.206728912656885,1.2969698021025926,0.37906285301704074,10.385283644302486,1.3950213480901472,42.40186468359111,42.11688035286946,0.0,0.6835248353181841,18.72670781693655,2.4900591388979554,75.68568811239986,62.56025059857502,0.0,0.6162989065394939,16.884901549027234,2.3622578388602236,71.80115011733203,69.01646293745908,0.0
tripod_r10_nopc_01,tripod_r10_nopc,,common,1,205.835,0.95,0.8,0.1,0.02,1.0,False,"{""angle_deg"": 10.0, ""type"": ""ramp""}",,,10.0,,-5.45,-1.4,0.13682408883346517,-5.452694768367809,-1.393228108057019,-0.46329196037923315,33372,39802,3709,75,tripod,0.025,1855,True,False,,35.67999999999998,64.0,35.67999999999998,0.8003071405536883,0.022430132863051816,0.8972053145220726,0.0018916221765831378,0.11326162743011303,0.0689419133983876,9.999696816560293,10.00138129448093,0.25262320029473323,0.06864786794960699,-9.999696797842354,10.00138129448093,0.08314006489040458,0.05481915616582023,0.03367231335831801,0.4272475908905416,7.327678295959313e-10,-2.1849379203670183e-09,0.08665488885525698,0.10270730112575727,0.08723960587848409,0.0,0.09763479933835749,0.08630790530776293,3.16078431372549,3.380952380952381,3.0,228,0.00035891506277921066,0.0006071531335103545,0.0010871108978782002,0.1729717513685863,38.60773592188795,1.1861390403299465,0.3785673785961321,10.371709002633757,3.293606787992206,100.10962881435277,31.147372649267137,9.337068160597572e-05,0.6640634588900358,18.193519421644815,3.3084775102512443,100.5616264514056,62.50161738740423,0.00018674136321195143,0.582882192444201,15.969375135457563,3.2815771339481445,99.7439858342901,63.55530377867616,9.337068160597572e-05
tripod_r10_pc_01,tripod_r10_pc,,common,1,253.36800000000002,0.95,0.8,0.1,0.02,1.0,True,"{""angle_deg"": 10.0, ""type"": ""ramp""}",,,10.0,,-5.45,-1.4,0.13682408883346517,-5.444672624029035,-1.3813025619002528,1.0983889338577517,33984,41406,3777,76,tripod,0.025,1889,True,False,,36.360000000000014,64.0,36.360000000000014,0.8000305051872103,0.02200303919656793,0.8801215678627172,0.0017849146316495854,0.04103618224082465,0.029904167137309826,1.5130047976633332,1.5502491376654466,0.25553108763821125,-0.027499323484943414,-1.5129761022074746,1.5502491376654466,8.529128306623708,0.01967186577540294,0.027602397996209643,0.21767277091715345,-0.1470293976668643,-8.483195642051454,0.09823193750919758,0.11473089682362354,0.09858086080180056,0.0,0.09962390915894122,0.0979149720557763,3.156129741616273,3.4134139637163274,3.0,234,0.000406293502890846,0.0006030516386956911,0.0008743853508930862,0.17638540511276785,44.56837034131419,1.3697402357407573,0.3785554111299002,10.37138112684658,1.318548575692847,40.077464306773464,39.617175014208826,0.0,0.7423495243358027,20.338343132487747,2.4256279082244365,73.72729204329595,57.394800483781324,0.0,0.6392047594932198,17.512459164197804,2.3956791907768236,72.81699668014662,71.15786699195624,0.0
tripod_r15_nopc_01,tripod_r15_nopc,,common,1,301.821,0.95,0.8,0.1,0.02,1.0,False,"{""angle_deg"": 15.0, ""type"": ""ramp""}",,,14.999999999999998,,-5.45,-1.4,0.17940952255126036,-5.454335006676799,-1.412509897211196,-0.9242360065696015,33390,39546,3710,75,tripod,0.025,1856,True,False,,35.700000000000045,64.0,35.700000000000045,0.8003169791726469,0.022417842553855625,0.896713702154225,0.0016624720663265275,0.09354521513453834,0.237401346746341,14.998084151491266,14.998902019879203,0.2940372891871532,0.23716077725290605,-14.998084139590022,14.998902019879203,0.2621337541064363,0.02852642138236094,0.0350445405522403,0.4023324518859743,1.375839251709175e-10,-2.7971166145323467e-09,0.07724766890483735,0.09290725185960791,0.07797683714117438,0.0,0.09763479933819395,0.0769254994139065,3.1595744680851063,3.377939529675252,3.0,228,0.0003647530477069026,0.0006243459469979782,0.0011667869682647147,0.17786773471758766,37.43015520424831,1.1499470132439222,0.3790140974443445,10.383947875187522,0.9276401218825573,28.195748385488066,25.506213625357393,0.0,0.6682617702633568,18.30854165105087,2.4316542922529853,73.91046481012114,58.70428436374282,0.0,0.5790842038226567,15.865320652675527,2.0815054853862165,63.26764393271175,62.01614901685621,0.0
tripod_r15_pc_01,tripod_r15_pc,,common,1,349.35900000000004,0.95,0.8,0.1,0.02,1.0,True,"{""angle_deg"": 15.0, ""type"": ""ramp""}",,,14.999999999999998,,-5.45,-1.4,0.17940952255126036,-5.449557361057217,-1.3843516236199767,1.653383654836137,34002,41849,3778,76,tripod,0.025,1890,True,False,,36.360000000000014,64.0,36.360000000000014,0.8001014775123034,0.022004991130701406,0.8801996452280562,0.0019522049675180023,0.02015386601514661,0.18748276368389785,6.577526737264438,6.631009718471557,0.2975924614351282,-0.18667934223334168,-6.577514028180834,6.631009718471557,8.470474945350905,0.03874823183834403,0.07577570762118248,0.4861924177179666,-0.23559067772268905,-8.41188916919026,0.08883748996652967,0.10538883289511274,0.08919637850706733,0.0,0.09962452529412034,0.08856447108550099,3.1533809785596483,3.417811984606927,3.0,231,0.00040653341324174214,0.0006355242015595302,0.0009202311072468232,0.18348378909132518,43.189386243649025,1.3272411261658044,0.3783719218630592,10.366354023645458,1.1305792651771456,34.364111403560656,33.807900951442946,0.0,0.7391698017647036,20.25122744560832,2.831517458569129,86.06436044283066,54.11260654327547,0.0,0.6461809244945396,17.703586972453138,2.8654370167378813,87.09535005282314,68.74178842180541,0.0
tripod_r20_nopc_01,tripod_r20_nopc,,common,1,397.538,0.95,0.8,0.1,0.02,1.0,False,"{""angle_deg"": 20.0, ""type"": ""ramp""}",,,20.0,,-5.45,-1.4,0.22101007166283437,-5.457274135975386,-1.383031324139727,-0.17454068750545493,33516,39634,3724,75,tripod,0.025,1863,True,False,,35.81999999999999,64.0,35.81999999999999,0.8001601063277278,0.022338361427351423,0.8935344570940569,0.001318274377487456,0.04100493216238598,0.044331273316809895,19.999897653556076,20.000518105665762,0.3316370047118144,0.043035158688926586,-19.999897645052524,20.000518105665762,0.06820693790078095,0.03910266922396668,0.049174733183484816,0.4119227351860984,1.3371595957216562e-10,-8.507347509686569e-09,0.06758095020971315,0.08236576632513497,0.06813493416624732,0.0,0.09761535161639197,0.06731025968089925,3.1590401785714284,3.373325892857143,3.0,228,0.0003384334842221013,0.0006419273952160874,0.001181342693161257,0.18291241136799477,36.51378679530976,1.1220144878612752,0.38026586398511314,10.418242848907209,3.2936366919509643,100.11053774926943,19.597035674509737,0.00018601190476190475,0.6645022635601301,18.205541467400824,3.2824653248163083,99.77098251721301,55.11157946414923,9.300595238095238e-05,0.5790125000255887,15.863356165084621,2.012711211944772,61.17663258190796,60.011053569266764,0.0
tripod_r20_pc_01,tripod_r20_pc,,common,1,445.398,0.95,0.8,0.1,0.02,1.0,True,"{""angle_deg"": 20.0, ""type"": ""ramp""}",,,20.0,,-5.45,-1.4,0.22101007166283437,-5.442249646311911,-1.4157117076618564,-2.372738649402351,34200,39713,3800,77,tripod,0.025,1901,True,False,,36.579999999999984,64.0,36.579999999999984,0.8000336474186119,0.021870794079240356,0.8748317631696142,0.0028868896196163688,0.3797091248993898,0.4161080121500878,11.740575041040204,11.820903482751385,0.3407936359106354,0.414707010135582,-11.74054253454549,11.820903482751385,8.307014831935254,0.090037409370179,0.1880716566081597,1.051832972864095,0.3100393660347639,-8.24011320019601,0.07802239799039686,0.0944049320259607,0.07862311472648512,0.0,0.09945730040475571,0.0778399855902397,3.1420765027322406,3.4076502732240437,3.0,234,0.000337992599283209,0.0006255513759537874,0.0009868690200527028,0.18296488516395726,42.122463281362144,1.2945589695287183,0.37882487636777606,10.378763736103453,3.292497097159696,100.0758996097172,27.682313736653903,0.00036429872495446266,0.7411590478509297,20.305727338381637,3.277709881465475,99.62644016612386,51.73470997004918,0.00036429872495446266,0.6488455786079914,17.77659119473949,3.141090746675909,95.4738828776872,67.41166872397066,0.0
tripod_r25_nopc_01,tripod_r25_nopc,,common,1,493.737,0.95,0.8,0.1,0.02,1.0,False,"{""angle_deg"": 25.0, ""type"": ""ramp""}",,,25.0,,-5.45,-1.4,0.26130913087034974,-5.461923702098822,-1.3846220130524682,1.0788687689075016,35586,41444,3954,80,tripod,0.025,1978,True,False,,38.12000000000006,64.0,38.12000000000006,0.8004399891503583,0.020997901079495198,0.8399160431798078,0.0011066786024602898,-0.038345293519442644,0.4779282233159623,24.995659686344087,24.997244774238702,0.36507333963776584,-0.4774490513505523,-24.995659676652203,24.997244774238702,0.5204927924983083,0.059378510463631476,0.04497422285136688,0.4437719532796584,2.7151467821368427e-09,-1.1934916853870624e-08,0.05723142448039659,0.07108363035947782,0.05770343749799351,0.0,0.09763479933971782,0.057024268738606436,3.1557420031463033,3.362349239643419,3.0,243,0.0005029779743874839,0.0009754121195501409,0.0015441615913434755,0.29611827158051146,34.658437227986276,1.064630569882382,0.37870857699734256,10.37557745198199,3.286844087104395,99.90407559587827,12.134194383782088,0.00017479461632581716,0.6692667797132428,18.336076156527202,3.282436357828894,99.77010206166852,50.23713251066286,8.739730816290858e-05,0.5783319228268908,15.844710214435366,1.9587658684218097,59.53695648698509,57.38223422411606,0.0
tripod_r25_pc_01,tripod_r25_pc,,common,1,544.037,0.95,0.8,0.1,0.02,1.0,True,"{""angle_deg"": 25.0, ""type"": ""ramp""}",,,25.0,,-5.45,-1.4,0.26130913087034974,-5.436030547055423,-1.3942225492317792,-0.5607456139467812,35622,42105,3958,80,tripod,0.025,1980,True,False,,38.15999999999997,64.0,38.15999999999997,0.8004049956141976,0.020974973679617356,0.8389989471846943,-0.00048152412031247926,-0.30416848372194993,0.13643922200706934,16.567676885096493,16.62113479436791,0.3830132213245871,0.13294237696438463,-16.56767156982787,16.62113479436791,8.476974577731436,0.03844107689276242,0.07436495987138887,0.49276201744335485,0.06586746565317536,-8.422376789552228,0.06807756979531672,0.08410320894496756,0.06857783046887833,0.0,0.09955260380442975,0.06787813440323345,3.1540073336825563,3.433734939759036,3.0,243,0.0002794547510179896,0.0007658421223928836,0.0011967263322018977,0.23250669718669043,38.04883360651362,1.1688276135231628,0.3801239600661554,10.414355070305627,0.7220018512707104,21.945345023425848,14.09668161358234,0.0,0.7379482798281953,20.217761091183434,2.7150541868114058,82.52444336812783,46.24377744753769,0.0,0.6417079770774005,17.581040467873986,2.6482890783284123,80.49510876378153,62.30515474522762,0.0
ripple_r00_nopc_01,ripple_r00_nopc,,common,1,594.471,1.3,0.8,0.1,0.02,1.0,False,"{""angle_deg"": 0.0, ""type"": ""ramp""}",,,0.0,,-5.45,-1.4,0.05,-5.449336872235,-1.3962622592897636,2.172707909445769,29826,33766,3315,67,ripple,0.025,1658,True,False,,31.460000000000036,64.0,31.460000000000036,0.800408268861176,0.02544209373366736,1.0176837493466944,0.00026327316350544666,-0.06909438298695374,0.061681889571773944,0.05400380164034603,0.21703053565972683,0.16621808383627115,0.0023853074766920107,0.018116812923304543,0.18515178203207475,0.21703053565972683,0.18286154331695245,0.2724892510380662,0.8834985170041191,1.2770426259574557e-09,-8.864938768351713e-09,0.10237068557688975,0.11242287729424025,0.10327351469220171,0.0,0.10038986648774012,-0.003988896677655444,2.690597204574333,4.375476493011436,4.0,148,0.0006010601393794863,0.00035350376940627195,0.0006606510091222952,0.06536483576859599,33.92074416716892,1.0420125574952062,0.6346933288856776,17.388858325635002,3.2938248013997105,100.11625536169333,39.830392355590035,0.0021177467174925877,0.7316887333357341,20.046266666732443,3.2932732209488393,100.09948999844497,67.21843315497364,0.013871240999576451,0.7820399170461599,21.425751151949587,3.0443050201380024,92.53206748139826,83.10818711601097,0.0
ripple_r00_pc_01,ripple_r00_pc,,common,1,637.87,1.3,0.8,0.1,0.02,1.0,True,"{""angle_deg"": 0.0, ""type"": ""ramp""}",,,0.0,,-5.45,-1.4,0.05,-5.452472553353635,-1.3843103956013343,0.6823016304155234,29790,31742,3311,67,ripple,0.025,1656,True,False,,31.420000000000073,64.0,31.420000000000073,0.8002140638447358,0.025468302477553596,1.0187320991021438,0.00013547851679518094,0.003703597465685345,0.11035606926934216,0.23144093315299016,0.47979507682446637,0.16620871109375607,-0.02668919666447952,-0.2085378405955956,0.47979507682446637,0.47979507682446637,0.15161639309029665,0.282605131578245,0.8960707367223648,0.0308023061663841,0.22636217735997577,0.10264650118965504,0.11249688008027316,0.1035181737541949,0.0,0.10028658618056988,-0.0044767989750148516,2.708651399491094,4.376590330788804,4.0,146,0.0006247211319055626,0.0003306507332075063,0.0006483793863985666,0.06032761549389421,34.33416895101756,1.0549685798148363,0.6338950838864293,17.366988599628204,3.293775427872762,100.11475464658851,40.14712941172303,0.0005301102629346904,0.7450275308874811,20.41171317499948,3.295583591387262,100.16971402392893,67.42588606115137,0.017917726887192537,0.7907304432498794,21.663847760270666,3.2963813481371402,100.19396194945715,81.61112350985574,0.0005301102629346904
ripple_r05_nopc_01,ripple_r05_nopc,,common,1,681.236,1.3,0.8,0.1,0.02,1.0,False,"{""angle_deg"": 5.0, ""type"": ""ramp""}",,,5.0,,-5.45,-1.4,0.09357787137382909,-5.436825754967737,-1.40007775780331,1.1551087909798408,30024,33971,3337,67,ripple,0.025,1669,True,False,,31.680000000000064,64.0,31.680000000000064,0.8004219249991334,0.025265843592144312,1.0106337436857724,0.0011575951311105972,-0.06310900117940355,0.1220610242636558,5.0263727495682975,5.1935088105956435,0.2124792106917633,-0.09441259352404495,-5.026064064963993,5.1935088105956435,0.32439718510282717,0.14026615058484937,0.21455902637656263,0.7528219718400784,2.8877268089299364e-09,-1.7576793549025771e-09,0.00045554825891241176,0.04983788025197564,0.0012649790110119366,0.0,0.10036592559740284,-0.005388763589894968,2.9728706624605676,3.3034700315457415,4.0,199,0.0007359930480681947,0.0004391354012982087,0.0011157809926090176,0.10917723600826919,32.15585254406797,0.9877789551882816,0.6357849627144957,17.418766101767005,1.738295108996635,52.83571759868191,35.17191735365257,0.0,0.7262556312176808,19.897414553909066,3.2910977506470065,100.03336628106403,64.49825537966748,0.009568874868559412,0.7808673276346183,21.393625414647076,3.282943116217178,99.78550505219386,77.40647493909233,0.0002103049421661409
ripple_r05_pc_01,ripple_r05_pc,,common,1,724.897,1.3,0.8,0.1,0.02,1.0,True,"{""angle_deg"": 5.0, ""type"": ""ramp""}",,,5.0,,-5.45,-1.4,0.09357787137382909,-5.456438985014028,-1.3990868598430493,-1.7026596538859133,33318,36362,3702,75,ripple,0.025,1852,True,False,,35.299999999999955,64.0,35.299999999999955,0.8000550396569814,0.022664448715495254,0.9065779486198101,-0.0021135977309118224,-0.14876416489186903,0.19226010258084616,0.21084739892648338,0.602067100407259,0.21085332370408266,-0.0710060404133339,-0.13552082557056097,0.602067100407259,5.244338348002454,0.2092974244224328,0.2299470141844015,0.7846944626283455,0.2274248052527713,-4.907321306140252,-0.000976772121286172,0.0727811399355107,-5.431998204917609e-05,0.05605889014722537,0.10142971870054737,-0.0034675543731701015,2.762740656851642,3.7587768969422424,4.0,195,0.0006074537660423977,0.00036595962134061666,0.001441237095238979,0.08919620871352894,33.29971669730731,1.0233832966698155,0.6352464835417054,17.40401324771796,2.0843907454019996,63.3553418055319,24.883577826136037,0.0,0.7434789460123579,20.369286192119397,3.2898012878925194,99.99396011831365,67.6313731747258,0.00028312570781426955,0.8157715364270841,22.349905107591347,3.294367561499759,100.132752629172,77.54786203565278,0.0013212533031332577
ripple_r10_nopc_01,ripple_r10_nopc,,common,1,772.551,1.3,0.8,0.1,0.02,1.0,False,"{""angle_deg"": 10.0, ""type"": ""ramp""}",,,10.0,,-5.45,-1.4,0.13682408883346517,-5.465971855919261,-1.418455834803161,1.2116968583159369,30078,34855,3343,67,ripple,0.025,1672,True,False,,31.720000000000027,64.0,31.720000000000027,0.8002761706391284,0.025229387472860267,1.0091754989144106,0.00011877394385628043,-0.03930330266686749,0.2169067288187375,10.027594310393756,10.196580777333415,0.2526349753378083,-0.20230597492420713,-10.02744405507139,10.196580777333415,0.43306787762094984,0.15963641900343029,0.2939899473448992,0.7304155940350513,5.181517253960253e-10,-1.7341824894521817e-09,0.00596096914576519,0.04990554075881932,0.006590518529162419,0.0,0.10038986648697591,0.00596096914576519,3.0907372400756143,3.3062381852551983,4.0,149,0.00106269024337409,0.0006004003874451254,0.001002571722584423,0.11178598090930693,30.573035797990038,0.9393292498397375,0.6360480148217137,17.425973008814072,2.6834713906556518,81.56447995913834,29.87755512871183,0.0,0.7330758944849483,20.084271081779406,3.2910143599775745,100.03083161026062,61.554259426426455,0.0017853392144507457,0.7868660696502131,21.557974510964744,3.282731534890401,99.77907400882678,71.8614652176245,0.000315059861373661
ripple_r10_pc_01,ripple_r10_pc,,common,1,816.2560000000001,1.3,0.8,0.1,0.02,1.0,True,"{""angle_deg"": 10.0, ""type"": ""ramp""}",,,10.0,,-5.45,-1.4,0.13682408883346517,-5.451742775164738,-1.3840906341162729,2.011099228153678,35784,41173,3976,80,ripple,0.025,1989,True,False,,37.960000000000036,64.0,37.960000000000036,0.8003552852937177,0.021084175060424575,0.8433670024169829,0.0033323882863383857,-0.432412893600914,0.22154356344091536,1.6918045860011732,2.0690947443333645,0.2557663737628525,-0.06856393659955357,-1.6798298147074553,2.0690947443333645,8.72990068282877,0.18983654987846482,0.2965560907979324,0.8483098063400311,-0.24011686505096327,-8.401956372165737,0.002401115128264049,0.062488368498488746,0.0030149409114205673,0.0,0.1023758103730938,-0.0061488296680064294,2.914691943127962,3.684044233807267,4.0,235,0.0005896817473469983,0.00041724791372709896,0.0013314231667483217,0.12251109769365051,35.01599235015672,1.0757194104635173,0.6369950545520109,17.45191930279482,3.2839356786991654,99.8156741245947,41.431827088568966,8.77654906090925e-05,0.8516108743879501,23.33180477775206,3.2934033460039824,100.1034451672943,72.64696603622275,0.0002632964718272775,0.8157318228004932,22.348817063027212,3.290347298318592,100.01055617989643,69.6976740878872,0.0007898894154818325
ripple_r15_nopc_01,ripple_r15_nopc,,common,1,868.8140000000001,1.3,0.8,0.1,0.02,1.0,False,"{""angle_deg"": 15.0, ""type"": ""ramp""}",,,14.999999999999998,,-5.45,-1.4,0.17940952255126036,-5.454596194620768,-1.381052849211791,0.5523720664701879,30114,36966,3347,67,ripple,0.025,1674,True,False,,31.75999999999999,64.0,31.75999999999999,0.8002397990031249,0.025196467223020314,1.0078586889208125,0.000223693138482162,0.011342767761111249,0.176848172002464,15.028669303349062,15.197545389938128,0.29579971511618014,-0.1588310886016727,-15.02857023331637,15.197545389938128,0.38989837033399166,0.1964801267766393,0.41391876147486556,0.8195395829567713,-2.5679280216368715e-10,7.563411269576312e-11,0.011346998448260433,0.050200274200181104,0.012082368620437036,0.0,0.10036592559653591,0.011346998448260433,3.1069855254877283,3.3089993706733796,4.0,148,0.001070904357142324,0.0006457173148242658,0.0010149854100367328,0.11942190170151246,29.478172584747586,0.9057316912067994,0.6420132056350476,17.589402894110894,2.60211567176554,79.09166175579149,24.419394785842307,0.0,0.7342277650294337,20.115829178888593,3.2906392853254043,100.01943116490591,57.95239589273874,0.0020977554017201595,0.7841524918710561,21.483629914275507,3.283033342835348,99.78824750259416,65.40875619272632,0.0004195510803440319
ripple_r15_pc_01,ripple_r15_pc,,common,1,912.6010000000001,1.3,0.8,0.1,0.02,1.0,True,"{""angle_deg"": 15.0, ""type"": ""ramp""}",,,14.999999999999998,,-5.45,-1.4,0.17940952255126036,-5.439364667431389,-1.4037122256608157,-1.8229805281903684,36144,41952,4016,81,ripple,0.025,2009,True,False,,38.32000000000005,64.0,38.32000000000005,0.800285536968096,0.02088427810459538,0.8353711241838152,-0.005462989526387692,-0.3133333641970573,0.2933617718104348,6.8448336302719035,7.211682385948064,0.30181883733918347,0.22022006655860532,-6.842139937950204,7.211682385948064,8.621391225554014,0.19029871867594303,0.24756965416173723,0.8688878551032019,0.31319798171241975,-8.239791413926424,0.007082935971197935,0.06570982813390475,0.008142982910615961,0.0,0.10219717976259396,-0.01225747488061465,3.058946270213876,3.7047470005216483,4.0,237,0.0006618202451517446,0.0005634291196937117,0.0021386816846046806,0.1668524232020022,35.70822979829675,1.0970650404406233,0.635202629978617,17.40281178023608,3.1107991430715556,94.55316544290442,35.56906841667639,0.0,0.8532084481314954,23.375573921410837,3.2885593675784577,99.95621178050023,66.59589988073759,0.0001738828029907842,0.8244379030956569,22.587339810839914,3.283549769964241,99.8039443758128,63.4652077579664,0.0001738828029907842
ripple_r20_nopc_01,ripple_r20_nopc,,common,1,963.5790000000001,1.3,0.8,0.1,0.02,1.0,False,"{""angle_deg"": 20.0, ""type"": ""ramp""}",,,20.0,,-5.45,-1.4,0.22101007166283437,-5.463128919396727,-1.4127517509507603,0.6228331035746315,30168,34583,3352,68,ripple,0.025,1677,True,False,,31.82000000000005,64.0,31.82000000000005,0.8003310590399707,0.025151824608421417,1.0060729843368565,0.00037401688687040656,0.015469875465883878,0.2276195315680285,20.028488258423106,20.194027600314953,0.33283091182902386,-0.21410019899695482,-20.028414800919386,20.194027600314953,0.4460672657609966,0.217254836563063,0.4133537993911441,1.1103564944568671,1.3984800461473278e-09,-5.752302064665768e-09,0.01698638745695205,0.05064338537011081,0.017715117928819978,0.0,0.10038986648616215,0.01698638745695205,3.1055276381909547,3.303391959798995,4.0,149,0.001035136890419926,0.0006304385943919457,0.001172425677591401,0.11737060463392295,28.21859178031223,0.8669315127619784,0.6386227860666991,17.49651468675888,2.441007412324863,74.194754174008,22.656838513721336,0.0,0.736332035380314,20.173480421378464,3.2901559614302704,100.00474046900518,54.08501160562792,0.0017797319932998325,0.7868976305801467,21.558839193976624,2.9654116732677074,90.13409341239232,59.81782405915506,0.0
ripple_r20_pc_01,ripple_r20_pc,,common,1,1007.3510000000001,1.3,0.8,0.1,0.02,1.0,True,"{""angle_deg"": 20.0, ""type"": ""ramp""}",,,20.0,,-5.45,-1.4,0.22101007166283437,-5.465494685795547,-1.419203570046503,1.9979817851305233,38971,45781,4332,87,ripple,0.025,2166,True,False,,41.56000000000006,64.0,41.56000000000006,0.8003854780475328,0.019258553369767364,0.7703421347906945,0.012615362819313521,0.3024914875951021,0.5054329747436064,11.789524482669139,12.115679939432113,0.3330023377919327,-0.47235542373528605,-11.788016948680454,12.115679939432113,8.61423731112848,0.17128982170344048,0.2029126284056981,0.9621132690151843,-0.3952281912947242,-8.285035369537598,0.013051024477597043,0.07789401278178444,0.013921575079189894,0.0,0.10239944830296847,-0.017519592848656947,3.1053391053391053,3.846079846079846,4.0,240,0.0011536221693043492,0.001308780050343349,0.002843435999348688,0.39239615324300486,38.599201787052856,1.1856167555115893,0.6373785154244574,17.462425080122124,3.2840106376478175,99.81795251209171,40.276184563800086,0.0007215007215007215,0.8461666879501819,23.18264898493649,3.104068884305388,94.34859830715465,59.542593685362505,0.0,0.8160232463743629,22.35680127053049,3.2841977431017972,99.82363960795736,56.841099635620154,8.01667468334135e-05
ripple_r25_nopc_01,ripple_r25_nopc,,common,1,1061.537,1.3,0.8,0.1,0.02,1.0,False,"{""angle_deg"": 25.0, ""type"": ""ramp""}",,,25.0,,-5.45,-1.4,0.26130913087034974,-5.466023555282694,-1.4019766185779294,-0.06900856149618373,30762,35683,3418,69,ripple,0.025,1710,True,False,,32.48000000000002,64.0,32.48000000000002,0.8002190962089236,0.02463728744485601,0.9854914977942404,0.002291664800910684,0.13049011091941726,0.07355749101450308,25.02940551997505,25.194585449484304,0.3674875546949228,-0.019839389157273367,-25.029347109217408,25.194585449484304,0.2528353061390321,0.19404099971033495,0.3488091936110649,1.0411587828717013,-3.517264302492257e-10,-7.251718820188798e-09,0.022442501853902317,0.05070970279318712,0.02349171639897447,0.0,0.10036592559572559,0.022442501853902317,3.1083076923076924,3.297230769230769,4.0,153,0.0009496799006139142,0.0006863621847503266,0.0013225529710076272,0.13123028947715012,26.643795500317133,0.8186618850202041,0.6344137539563797,17.38119873853095,2.3103365578468784,70.22299567923643,25.638749350774443,0.0,0.7276308608020342,19.93509207676806,3.290153060876212,100.00465230626786,49.12299087517875,0.001641025641025641,0.7845059924262773,21.493314860993898,3.282980144750248,99.78663053952121,56.20968264497845,0.00020512820512820512
ripple_r25_pc_01,ripple_r25_pc,,common,1,1105.976,1.3,0.8,0.1,0.02,1.0,True,"{""angle_deg"": 25.0, ""type"": ""ramp""}",,,25.0,,-5.45,-1.4,0.26130913087034974,-5.445189103664657,-1.399839420703936,2.6240588623738086,43272,49894,4808,97,ripple,0.025,2405,True,False,,46.22000000000003,64.0,46.22000000000003,0.8000122840942446,0.01730879022272272,0.6923516089089088,0.019951769085228,0.41486927603633894,0.953001257282628,16.820806414773937,17.134485170040488,0.3760628588081436,-0.9359380872452419,-16.81977085800502,17.134485170040488,8.593320632697887,0.18319688512908988,0.3804200106474016,1.2545414073514232,-0.46093288834981855,-8.231701383302504,0.01822971084719573,0.08755877898756342,0.01907300969523356,0.0,0.10240107820160219,-0.021831083090317643,3.1275951557093427,3.9801038062283736,4.0,223,0.0023119753111385303,0.002635876340567844,0.003645358601769729,0.7345106497472961,42.03989249378183,1.2916622594210774,0.6350087150579479,17.397499042683503,3.2840504390794543,99.81916228205027,36.33752337080481,0.0012975778546712802,0.8460610087878873,23.17975366542157,3.2819944136118577,99.7566691067434,53.506964342134324,0.001658016147635525,0.822549826091203,22.53561167373159,3.291433455836627,100.04357008621967,50.1853969760482,0.0017301038062283738
wave_r00_nopc_01,wave_r00_nopc,,capped,1,1165.231,2.4,0.8,0.1,0.02,1.0,False,"{""angle_deg"": 0.0, ""type"": ""ramp""}",,,0.0,,-5.45,-1.4,0.05,-5.439984136225469,-1.3970213400846814,0.7036328202316995,31050,34701,3451,70,wave,0.0245,1726,True,False,,31.699999999999818,65.3061224489796,31.699999999999818,0.8002246788755081,0.025243680721625004,1.0303543151683674,0.0032400146715368325,0.3732871155879734,0.044467153441384646,0.052662688628598756,0.25045966934184416,0.16627090597947441,-0.007266757428087319,0.015266605368917137,0.25045966934184416,0.25045966934184416,0.2604426881510638,0.250722953368049,1.1203531034919658,-2.5459616665960914e-11,-9.64517640521998e-10,0.09961567873661636,0.13712996767645536,0.10150413984792547,0.0,0.09844163759262667,-0.006390681570448128,2.9237074401008827,5.200504413619168,5.0,187,0.0007046746711631804,0.00039954654634556197,0.002244003274629046,0.09336701769753616,24.561623171138756,0.7546763405401022,1.372313934325198,37.597642036306794,2.3247034026641735,70.65967789252807,13.093787993646602,0.0,0.8689071756255842,23.805676044536554,3.290639471469524,100.01943682278188,99.99716212297935,0.11307271963009669,1.4118712998835803,38.681405476262476,3.2976539902098305,100.23264407932616,89.16794711041105,0.0008406893652795292
wave_r00_pc_01,wave_r00_pc,,capped,1,1210.257,2.4,0.8,0.1,0.02,1.0,True,"{""angle_deg"": 0.0, ""type"": ""ramp""}",,,0.0,,-5.45,-1.4,0.05,-5.449737940335721,-1.3814095276449858,-1.6402436198451797,31140,33885,3460,70,wave,0.0245,1731,True,False,,31.779999999999973,65.3061224489796,31.779999999999973,0.8000587478457781,0.025174913399804242,1.0275474857062956,0.008836493782803878,0.7435419530266543,0.13777054257983035,0.17652638425756292,0.6104190548976918,0.16625137388683328,-0.02539203590368496,-0.02780829027151608,0.6104190548976918,0.6104190548976918,0.18907396117637956,0.23585852025876258,1.0227390736920081,0.020299462335547795,0.04205101468957967,0.0993905683428524,0.13708931524832008,0.10151673745547919,0.0,0.09834971321998938,-0.006083244877747914,2.8867924528301887,5.19874213836478,5.0,182,0.0006464023329067771,0.00035999986110384324,0.0021495815343926367,0.08188895996197339,25.14916339336162,0.7728484639272051,1.376061210797544,37.7003071451382,2.551925490051709,77.56612431768113,12.988479378735466,0.0,0.8725828006455414,23.90637809987785,3.2935503624502536,100.10791375228735,99.9850891132425,0.09979035639412998,1.428323012124351,39.13213731847537,3.2907694832949614,100.02338854999883,89.09702387053574,0.0012578616352201257
wave_r05_nopc_01,wave_r05_nopc,,capped,1,1259.6200000000001,2.4,0.8,0.1,0.02,1.0,False,"{""angle_deg"": 5.0, ""type"": ""ramp""}",,,5.0,,-5.45,-1.4,0.09357787137382909,-5.4424389145140575,-1.3977961328440853,-2.7479292655878833,31302,36850,3478,70,wave,0.0245,1740,True,False,,31.960000000000036,65.3061224489796,31.960000000000036,0.800051880586758,0.025032912408847217,1.0217515268917232,-0.002807429809141053,-0.499481535339283,0.3418719998965122,5.026800943354342,5.305368276976902,0.21394689856795696,0.3354822390378046,-5.0263470622905055,5.305368276976902,0.6496510563968237,0.1780606164705575,0.18306575132297337,0.6231950479518776,-8.501886302087783e-15,-3.3216822704527895e-14,-0.0009010454944306624,0.08176383695661003,0.0005529837675026776,0.027517198248905566,0.09844163759324337,-0.005003568564128936,3.0575359599749845,4.687929956222639,5.0,190,0.0010824385025567382,0.0007500116552583803,0.002778426926392093,0.1781151172420526,23.540769631718547,0.7234674504306323,1.3722503284443015,37.595899409432924,1.146004774558823,34.83297187108885,12.764794294451459,0.0,0.8642598812123498,23.67835290992739,3.291264583409055,100.03843718568555,97.65648287093508,0.04742547425474255,1.4112773476760112,38.6651328130414,3.1784430203080793,96.60921034371061,85.32097230452574,0.0
wave_r05_pc_01,wave_r05_pc,,capped,1,1304.757,2.4,0.8,0.1,0.02,1.0,True,"{""angle_deg"": 5.0, ""type"": ""ramp""}",,,5.0,,-5.45,-1.4,0.09357787137382909,-5.458154000008651,-1.3829133225839363,1.707389144579999,42264,49703,4696,94,wave,0.0245,2349,True,False,,44.039999999999964,65.3061224489796,44.039999999999964,0.800338885891218,0.018172999225504513,0.7417550704287557,0.09105212472177533,9.465099510491404,0.213283150700257,0.4642319967206158,0.9793043807515822,0.21195342974553583,0.025949465183430873,-0.3067259644683306,0.9793043807515822,5.638997059631502,0.1905683620893778,0.4531928289773973,1.490837661655759,-0.4786717292792771,-4.744179867000035,0.0006970834526778164,0.1292977128140762,0.10238284023485816,0.0,0.09936576629802168,-0.004730280748421076,3.28869723104857,5.110304130730822,5.0,243,0.0017274943917349238,0.002030872304106351,0.007065023142774948,0.6126638718836469,34.78413725830781,1.0617781605919077,1.3720717348267448,37.591006433609444,3.2952895964154307,100.16077800654804,13.960844422046733,0.0003782720532607051,0.9631766176768132,26.388400484296252,3.295167737690876,100.1570740939476,96.60607084859016,0.04902405810258738,1.4860587922625423,40.71393951404226,3.2968264107078937,100.20748968717002,99.77505908359848,0.05220154334997731
wave_r10_nopc_01,wave_r10_nopc,,capped,1,1362.73,2.4,0.8,0.1,0.02,1.0,False,"{""angle_deg"": 10.0, ""type"": ""ramp""}",,,10.0,,-5.45,-1.4,0.13682408883346517,-5.469486756258784,-1.40813494681349,-2.941167905720617,31356,36677,3485,70,wave,0.0245,1743,True,False,,32.039999999999964,65.3061224489796,32.039999999999964,0.800365440921003,0.02498019478529975,1.0195997871550917,-0.004293201687818993,-0.5781169499563861,0.5885524397142468,10.022834472342705,10.301562246659927,0.2549297701882483,0.5842893741930802,-10.022610763938317,10.301562246659927,0.9239567381856886,0.21432295782693098,0.19768996895161944,0.8521191283952887,-1.1348483034531953e-11,-1.6762372663332303e-10,0.0036885227794604034,0.07981817718988665,0.0056715797840057635,0.0,0.09844163759398433,0.0036885227794604034,3.14597629444791,4.674984404242046,5.0,163,0.001367976421680222,0.0008773759653868713,0.0024790004680168075,0.17868115152681008,22.846085768899822,0.7018371928549269,1.3750444095850234,37.67244957767187,1.044763017802779,31.755714826832186,16.398066747639326,0.0,0.8696194680286845,23.825190904895468,3.291259884536623,100.0382943628153,89.12360369971319,0.0030151798710750678,1.4079603895339372,38.57425724750513,3.050260929332644,92.71309815600742,79.29126698707026,0.0
wave_r10_pc_01,wave_r10_pc,,capped,1,1407.938,2.4,0.8,0.1,0.02,1.0,True,"{""angle_deg"": 10.0, ""type"": ""ramp""}",,,10.0,,-5.45,-1.4,0.13682408883346517,-5.436901322280877,-1.4155852963076374,-2.6552689273510834,55008,62553,6112,123,wave,0.0245,3057,True,False,,58.16000000000008,65.3061224489796,58.16000000000008,0.8002232093011582,0.013758996033376153,0.5615916748316797,0.10941143366183313,9.096878596989768,0.38637683280607527,1.9704082007104617,2.698472223481161,0.2577546916667836,-0.05808899165492984,-1.9278780348700497,2.698472223481161,9.206299934085628,0.2642840171552151,0.775806435015603,1.8063301558212614,-0.5048901350170152,-8.125159460748662,0.003447311341813138,0.1317861718956987,0.09927217487988929,0.0,0.10016309990972441,-0.011681682121044869,3.0374699209350293,5.134754211069096,5.0,341,0.001836228079725565,0.0020609646045656985,0.007171846643552086,0.8701447224312391,46.73471773225256,1.4227394494570014,1.3712008965665876,37.56714785113939,3.2957734804066963,100.1754857266473,12.090138049150749,0.0009739887704824109,1.1648730668413116,31.9143305983921,3.2974527280332664,100.22652668794123,99.01810771774483,0.05265268706313739,1.5522102987553645,42.5263095549415,3.296919781097006,100.21032769291811,99.74152749018147,0.0533402085481838
wave_r15_nopc_01,wave_r15_nopc,,capped,1,1485.623,2.4,0.8,0.1,0.02,1.0,False,"{""angle_deg"": 15.0, ""type"": ""ramp""}",,,14.999999999999998,,-5.45,-1.4,0.17940952255126036,-5.430724666272196,-1.4021652048233915,-1.0896420056179439,31428,35819,3492,70,wave,0.0245,1747,True,False,,32.100000000000136,65.3061224489796,32.100000000000136,0.8002794946585752,0.024930825378771705,1.0175847093376207,-0.00322337023509019,-0.5384380771551232,0.4260895769265883,15.03227853161026,15.310951754204702,0.3055319065906879,0.4191841710615759,-15.032135233921089,15.310951754204702,0.7818231560836573,0.14599167317159034,0.21869239944155947,0.6994245871278759,-2.0976687018752544e-15,-5.412886205399112e-15,0.009193902162734977,0.07773962737832069,0.011181016442625216,0.0,0.09844163759484904,0.009193902162734977,3.155043586550436,4.660647571606476,5.0,164,0.001352073077208727,0.0008698315043523872,0.0028834700283876698,0.17825173601735683,23.276125141506448,0.7151294146198022,1.3849458301943456,37.94372137518756,3.2848656060924157,99.84393939490624,21.13893521735681,0.0007264425072644251,0.8741454985097374,23.949191739992806,3.2897661574051518,99.99289232234504,82.48551603984438,0.0017642175176421752,1.4137024804312688,38.731574806336134,2.8116386969107228,85.46014276324384,74.22319152113455,0.0
wave_r15_pc_01,wave_r15_pc,,capped,1,1530.817,2.4,0.8,0.1,0.02,1.0,True,"{""angle_deg"": 15.0, ""type"": ""ramp""}",,,14.999999999999998,,-5.45,-1.4,0.17940952255126036,-5.468039464417476,-1.404416188628047,-0.8037656564271705,56052,67835,6227,125,wave,0.0245,3114,True,False,,59.07999999999993,65.3061224489796,59.07999999999993,0.8003235026668774,0.013546437079669573,0.5529157991701866,0.10868376188828444,8.54295728181054,0.7706266611776806,6.933536707236722,7.737730641112319,0.2927208946264514,-0.6067255591178162,-6.920384324477298,7.737730641112319,9.19547809155706,0.2748446125755297,0.7329540854901154,1.955329088844002,-0.5974051635417637,-8.089176085478847,0.0885295484330209,0.12995362814960054,0.09026564265605733,0.0,0.10017646900465332,-0.019871127853421544,3.0842639593908627,5.145516074450085,5.0,338,0.0018440378185123122,0.0021065349681552333,0.007721097420260841,0.881559651908236,47.92150504310711,1.458867846036788,1.3835321254698998,37.904989738901364,3.294437753676949,100.13488612999845,15.436124120867943,0.0003948110547095319,1.1622817239295125,31.843334902178427,3.2926766887277386,100.08135831999206,93.05994183383051,0.006880992667794698,1.5615098596342476,42.781092044773914,3.297376674372255,100.2242150265123,99.50957450892581,0.051212633953750704
wave_r20_nopc_01,wave_r20_nopc,,capped,1,1604.96,2.4,0.8,0.1,0.02,1.0,False,"{""angle_deg"": 20.0, ""type"": ""ramp""}",,,20.0,,-5.45,-1.4,0.22101007166283437,-5.449060768477781,-1.4197285813407405,-2.112222718258689,31500,37410,3500,71,wave,0.0245,1751,True,False,,32.179999999999836,65.3061224489796,32.179999999999836,0.8001898041430621,0.024866059793134436,1.0149412160463034,-0.004057942411417832,-0.632586722019349,1.1475232696535078,20.008835402533503,20.288671271624683,0.34494703165433754,1.1442457300664715,-20.0087235189335,20.288671271624683,1.5331255217070463,0.1197644393003981,0.21187273231202844,0.8268536378854678,-2.0652507270404542e-11,-4.132480170949442e-10,0.013536298339937297,0.07551065490527568,0.01566573377566692,0.0,0.09844163759573914,0.013536298339937297,3.1577639751552793,4.675155279503105,5.0,163,0.0013428246501596848,0.0009029042261702498,0.0023345681960784755,0.18392070989751438,23.58807090869787,0.7247912478757387,1.3801700747027381,37.81287875897913,3.2848614792312985,99.84381395839813,25.83976539807431,0.00041407867494824016,0.8644881198327248,23.68460602281438,3.28976630543137,99.99289682162218,74.25193134661912,0.002277432712215321,1.421753195219777,38.95214233478841,2.68922174639649,81.73926280840394,68.48756163805947,0.0
wave_r20_pc_01,wave_r20_pc,,capped,1,1650.5120000000002,2.4,0.8,0.1,0.02,1.0,True,"{""angle_deg"": 20.0, ""type"": ""ramp""}",,,20.0,,-5.45,-1.4,0.22101007166283437,-5.461604538970064,-1.402379819250052,-1.186179802140802,56790,65350,6311,127,wave,0.0245,3156,True,False,,60.11999999999989,65.3061224489796,60.11999999999989,0.8001034760414868,0.013308441051920963,0.5432016755886108,0.11894359901455583,10.657205268150207,0.9085323287612461,11.874267362112269,12.678569900794436,0.33690802023267286,-0.6052602130784887,-11.865362171767185,12.678569900794436,9.216326078047096,0.267738629920643,0.7202423830837088,2.113209543994697,-0.40206641108635083,-8.146943988847534,0.07801047354062605,0.12730629788212194,0.08017149893760608,0.0,0.10007203739775435,-0.028490002089204325,3.106418357166611,5.165281010974393,5.0,319,0.0021115728307250564,0.002434665025685688,0.011167568260785063,0.9601417396691345,51.58821741793301,1.5681050112604444,1.3770564015779114,37.72757264597018,3.2941302674418034,100.12554004382382,20.957486352754156,0.0005542622769094336,1.181057148195117,32.357730087537455,3.293579895910345,100.10881142584634,86.79497704801982,0.003768983482984148,1.5441379141640585,42.305148333261876,3.3001999910666875,100.31003012360753,99.75645099909849,0.050659572109522225
wave_r25_nopc_01,wave_r25_nopc,,capped,1,1725.594,2.4,0.8,0.1,0.02,1.0,False,"{""angle_deg"": 25.0, ""type"": ""ramp""}",,,25.0,,-5.45,-1.4,0.26130913087034974,-5.445466892940384,-1.4085826957784282,2.4577980605065193,31626,36454,3514,71,wave,0.0245,1758,True,False,,32.299999999999955,65.3061224489796,32.299999999999955,0.8000516284807733,0.024769400262562673,1.0109959290841908,-0.0026408239116187844,-0.5552766177890904,0.8050684932103069,25.025567544041312,25.306769746458052,0.38188949250716303,-0.7996901616539976,-25.025481657176975,25.306769746458052,1.1384647677271873,0.1601098135983766,0.2842569325511499,1.1459498408710753,-1.2905206717377552e-10,-7.039807122059563e-10,0.021686469353379475,0.07231426514052115,0.02317170932749106,0.0,0.09844163759149477,0.020305497510158026,3.1689356435643563,4.662128712871287,5.0,164,0.0012379061431073515,0.000843107388441568,0.0025385670973867894,0.17282491455983293,24.133718191279424,0.7416910121303653,1.3760337844807042,37.69955573919738,3.2848732564467245,99.84417192847188,30.547305704441616,0.0005156765676567656,0.8683211254656316,23.78961987577073,3.291211874237048,100.03683508319295,65.79702543312176,0.002990924092409241,1.4026166608353643,38.42785372151683,2.7275324307495246,82.90372129937765,64.28342682267356,0.0
wave_r25_pc_01,wave_r25_pc,,capped,1,1770.9370000000001,2.4,0.8,0.1,0.02,1.0,True,"{""angle_deg"": 25.0, ""type"": ""ramp""}",,,25.0,,-5.45,-1.4,0.26130913087034974,-5.431525201672077,-1.4176226053825638,-1.7456416850701253,57726,67911,6414,129,wave,0.0245,3208,True,False,,61.0,65.3061224489796,61.0,0.8000761997805586,0.013116003275091125,0.535347072452699,0.13335072566600023,10.22666025761415,1.787431889343144,16.920435913558332,17.690667722944323,0.38268627022171875,-1.5286735488986833,-16.91460286048822,17.690667722944323,9.188520039476355,0.2359577654435401,0.7115902526798291,1.9581004180040258,-0.678657788160471,-8.033379110835673,0.06593947284667584,0.12220650329957546,0.06868225374336663,0.0,0.10018352118752484,-0.03633173766614697,3.123566043920026,5.184201901016061,5.0,338,0.0021872346335671247,0.002510587779021983,0.01113959256377582,1.0461902236042337,54.11313253501848,1.6403646189661811,1.3794301072850756,37.79260567904317,3.3021145982780795,100.36822487167416,26.50983010271131,0.00043701518627772313,1.166470368005632,31.95809227412691,3.294101153054461,100.12465510803833,79.95060966441063,0.003496121490221785,1.5601303895322198,42.74329834334849,3.2991388036249805,100.27777518616962,81.37476996464754,0.04473942969518191
tripod_r00_nopc_02,tripod_r00_nopc,,common,2,1847.237,0.95,0.8,0.1,0.02,1.0,False,"{""angle_deg"": 0.0, ""type"": ""ramp""}",,,0.0,,-5.45,-1.4,0.05,-5.447479072669764,-1.3891735908206406,-2.615854612053713,33390,39112,3710,75,tripod,0.025,1856,True,False,,35.680000000000064,64.0,35.680000000000064,0.8001090561509702,0.02242458117015047,0.8969832468060187,0.0022332674414930476,0.16878059565297393,0.001729199128888883,0.0006118143223486772,0.0061940812622706745,0.16516746642062063,0.0002118494686148848,4.253652493191756e-05,0.0021220625230046405,0.0061940812622706745,0.016833174766574206,0.02262987184562539,0.22111047462914132,-3.022949803670307e-09,-1.750506845994032e-08,0.09934472462049651,0.1294634531599315,0.100253950923175,0.0,0.0975902160913837,0.09853646460285356,3.1563025210084033,3.8403361344537816,3.0,228,0.00034921284352127437,0.000578489681033731,0.0009653172051998308,0.16484644496545944,41.0077984999659,1.2601862842267557,0.3813280964871356,10.447345109236592,1.4004335318601095,42.5663687495474,42.47790738387168,0.0,0.6718167124967458,18.405937328677968,2.5170024310715085,76.50463316326773,68.1072184420579,0.0,0.581154435934633,15.922039340674877,2.203872093229076,66.98699371516949,65.01322186567745,0.0
tripod_r00_pc_02,tripod_r00_pc,,common,2,1894.94,0.95,0.8,0.1,0.02,1.0,True,"{""angle_deg"": 0.0, ""type"": ""ramp""}",,,0.0,,-5.45,-1.4,0.05,-5.462607892622805,-1.4017311951323723,1.01214455130104,33354,38494,3706,75,tripod,0.025,1854,True,False,,35.659999999999854,64.0,35.659999999999854,0.8004232829872869,0.022445969797736685,0.8978387919094674,0.001137464101114186,-0.01683937173306565,0.02139903441816415,0.03137723429392824,0.1249541109849747,0.1651688449624155,0.007230783039528726,-0.011212943586925374,0.1249541109849747,0.1249541109849747,0.03733895642236461,0.04337412274257369,0.42513747072839037,-0.006942844126086675,0.010966597437376645,0.09933451327736796,0.1298509139366094,0.10024165783017017,0.0,0.09757582136032865,0.09848179361759385,3.1591928251121075,3.853139013452915,3.0,228,0.00036959805068716953,0.0005836759649669235,0.0009644608402188321,0.16625951351990334,40.43062367331093,1.2419652959066585,0.38059930270612663,10.427378156332235,3.293564358805351,100.10833917341493,41.73618749981557,9.342301943198804e-05,0.6741971062771354,18.471153596633847,2.991732868542678,90.93412974293854,68.5750633122285,0.0,0.5842905915222015,16.007961411567166,2.202882073801153,66.95690193924477,65.46300252919133,0.0
tripod_r05_nopc_02,tripod_r05_nopc,,common,2,1942.1770000000001,0.95,0.8,0.1,0.02,1.0,False,"{""angle_deg"": 5.0, ""type"": ""ramp""}",,,5.0,,-5.45,-1.4,0.09357787137382909,-5.433866882920448,-1.3853210814583379,1.762532492509546,33372,39389,3708,75,tripod,0.025,1855,True,False,,35.679999999999836,64.0,35.679999999999836,0.8004520076072484,0.022434193038319845,0.8973677215327938,0.0006265025919524603,-0.09012372664183674,0.1507982261815867,4.997644876635004,4.99973428832082,0.2114436662324287,-0.15076452086406986,-4.997644838845206,4.99973428832082,0.1584055879439114,0.012301162534494939,0.014983890084098284,0.12973858033343752,2.4481920385658152e-09,-1.9974364702296917e-10,0.09543585056984544,0.11458537127338392,0.09590410518148176,0.0,0.09759021609375489,0.09505899851374527,3.1518207282913164,3.481232492997199,3.0,228,0.0003577626823839822,0.0005845001650819677,0.001028411884596762,0.16648842845971912,39.60331688254469,1.2165089289282427,0.37886700210522706,10.379917865896632,1.3530454201779951,41.126000613312925,36.81217644565135,0.0,0.668713465473241,18.320916862280573,2.496840624464644,75.89181229375818,65.70606245328048,0.0,0.5810113008576645,15.918117831716836,2.1825280379621894,66.3382382359328,64.52662687569172,0.0
tripod_r05_pc_02,tripod_r05_pc,,common,2,1989.7210000000002,0.95,0.8,0.1,0.02,1.0,True,"{""angle_deg"": 5.0, ""type"": ""ramp""}",,,5.0,,-5.45,-1.4,0.09357787137382909,-5.4678907142649384,-1.3809345402683124,0.6877676949069409,33462,39697,3718,75,tripod,0.025,1860,True,False,,35.799999999999955,64.0,35.799999999999955,0.800168506235774,0.02235107559317807,0.8940430237271227,0.0010587718446277358,-0.024674378081337916,0.02392285982551418,0.046762204415636666,0.1596528936591228,0.20875786402667348,-0.007221826912967703,0.0013300560820356977,0.1596528936591228,5.110888567286819,0.03284955001439702,0.06225392687769679,0.3709376955286625,-0.049460350373095166,-5.000261114464893,0.10015845982303018,0.11902395152304421,0.10069986654298528,0.0,0.09870616798730364,0.09989104306501127,3.1608040201005023,3.5053042992741483,3.0,228,0.00037887210982800735,0.0005909626952276783,0.0009219631203605113,0.1683887412484417,42.1121818042654,1.2940321031334396,0.3799513709545278,10.409626601493914,1.3759836402374306,41.823210949465974,41.454225980932996,0.0,0.6848969048573516,18.764298763215113,2.4648860913425663,74.9205498888318,62.34405240955663,0.0,0.6183284013620706,16.940504146906044,2.349277843612829,71.40662138640819,68.86923652386417,0.0
tripod_r10_nopc_02,tripod_r10_nopc,,common,2,2037.1960000000001,0.95,0.8,0.1,0.02,1.0,False,"{""angle_deg"": 10.0, ""type"": ""ramp""}",,,10.0,,-5.45,-1.4,0.13682408883346517,-5.466555367391942,-1.4098028489844092,0.7245245073977453,33390,41326,3710,75,tripod,0.025,1856,True,False,,35.700000000000045,64.0,35.700000000000045,0.8003528874250541,0.02241884838725639,0.8967539354902555,0.0007137813107995303,-0.06096204856132248,0.12448473349573169,9.999178976478541,9.999891972219608,0.24990848791796785,-0.12439891312529874,-9.99917895926718,9.999891972219608,0.13228484507957433,0.011966163847964569,0.009299599466987982,0.03333245279368423,-1.5919195711413087e-10,-3.2226396380436082e-09,0.08675779640790778,0.10259592280527265,0.08718155457000955,0.0,0.09759021609614814,0.08643223781659669,3.1612541993281074,3.377939529675252,3.0,225,0.0003763868112325289,0.000611695521041937,0.001089958904010289,0.17196340423011217,38.61596632215348,1.1863266695473484,0.3791275259791542,10.387055506278198,1.0271434013933431,31.220164176089455,31.00606678702266,0.0,0.6723689062492474,18.421065924636917,2.4703934806950265,75.08794774149017,62.62658562126903,0.0,0.5802569609413359,15.897450984694135,2.134665670252985,64.88345502288708,63.556543895941594,0.0
tripod_r15_nopc_02,tripod_r15_nopc,,common,2,2091.21,0.95,0.8,0.1,0.02,1.0,False,"{""angle_deg"": 15.0, ""type"": ""ramp""}",,,14.999999999999998,,-5.45,-1.4,0.17940952255126036,-5.437038760903409,-1.3981285207927876,1.7547066243266685,33372,39556,3709,75,tripod,0.025,1855,True,False,,35.70000000000027,64.0,35.70000000000027,0.8002500877353347,0.02241596884412685,0.896638753765074,0.000499745352828946,-0.11648439933571687,0.4582059047675212,14.993095530270978,14.994720563605446,0.29845263519125875,-0.4581288408000902,-14.993095516410145,14.994720563605446,0.4777140548314005,0.04076811285754462,0.0357474598278099,0.38435986837525027,-4.998141733252816e-11,6.24619136495383e-10,0.07738437259086306,0.09293612411173763,0.07793800020919736,0.0,0.09759021609734285,0.07706577155694604,3.1578947368421053,3.3790593505039195,3.0,228,0.0003726830891280553,0.0006266987399108735,0.0011433559056240451,0.17855328657341205,37.61880341012992,1.1558416202446333,0.3798813037699716,10.407706952601963,0.9518849095381461,28.93267202243605,25.587305083011472,0.0,0.6692604476570923,18.335902675536772,2.427769643460115,73.7923903787269,58.79105889184457,0.0,0.577696802169073,15.827309648467756,2.085780265777393,63.39757646739797,62.11827529259408,0.0
tripod_r15_pc_02,tripod_r15_pc,,common,2,2138.779,0.95,0.8,0.1,0.02,1.0,True,"{""angle_deg"": 15.0, ""type"": ""ramp""}",,,14.999999999999998,,-5.45,-1.4,0.17940952255126036,-5.453759802836278,-1.3810207265072636,0.6309549925562152,33984,38415,3776,76,tripod,0.025,1889,True,False,,36.340000000000146,64.0,36.340000000000146,0.8001345245771958,0.02201801113310932,0.8807204453243728,0.0014589115352302336,-0.012213364756617504,0.07371365115001018,6.474718837316162,6.525073540808257,0.2972086717870791,-0.07281055796946247,-6.474714376311257,6.525073540808257,8.537520208577893,0.0231693397419328,0.03018727443139735,0.3486832421057287,-0.09725811924446452,-8.51981971105599,0.08905519080934622,0.10535346152975755,0.08929745572932678,0.0,0.0995830509159127,0.08879511273425804,3.1534653465346536,3.410891089108911,3.0,231,0.00040820990082868767,0.0006386551854692782,0.0009130416380530995,0.18438027961022088,43.29377574187198,1.3303952366746241,0.37901813581933325,10.384058515598172,1.1266881924603807,34.24584171612099,33.92738550003812,0.0,0.7386460314830205,20.236877574877276,2.3956619355151805,72.81647220410882,54.02259342975014,0.0,0.6477711082079678,17.747153649533363,2.332138752956328,70.88567638165131,68.85750174271215,0.0
tripod_r20_nopc_02,tripod_r20_nopc,,common,2,2187.1580000000004,0.95,0.8,0.1,0.02,1.0,False,"{""angle_deg"": 20.0, ""type"": ""ramp""}",,,20.0,,-5.45,-1.4,0.22101007166283437,-5.431292080692527,-1.418240492317744,2.2961559170562023,33552,38657,3727,75,tripod,0.025,1864,True,False,,35.86000000000013,64.0,35.86000000000013,0.8002860973231403,0.022316957538291618,0.8926783015316647,0.000318645213352349,-0.15557019886764653,0.8102415567464635,19.984212102111822,19.98626622048204,0.34052677638817325,-0.8101396911238616,-19.98421208690733,19.98626622048204,0.8407134166765735,0.04718341383638594,0.04695923634650758,0.38700507137134127,-1.2409760038622181e-09,-8.58619665578043e-09,0.06732415827310033,0.08272877004605533,0.06797941053979217,0.0,0.09759021609976723,0.06703313847662892,3.157190635451505,3.3846153846153846,3.0,228,0.0003499893161393498,0.0006373462616948034,0.0011812928917734524,0.18157873316858486,36.6106294401243,1.1248148959888729,0.3786854108676974,10.37494276349856,1.0988046357170582,33.39831719504736,19.60648419572605,0.0,0.6696083330144604,18.345433781218095,2.369014048802427,72.00650604262695,55.08651705680025,0.0,0.5777259553992674,15.828108367103217,2.0285185428280665,61.65709856620263,59.93206074893664,0.0
tripod_r20_pc_02,tripod_r20_pc,,common,2,2235.012,0.95,0.8,0.1,0.02,1.0,True,"{""angle_deg"": 20.0, ""type"": ""ramp""}",,,20.0,,-5.45,-1.4,0.22101007166283437,-5.447624912498205,-1.391454438761648,-1.8444301477258798,34218,40088,3803,77,tripod,0.025,1902,True,False,,36.59999999999991,64.0,36.59999999999991,0.8002403364342414,0.02186449006650938,0.8745796026603753,0.0030643515611592197,0.38715062180424986,0.4140407525416829,11.705463644926885,11.75525823507014,0.3394018046855342,0.4120822795326538,-11.705451147957547,11.75525823507014,8.354324852725782,0.09468777787970556,0.24811743727373065,1.026274834728271,0.261508695978433,-8.276832919500082,0.07813905910366648,0.09467310874971153,0.07870150518248911,0.0,0.09944240831644399,0.07790379297837458,3.1469142545057345,3.416166029492081,3.0,234,0.00032588697760421964,0.0006330658274031873,0.001030143505206582,0.1851147776325828,42.12013540188745,1.2941520099812884,0.380374204780418,10.421211089874467,3.200558313859556,97.28140771609594,27.697585303461945,0.0,0.7359866664087886,20.16401825777503,3.277415164971357,99.61748221797438,51.7021112223094,0.0012743491716730383,0.6400532409896642,17.535705232593543,3.114566236211524,94.66766675414966,67.43297417684418,0.0
tripod_r25_nopc_02,tripod_r25_nopc,,common,2,2287.4900000000002,0.95,0.8,0.1,0.02,1.0,False,"{""angle_deg"": 25.0, ""type"": ""ramp""}",,,25.0,,-5.45,-1.4,0.26130913087034974,-5.44805234496036,-1.408428883035123,-2.3671171387997587,35514,41410,3947,79,tripod,0.025,1974,True,False,,38.039999999999964,64.0,38.039999999999964,0.8001203941866543,0.021033659153171794,0.8413463661268717,0.004775072125677356,0.5304760559686486,0.9928670035835093,24.98148461641214,24.98622933949554,0.37168918076471275,0.9907108958688233,-24.981484490037968,24.98622933949554,1.1224584494095777,0.039155678788714836,0.028132614995902687,0.3932983862255234,-2.096104771967124e-08,-1.8334910022767164e-09,0.05633248471724675,0.07144803709993416,0.05693371685098627,0.0,0.09759021610218087,0.05603380208880669,3.159222280609564,3.375197057277982,3.0,243,0.0005002263978524915,0.000981429211820382,0.0015625704205410977,0.29805894846886205,34.3562273166702,1.0557511178581014,0.38120297443820544,10.443917107896041,0.7057541565602777,21.451494120373184,12.304245880587533,0.0,0.6662900714395672,18.254522505193624,2.289539940346638,69.59087964579446,50.08354880258418,0.0,0.5807152010628447,15.910005508571087,2.960648916320625,89.98932876354483,57.04589465360701,0.0
tripod_r25_pc_02,tripod_r25_pc,,common,2,2337.5,0.95,0.8,0.1,0.02,1.0,True,"{""angle_deg"": 25.0, ""type"": ""ramp""}",,,25.0,,-5.45,-1.4,0.26130913087034974,-5.469872529175276,-1.3837263992054158,1.0254258902149642,35604,42645,3956,80,tripod,0.025,1979,True,False,,38.11999999999989,64.0,38.11999999999989,0.800096611774141,0.020988893278440276,0.839555731137611,0.0023707178225322555,-0.009589623233161948,0.24514731999075318,16.49542460685288,16.520665371983476,0.3676401819569778,-0.24488124858682345,-16.495424255291553,16.520665371983476,8.514856661851107,0.010635225059367084,0.03212202368309319,0.17882175923123778,-0.12588774934122549,-8.492939629693009,0.06855988076292403,0.08416878816165767,0.06880204149192683,0.0,0.09958328259516945,0.06836327805823357,3.1515469323544836,3.4315679077084424,3.0,243,0.0002667955689016371,0.0007484740200190391,0.0012062757805263377,0.22732053321280604,37.94992194684231,1.1662340591975673,0.37970003394442603,10.402740656011671,0.6738297262209204,20.481146693644998,14.14316270692575,0.0,0.7376052012720774,20.20836167868705,2.7217147881786823,82.7268932577107,46.237994886646256,0.0,0.6387577526167466,17.50021240045881,2.6696153597875423,81.14332400570038,62.38859689315212,0.0
ripple_r00_nopc_02,ripple_r00_nopc,,common,2,2387.427,1.3,0.8,0.1,0.02,1.0,False,"{""angle_deg"": 0.0, ""type"": ""ramp""}",,,0.0,,-5.45,-1.4,0.05,-5.46179913073334,-1.4096872528974902,-0.20643413086950924,36252,61530,4029,81,ripple,0.025,2015,True,False,,38.5600000000004,64.0,38.5600000000004,0.8000738976049871,0.020748804398469368,0.8299521759387747,0.02236632125056587,1.7662387503651265,0.15103726020603303,9.671667625566293,10.194056533264522,0.18828140160579085,-0.014446521811506753,-9.481876734416208,10.194056533264522,10.194056533264522,0.27182850463170555,0.28885138061342835,1.3204459246094853,1.094115501768117e-09,-1.829505262315374e-08,0.0058047047592147205,0.06292458919850175,0.006729542821323505,0.0,0.10081250841227508,-0.006854322754600755,3.339035769828927,3.565578019699326,4.0,172,0.003039885336699767,0.0025471165287821434,0.06526854234956897,0.5473656313583365,38.73276572319925,1.1898656972284445,0.6338755170488561,17.366452521886472,1.9093591865477753,58.035233633670984,30.06636611985538,0.0,0.7276266815799398,19.9349775775326,3.2911178339393365,100.03397671548134,61.74300007574713,0.0005184033177812338,0.7927527731421233,21.71925405868831,3.2014635470382755,97.3089224023792,72.04417228891118,0.0
ripple_r00_pc_02,ripple_r00_pc,,common,2,2438.3610000000003,1.3,0.8,0.1,0.02,1.0,True,"{""angle_deg"": 0.0, ""type"": ""ramp""}",,,0.0,,-5.45,-1.4,0.05,-5.437268509869221,-1.4152949758848608,2.8067089809823793,46458,87722,5163,104,ripple,0.025,2582,True,False,,49.820000000000164,64.0,49.820000000000164,0.8001912407071105,0.01606164674241485,0.642465869696594,-0.07161865826360828,-6.853249733354491,5.668152681158599,2.844952038020802,17.03624891436216,0.18353758576881407,2.6964817691721286,-1.6637008758603637,6.705392658005061,17.03624891436216,0.24521238735088008,0.32816176178334255,2.4640593059428886,2.702380556981572,-5.712577691236801,-0.123478522034322,0.05597140903029354,-0.08601068557767311,0.05738362760834671,0.09868214928361105,-0.12380715636532144,3.162118780096308,3.786115569823435,4.0,257,0.0019133945028482085,0.0018220003434271772,0.11881962039907656,0.5828479003477468,75.76109742560381,2.318670768290347,3.4006663253167235,93.16894041963626,3.3392550459250865,101.49711385790538,99.92196353955788,0.06935527019796683,3.6499999996593417,99.99999999066691,3.36818259539098,102.3763706805769,99.83626815899869,0.06119582664526485,3.6499999997210355,99.99999999235713,3.357847805867403,102.06224333943473,99.90396642506192,0.06467362225789192
ripple_r05_pc_02,ripple_r05_pc,,common,2,2507.7380000000003,1.3,0.8,0.1,0.02,1.0,True,"{""angle_deg"": 5.0, ""type"": ""ramp""}",,,5.0,,-5.45,-1.4,0.09357787137382909,-5.455596098689357,-1.3921070662197765,-2.4785033991134795,37081,47267,4121,83,ripple,0.025,2061,True,False,,39.40000000000009,64.0,39.40000000000009,0.8000017400778248,0.02030461269233053,0.8121845076932211,-0.020670892732957483,-1.1520432179890239,0.26236912290107856,1.9459114056909563,3.1542275857588935,0.23217344602128362,0.14611333774909044,-1.9331086577577186,3.1542275857588935,4.262763298353254,0.1556227782556296,0.32415498208622995,0.9337483168815851,0.46088045199270805,-8.112172772627293,0.0020630137070145158,0.06824134204127608,0.0029897315633115387,0.0,0.10255474597329868,-0.006667991014669853,2.989852866565195,3.7635717909690514,4.0,243,0.0010123432216136957,0.0008521560280368414,0.034083367553060816,0.2573124134118882,38.35366456913711,1.171821282230653,0.6332930055722051,17.350493303348085,3.0640696644058,93.13281654728875,39.808088765861164,0.0,0.897853619520106,24.598729301920713,3.293406462112584,100.10353988184146,72.05616476580518,0.003297818366311517,0.825791472497639,22.624423904044903,3.303869224340474,100.42155697083507,70.54250040694939,0.0019448672416708945
ripple_r10_pc_02,ripple_r10_pc,,common,2,2565.8540000000003,1.3,0.8,0.1,0.02,1.0,True,"{""angle_deg"": 10.0, ""type"": ""ramp""}",,,10.0,,-5.45,-1.4,0.13682408883346517,-5.442288181033137,-1.3843447450799597,-1.5524987405554442,35730,37725,3970,80,ripple,0.025,1986,True,False,,37.92000000000007,64.0,37.92000000000007,0.8005887793731643,0.021112573295705768,0.8445029318282307,-0.0023316065473972837,0.05827091397221542,0.2239623711468188,1.8145181545399414,2.1812452812192187,0.2576388284021497,0.02393795231610502,-1.8026338472607821,2.1812452812192187,8.715556754809562,0.2277796054294057,0.2608416149581289,0.8831660789408241,0.26406960336305685,-8.279036805067875,0.002290113197731053,0.06352990347141463,0.0030348251757074964,0.0,0.10265651834253833,-0.006396940758098353,2.9024775962045335,3.6847654190827623,4.0,235,0.0005753715722091442,0.0004133463140638735,0.001241361845322956,0.12133063475470567,34.82204172895162,1.0694535863685861,0.6357185708932531,17.41694714776036,2.4442079375871333,74.29203457711651,40.62571435688325,0.0,0.8470889857545725,23.207917417933494,3.293761043681766,100.11431743713575,72.77492440625682,0.0006150061500615006,0.8286215447576788,22.701960130347366,3.292701025023382,100.08209802502681,70.66549370655984,0.0013178703215603585
ripple_r15_nopc_02,ripple_r15_nopc,,common,2,2615.837,1.3,0.8,0.1,0.02,1.0,False,"{""angle_deg"": 15.0, ""type"": ""ramp""}",,,14.999999999999998,,-5.45,-1.4,0.17940952255126036,-5.463872227306672,-1.4043757225114808,0.4129688861347083,30114,35411,3346,67,ripple,0.025,1674,True,False,,31.7800000000002,64.0,31.7800000000002,0.8001713691585745,0.025178457179313073,1.0071382871725227,0.0002104718577009704,0.028155410345635252,0.14856421694465782,15.028687258625416,15.190519446544375,0.29270513685278304,-0.12695461007670192,-15.02858972342212,15.190519446544375,0.3499221619130782,0.2660406124968848,0.13523995154347368,0.6302793725221828,-5.238437855326431e-10,-2.41512895355904e-09,0.011271002295081288,0.050797422905816306,0.012160315099399058,0.0,0.10081250841135007,0.011271002295081288,3.119496855345912,3.3132075471698115,4.0,149,0.0010769643253908958,0.0006395873917978905,0.0010124622497702446,0.11909763549480283,28.89672092983965,0.8879422318876186,0.6374988228105044,17.465721172890532,1.5758597828141672,47.898473641768,24.439222135437326,0.0,0.7283275244987246,19.954178753389716,3.1917385405410434,97.01332949972777,57.74869827311443,0.0,0.7847423514629107,21.49979045103865,3.168477700738596,96.30631309235854,65.19917763714004,0.0
ripple_r15_pc_02,ripple_r15_pc,,common,2,2659.7740000000003,1.3,0.8,0.1,0.02,1.0,True,"{""angle_deg"": 15.0, ""type"": ""ramp""}",,,14.999999999999998,,-5.45,-1.4,0.17940952255126036,-5.431578849563178,-1.3915797765753433,1.430655304017775,36252,41266,4028,81,ripple,0.025,2015,True,False,,38.559999999999945,64.0,38.559999999999945,0.8001676153667707,0.020751234838349893,0.8300493935339956,0.004316243076043818,0.17726050294912887,0.2691548051868665,6.6571821514706215,7.012815815701262,0.3035139695622652,-0.1729147193625786,-6.654230833099933,7.012815815701262,8.735749928534917,0.22457325371837583,0.2682356985492267,0.938024640737901,-0.19322123888335146,-8.433451131272593,0.007776229943117866,0.06428536021228551,0.008400466583166875,0.0,0.10274658563900162,-0.011676059592525202,3.0305857957490927,3.6661482633488855,4.0,240,0.0006548312388578249,0.0005614991250931792,0.002457509102279777,0.16841199128419831,35.20520712063728,1.081779533103425,0.637841032675153,17.47509678562063,2.8962486481310736,88.0318738033761,36.010828622159316,0.0,0.8489630228597728,23.259260900267748,2.9694412856578474,90.25657403215342,60.29756989432587,0.0,0.8254661715134133,22.615511548312693,3.2897032544129075,99.99098037729202,62.646354391080074,0.0018144116122343183
ripple_r20_nopc_02,ripple_r20_nopc,,common,2,2710.82,1.3,0.8,0.1,0.02,1.0,False,"{""angle_deg"": 20.0, ""type"": ""ramp""}",,,20.0,,-5.45,-1.4,0.22101007166283437,-5.431091317847575,-1.4092902734896564,-1.4432302468447324,30186,36372,3354,68,ripple,0.025,1678,True,False,,31.840000000000146,64.0,31.840000000000146,0.8004192098335701,0.025138794278692412,1.0055517711476964,0.0010754008094851393,0.16745610795643198,0.5113654082081527,20.023288801911228,20.186078544220884,0.3446974802653983,0.5052437862355683,-20.02321544768478,20.186078544220884,0.7819496535439731,0.26211982454611904,0.11420883024475248,0.42673414940619436,-6.781991582865598e-10,-5.460158815256659e-09,0.016339467828007537,0.051321271668844884,0.017457431334701047,0.0,0.10081250841094055,0.016339467828007537,3.1349654739485247,3.3201506591337098,4.0,149,0.001066675198666073,0.0006608828641435824,0.001035736563895093,0.12302485496330959,27.670351821592913,0.8499941848477177,0.6376869603611433,17.470875626332692,1.4973950994624412,45.51352885904076,22.99190125634839,0.0,0.732408317462579,20.065981300344628,2.884341735886545,87.66996157709863,53.79670218379736,0.0,0.782920994135164,21.449890250278465,2.946576165686262,89.56158558316905,59.869341130083555,0.0
ripple_r20_pc_02,ripple_r20_pc,,common,2,2754.7740000000003,1.3,0.8,0.1,0.02,1.0,True,"{""angle_deg"": 20.0, ""type"": ""ramp""}",,,20.0,,-5.45,-1.4,0.22101007166283437,-5.453098366497244,-1.4081831997032106,0.9066203113708147,38880,46314,4320,87,ripple,0.025,2161,True,False,,41.460000000000036,64.0,41.460000000000036,0.8000841032250844,0.019297735244213306,0.7719094097685322,0.008058817688305206,0.33173666106382654,0.23720895043989876,11.654341970515684,11.97746677961943,0.3380743168721473,-0.15522561037233465,-11.65273454396677,11.97746677961943,8.733963105870997,0.20069256168077265,0.2959458334338223,0.7436166242683441,-0.20044141637786592,-8.43650324447089,0.013332977627490089,0.07421036977848959,0.013907442352347893,0.0,0.10281621212305152,-0.017081420204732686,3.073288331726133,3.7864030858244937,4.0,244,0.0010775511874518823,0.0012206910037726477,0.0027829029932384198,0.37225271873545146,38.28604411861534,1.1765272078211324,0.641006900896417,17.5618329012717,2.886177282358686,87.72575326318196,39.1299078877309,0.0,0.8558307759085079,23.447418518041314,3.2822343785460446,99.76396287373996,59.41768285084378,8.036001285760205e-05,0.8206372919897805,22.48321347917207,3.2900844052384803,100.0025655087684,56.64478020203134,0.0024911603985856637
ripple_r25_nopc_02,ripple_r25_nopc,,common,2,2808.9790000000003,1.3,0.8,0.1,0.02,1.0,False,"{""angle_deg"": 25.0, ""type"": ""ramp""}",,,25.0,,-5.45,-1.4,0.26130913087034974,-5.431931443167219,-1.413859540298559,0.10768609332080858,30762,36089,3418,69,ripple,0.025,1710,True,False,,32.48000000000002,64.0,32.48000000000002,0.8000051586108842,0.024630700696147898,0.9852280278459159,0.0023905418806042834,0.12514869104795504,0.10729074640923561,25.029216407803954,25.191955722858335,0.3838624734302872,-0.08035318000646385,-25.029157878514706,25.191955722858335,0.30575071434075257,0.26527552039593005,0.13104783428841368,0.9060530210173519,-2.115982046248257e-10,-6.007548189816846e-09,0.022642805212700207,0.051703809948424925,0.023566051936873347,0.0,0.1007408352743408,0.022642805212700207,3.134153846153846,3.328,4.0,152,0.0009877535400196705,0.0007057946494426311,0.0013301245680157568,0.13409951995671085,25.761809776860236,0.79177323001119,0.6370992882905103,17.454775021657817,1.421525811019578,43.207471459561646,25.452344986595115,0.0,0.7309526667284442,20.02610045831354,2.565966672333451,77.99290797366112,48.87357926147223,0.0,0.7799588815206098,21.368736480016704,2.7873138230750714,84.72078489589883,55.99285879221514,0.0
ripple_r25_pc_02,ripple_r25_pc,,common,2,2853.4970000000003,1.3,0.8,0.1,0.02,1.0,True,"{""angle_deg"": 25.0, ""type"": ""ramp""}",,,25.0,,-5.45,-1.4,0.26130913087034974,-5.442896876048071,-1.4002728933367545,2.4824630453641046,43470,52528,4830,97,ripple,0.025,2416,True,False,,46.399999999999636,64.0,46.399999999999636,0.8003132240578438,0.017248129828832975,0.689925193153319,0.015291174273311465,0.33333091522941904,0.64902136746092,16.751187642913255,17.03764347506393,0.37862224971549513,-0.627356859681301,-16.75014473722096,17.03764347506393,8.633177178120276,0.14332939197876848,0.19766339683789588,0.8809312577855192,-0.3459857365972565,-8.321325993410408,0.01848452168721799,0.08554416064057951,0.019414305895085995,0.0,0.10277015693459667,-0.02232170058662072,3.081430417923309,3.928048255062473,4.0,252,0.001933120897385694,0.0022178946255082717,0.0033280870225845644,0.6982358493477042,41.103598297821705,1.2625823318835998,0.6349664346153917,17.396340674394295,2.6155372770582934,79.4996132844466,36.862114098927115,0.0,0.8479627026645266,23.231854867521275,3.003075297435425,91.27888442052964,54.13807534278715,0.0,0.8183796976388074,22.421361579145408,2.961857936722486,90.02607710402694,49.86018525929773,0.0
wave_r00_nopc_02,wave_r00_nopc,,capped,2,2912.694,2.4,0.8,0.1,0.02,1.0,False,"{""angle_deg"": 0.0, ""type"": ""ramp""}",,,0.0,,-5.45,-1.4,0.05,-5.440524080551942,-1.3847129281755772,-2.329410071285357,40788,75615,4532,91,wave,0.0245,2267,True,False,,42.51999999999998,65.3061224489796,42.51999999999998,0.8004706430495376,0.01882574419213401,0.7683977221279187,0.055063633739574666,3.7951032462029213,1.1722954706352116,9.501041948846337,10.308695907695105,0.20941666518205862,-0.7181171283072407,-9.050459832862497,10.308695907695105,10.308695907695105,0.2700219355065531,0.4870863399493499,3.4768625995440945,3.095963613185834e-09,-5.723633071601248e-09,0.005094056745350604,0.0883619230138952,0.006273706669257601,0.0,0.09844492678737406,-0.011971737172381916,3.360601786553832,4.771979313587212,5.0,192,0.0034217847097848288,0.0028858712886653906,0.10387017899311364,0.6905699459483428,35.23068544793465,1.0796170928687283,1.3759056052958998,37.69604398070958,2.3310678175133286,70.8531251523808,17.359828635545647,0.0,0.8699934236987394,23.83543626571889,3.295474447901028,100.1663965927364,91.03040361480997,0.009481272527816956,1.4048452486967848,38.48891092319959,3.3133545317941535,100.70986418827215,78.79022706299494,0.006190252311549914
wave_r00_pc_02,wave_r00_pc,,capped,2,2966.78,2.4,0.8,0.1,0.02,1.0,True,"{""angle_deg"": 0.0, ""type"": ""ramp""}",,,0.0,,-5.45,-1.4,0.05,-5.462169459860132,-1.4173718309758554,1.9759169907881082,61848,97130,6871,138,wave,0.0245,3435,False,False,,66.20000000000027,65.3061224489796,66.20000000000027,0.8002526957331444,0.01208840930110485,0.4934044612695857,0.1000195485014127,8.822873848387694,0.51020199605317,2.2427576711969923,4.2181404108301885,0.1886561069570787,-0.18580401426758442,-2.1876778695905146,4.2181404108301885,4.2181404108301885,0.4349912975941889,0.7162322640377179,2.807669453274519,-0.9024032393762624,-7.4098123667696525,0.09702682905362207,0.1355075400005914,0.09910295876770167,0.0,0.09861556571508255,-0.012259681180248165,3.2265176683781336,5.196919359710058,5.0,371,0.0028761529010776195,0.003065985884930966,0.09005081649018948,1.4104283463023113,61.09281069925867,1.86258561518039,1.3762779466709316,37.7062451142721,3.3007136276721987,100.32564217848628,13.46697261555025,0.0012080942313500453,1.154962444153178,31.642806689128165,3.298605141860193,100.26155446383565,97.05706141748055,0.04948152622571227,1.5268479817231215,41.83145155405813,3.301288202233758,100.34310645087412,99.38205589778096,0.050488271418503976
wave_r05_nopc_02,wave_r05_nopc,,capped,2,3047.2740000000003,2.4,0.8,0.1,0.02,1.0,False,"{""angle_deg"": 5.0, ""type"": ""ramp""}",,,5.0,,-5.45,-1.4,0.09357787137382909,-5.431487253527767,-1.4194403591588625,1.735521863229455,34290,54847,3810,77,wave,0.0245,1906,True,False,,35.30000000000018,65.3061224489796,35.30000000000018,0.8002590263067746,0.022670227374129475,0.9253154030256928,-0.00017863070247729762,-0.5514900473059391,0.2531727347988336,9.91985120819132,10.315511859598903,0.22934601132664637,-0.13292508994172963,-9.904219265571044,10.315511859598903,5.315511859598904,0.18105282320859337,0.40585759183969244,2.4209399302804946,7.315986964903184e-11,-1.8642977905943024e-10,0.004774739524781431,0.08473212124635106,0.006220823346500182,0.0,0.09844492677354592,-0.012669994841529756,3.2355605889014725,4.737259343148358,5.0,175,0.002279044403460528,0.001843823969890383,0.0692940555254229,0.4009647793935635,26.36325856467727,0.8055026644929747,1.373253715014912,37.62338945246334,2.8191623350185595,85.6888247726006,16.649195527905373,0.0,0.8659697097897427,23.725197528486103,3.2925755399453553,100.07828388891659,91.42258448956001,0.008116270290675727,1.408443493339386,38.587492968202355,3.297636133243728,100.23210131439902,78.60398134252966,0.0019818799546998866
wave_r05_pc_02,wave_r05_pc,,capped,2,3095.954,2.4,0.8,0.1,0.02,1.0,True,"{""angle_deg"": 5.0, ""type"": ""ramp""}",,,5.0,,-5.45,-1.4,0.09357787137382909,-5.440886752058881,-1.3836725282245848,-1.377687160443596,55008,71298,6112,123,wave,0.0245,3057,True,False,,57.960000000000036,65.3061224489796,57.960000000000036,0.8001833976164557,0.01380578670835844,0.5635014983003445,0.15436106132020636,13.362461202676299,0.4432687446897967,2.1496639739356382,3.052725129697564,0.22938449766787278,-0.10071975163944287,-2.094558329652492,3.052725129697564,4.925450995986365,0.43069058932646503,0.63878822751197,1.991499603133299,-0.7655440202212138,-7.896629940029073,-0.003242094520630345,0.13094336695039202,0.09896314926660713,0.002069679199724043,0.1000629291882475,-0.01204444194186003,3.085201793721973,5.1414280786478095,5.0,341,0.0019969328320391124,0.002209702235090445,0.02973629272308824,0.9201342960326125,50.44431236497464,1.5145878275858746,1.373242586394965,37.62308455876617,3.3011004376163147,100.33739931964482,12.968587088356514,0.0008048752443371277,1.1679206541202736,31.997826140281468,3.2980631066333714,100.24507922897786,98.51621536427207,0.0505921582154766,1.5209146937524645,41.668895719245604,3.3050833097087025,100.45845926166268,99.5548204012689,0.051626997815338624
wave_r10_nopc_02,wave_r10_nopc,,capped,2,3168.4790000000003,2.4,0.8,0.1,0.02,1.0,False,"{""angle_deg"": 10.0, ""type"": ""ramp""}",,,10.0,,-5.45,-1.4,0.13682408883346517,-5.441408912667336,-1.4105030847412312,-2.5438007997314003,31392,36967,3488,70,wave,0.0245,1745,True,False,,32.07999999999993,65.3061224489796,32.07999999999993,0.8001759202640705,0.024943139659104496,1.0180873330246734,-0.0031110442902854696,-0.5890585760425627,0.7074906513646763,10.014428759974754,10.291447251697791,0.2605616723545629,0.7038972966735952,-10.014203924857133,10.291447251697791,1.0459496532206705,0.3147323946449515,0.2341532659199358,1.3541538222437857,-6.886742571713834e-11,-3.473923973184893e-10,0.0035786458183170266,0.08023301565616796,0.005779597106922472,0.0,0.0984449267609612,0.0035786458183170266,3.1177570093457945,4.680373831775701,5.0,150,0.0014625021438069105,0.0009356705446925333,0.003442542412338066,0.1753983165624727,22.363245474564163,0.6871716061280878,1.3676258307948477,37.46920084369445,1.7065388106053596,51.870480565512445,18.05029090762115,0.0,0.8639080829389219,23.668714601066352,3.2914371713826793,100.04368302075014,88.83602477660543,0.006230529595015576,1.4006535391402628,38.37406956548665,3.121407400882093,94.87560489003322,79.10000496457238,0.0
wave_r10_pc_02,wave_r10_pc,,capped,2,3213.4880000000003,2.4,0.8,0.1,0.02,1.0,True,"{""angle_deg"": 10.0, ""type"": ""ramp""}",,,10.0,,-5.45,-1.4,0.13682408883346517,-5.440191837491869,-1.4183114811438775,1.1975667789457445,52038,55566,5783,116,wave,0.0245,2892,True,False,,54.73999999999978,65.3061224489796,54.73999999999978,0.8000102446495675,0.014614728619831397,0.5965195355033223,0.07671770031200487,8.830862503774435,0.4283222180815506,1.9798442045084823,2.8261920453115446,0.2590555248942377,-0.1528029677692214,-1.9392132396813444,2.8261920453115446,9.04655805102933,0.4614667678906561,0.7109587109122671,2.298732621558898,-0.5307399674727932,-8.130326046607756,0.09848702821166891,0.1311792020596321,0.09929569630626871,0.0,0.10010440507284434,-0.011889461170237835,3.039079620160701,5.135500365230095,5.0,334,0.00171363469987706,0.0019383065967676662,0.007233168397256479,0.8055371871909927,46.01217256157629,1.4076949897023803,1.3776889600868023,37.744903016076776,3.301127482277853,100.3382213458314,13.54422377792253,0.0003652300949598247,1.1666367302248686,31.962650143147087,3.2946781299841312,100.14219240073348,96.06026060947177,0.04790601412223034,1.520151663762692,41.64799078801896,3.2959976168832137,100.18229838550802,84.74126976183315,0.04029705381056732
wave_r15_nopc_02,wave_r15_nopc,,capped,2,3282.338,2.4,0.8,0.1,0.02,1.0,False,"{""angle_deg"": 15.0, ""type"": ""ramp""}",,,14.999999999999998,,-5.45,-1.4,0.17940952255126036,-5.458661501411906,-1.4005030641966167,2.349198923228098,31410,38198,3490,70,wave,0.0245,1746,True,False,,32.100000000000364,65.3061224489796,32.100000000000364,0.8004801366262654,0.02493707590736001,1.0178398329534697,-0.002966677709909389,-0.4980132039218857,0.7585466063834863,15.018398930622832,15.299250063778302,0.30010529026831095,-0.7548948289265308,-15.018255172094976,15.299250063778302,1.0538938396669504,0.11789751428427066,0.20975138611011587,0.714446047329498,-7.581019902285627e-11,-1.813729882640655e-10,0.010652964264511651,0.07810040134556812,0.01161254995701385,0.0,0.09844492674869428,0.009249635408338711,3.156911581569116,4.661892901618929,5.0,162,0.0013429941050496616,0.000880610857518583,0.0024092069694042267,0.17821550399816694,23.017480186176964,0.70700646030145,1.3790210853457332,37.78139959851324,1.6713194880168694,50.79998443820272,21.181523755716633,0.0,0.8745776742363511,23.96103217085894,3.290025266836794,100.00076798896029,82.31294737790242,0.0012453300124533001,1.4089321156013168,38.60087987948813,3.284010977588269,99.81796284462824,75.2682136650628,0.00041511000415110004
wave_r20_nopc_02,wave_r20_nopc,,capped,2,3333.753,2.4,0.8,0.1,0.02,1.0,False,"{""angle_deg"": 20.0, ""type"": ""ramp""}",,,20.0,,-5.45,-1.4,0.22101007166283437,-5.462384764524921,-1.401053941266295,-1.9102180379314486,31464,37399,3496,70,wave,0.0245,1749,True,False,,32.16000000000031,65.3061224489796,32.16000000000031,0.8000739901184288,0.024877922578309116,1.0154254113595558,-0.0033480610450838007,-0.49463957874767667,0.7621296521646594,20.02356634214124,20.302236278243278,0.33884814928618195,0.7577862763941657,-20.02345956521614,20.302236278243278,1.1286699412129373,0.17604411647821552,0.17955896538871652,1.1333047574345667,-1.8829518228500328e-11,-4.769912734500967e-11,0.01409790972104417,0.07525605610354474,0.01622539775592112,0.0,0.09843490375744608,0.01409790972104417,3.1566190180236173,4.658172778123058,5.0,163,0.001313770484276119,0.0008673744387089323,0.0029282891935782087,0.1767096455740515,23.41716174230725,0.7196469001258966,1.379594686464574,37.79711469765956,1.9137433806866349,58.16849181418343,25.599219502422873,0.0,0.8748595385309041,23.968754480298745,3.2911022434457733,100.03350284029706,74.38662246758717,0.0013465920861818936,1.410483173756448,38.64337462346433,3.2837982668417647,99.81149747239407,67.79735364065148,0.00010358400662937643
wave_r20_pc_02,wave_r20_pc,,capped,2,3378.992,2.4,0.8,0.1,0.02,1.0,True,"{""angle_deg"": 20.0, ""type"": ""ramp""}",,,20.0,,-5.45,-1.4,0.22101007166283437,-5.438039700333658,-1.3954071343348848,-1.3012154829848894,55926,67060,6215,125,wave,0.0245,3108,True,False,,59.179999999999836,65.3061224489796,59.179999999999836,0.8003004964381553,0.013523158101354469,0.5519656367899783,0.12233306711993867,9.351100695775338,1.5605764466079648,12.025166125319975,12.81400209691787,0.34559397610078835,-1.4169650816710633,-12.017814840235339,12.81400209691787,9.068876023673651,0.27532384449561387,0.6820734950530256,1.9328535204704147,-0.8917762203458964,-7.89697804233097,0.07702390850899728,0.12783198350417693,0.07949094191735379,0.0,0.10030465777923347,-0.028340998031395403,3.118918918918919,5.169932432432432,5.0,322,0.002095322401359267,0.0023863147091332734,0.0113694445747973,0.949106556656935,50.41215968157702,1.5310376067171398,1.378714443245837,37.772998445091424,3.298580507712265,100.26080570553997,21.13339563345001,0.0005067567567567568,1.1608868321090025,31.805118687917876,3.294102642497364,100.12470037985908,87.04218161175584,0.004560810810810811,1.5353280649482277,42.06378260132131,3.2991908495504454,100.27935712919286,99.42321063857624,0.05039414414414414
wave_r25_nopc_02,wave_r25_nopc,,capped,2,3453.1400000000003,2.4,0.8,0.1,0.02,1.0,False,"{""angle_deg"": 25.0, ""type"": ""ramp""}",,,25.0,,-5.45,-1.4,0.26130913087034974,-5.43107580018944,-1.4061889262212501,1.0275399671935836,31644,38106,3516,71,wave,0.0245,1759,True,False,,32.340000000000146,65.3061224489796,32.340000000000146,0.8003949063483504,0.02474937867496434,1.0101787214271158,-0.002439765956307605,-0.5117156195881198,0.22086206150547635,25.037742501497263,25.314171954707152,0.38931897384337555,-0.2032253063611094,-25.037653786170573,25.314171954707152,0.5296398518314672,0.18060495125774384,0.21977329671679155,1.2652376810723798,-2.6857478369419593e-10,-8.071011719691281e-10,0.020945935999620212,0.07225758146350833,0.0229592114520727,0.0,0.09844492673162653,0.020945935999620212,3.1594561186650187,4.664400494437578,5.0,165,0.0012391084753917271,0.0008316978710510163,0.002196091226796854,0.17145225447892187,24.126369256126488,0.741147773102266,1.3868830439686943,37.996795725169704,1.9179654539567035,58.29682230871439,30.40643204468778,0.0,0.8722948676396238,23.898489524373257,3.291102807007039,100.0335199698188,65.78529065776712,0.0016481252575195715,1.4157775916489195,38.78842716846355,2.99417543507097,91.00837188665564,63.48238373637314,0.0
wave_r25_pc_02,wave_r25_pc,,capped,2,3503.931,2.4,0.8,0.1,0.02,1.0,True,"{""angle_deg"": 25.0, ""type"": ""ramp""}",,,25.0,,-5.45,-1.4,0.26130913087034974,-5.44067105094063,-1.4093909443929342,-2.9294171904731385,58428,69179,6493,130,wave,0.0245,3247,True,False,,61.659999999999854,65.3061224489796,61.659999999999854,0.800489141489861,0.012982308489942635,0.5298901424466381,0.14472360945105975,12.837800609660581,1.3914948272899588,16.883917517456958,17.69869637285664,0.38263949169751765,-0.8092746524593326,-16.878031643982286,17.69869637285664,9.18478894859276,0.253466996951139,0.7012252683558161,2.035636490398626,-0.3353183043603964,-8.119963312637493,0.06641729002756414,0.1219223761631846,0.0689139721508094,0.0,0.09998499483385873,-0.025033110253367432,3.1138132295719845,5.179961089494164,5.0,340,0.002231811993933732,0.0025721380322334345,0.01120231404556136,1.0750529857794875,55.17433402725594,1.6676808925394797,1.3804110185961924,37.819479961539514,3.302037499939341,100.36588145712282,26.60932602345154,0.00021616947686986597,1.1690348216200197,32.02835127726081,3.2935686327879816,100.10846908170157,80.2399673112338,0.0038910505836575876,1.5666889085649187,42.92298379629915,3.299022991482843,100.27425506026877,78.97672663692576,0.04236921746649373
tripod_r00_nopc_03,tripod_r00_nopc,,common,3,3578.2740000000003,0.95,0.8,0.1,0.02,1.0,False,"{""angle_deg"": 0.0, ""type"": ""ramp""}",,,0.0,,-5.45,-1.4,0.05,-5.434295364934675,-1.3817433394563348,-1.9786314994920535,3528,23520,392,8,tripod,0.025,196,False,False,,nan,64.0,2.9400000000000546,-0.0012259904622986789,-0.00041700355860498507,-0.0166801423441994,0.002754809928391537,-1.2583052832224233,0.9355465701702956,2.628724955071925,4.233444169606223,0.17536862814975784,-0.6794422085003718,2.4403409960273548,4.233444169606223,4.233444169606223,1.0222475725793314,0.5889388614569657,3.063089118193537,-5.1928634120841296e-06,-3.372034662009342e-05,0.1892095193628728,0.19139077895365877,0.1894263033768372,0.0,0.09768726456680432,0.1892095193628728,6.0,6.0,3.0,6,0.007708683247444282,0.008838392909876548,0.013498246835338542,17.587095264503663,9.792271535866039,79.84949626472792,0.3338255676736215,9.145905963660862,3.3072102518806274,100.52310795989749,100.16537223945647,0.5304054054054054,1.9643718697274122,53.818407389792114,3.31031137965556,100.61736716278298,100.16774955375553,0.6204954954954955,0.6255307526708793,17.137828840298063,3.303518496998849,100.41089656531456,100.04763155411968,0.3108108108108108
tripod_r00_pc_03,tripod_r00_pc,,common,3,3588.445,0.95,0.8,0.1,0.02,1.0,True,"{""angle_deg"": 0.0, ""type"": ""ramp""}",,,0.0,,-5.45,-1.4,0.05,-5.463855791555046,-1.402693303222264,0.5854174088984497,14238,63759,1582,32,tripod,0.025,791,False,False,,nan,64.0,14.860000000000127,0.01834980562506733,0.0012348456006101732,0.049393824024406924,0.020530589029270022,-11.796558908926585,1.8375257682124961,10.069982112359881,20.549210576555048,0.1811614454537217,-0.7572790801796723,8.218449319893178,20.549210576555048,20.549210576555048,2.6632369506492632,1.6004787775066178,9.60045047654312,-1.216685133476033,6.114898640521952,-0.2175801226479234,0.0064449939195937314,-0.2169324738552135,0.2325268817204301,0.0957002302344513,-0.2175801226479234,3.9153225806451615,3.9798387096774195,3.0,9,0.02510758063791271,0.026002909145816325,0.13097652727459833,8.49897791111247,43.974979894563376,39.26694132820825,0.9327368662310038,25.554434691260383,3.3344998203053264,101.35257812478196,100.19264619023681,0.4336917562724014,1.3707160824921873,37.55386527375856,3.321103890742706,100.94540701345612,100.1007044119124,0.4921594982078853,0.8576149536260858,23.496300099344815,3.312147127551839,100.67316497118051,100.11637154332955,0.37925627240143367
tripod_r05_nopc_03,tripod_r05_nopc,,common,3,3612.1380000000004,0.95,0.8,0.1,0.02,1.0,False,"{""angle_deg"": 5.0, ""type"": ""ramp""}",,,5.0,,-5.45,-1.4,0.09357787137382909,-5.430440694905701,-1.3814601553057624,2.9271170396758177,39798,66737,4422,89,tripod,0.025,2212,True,False,,42.820000000000164,64.0,42.820000000000164,0.8003898420915323,0.018691962683127727,0.7476785073251091,-0.017116408334240416,-1.571839581455546,1.179678238455112,14.407649715021254,14.99994554340599,0.23381848976310776,0.08606750455488973,-14.114624469317553,14.99994554340599,9.999945543405989,0.4384984055859572,0.39118139783957223,4.368689641530974,2.2348976990793043e-08,1.836747735272464e-07,0.07754490193377316,0.0963898438077651,0.07795166593446991,0.0,0.09768726393664072,0.07723847836085974,3.3720821661998133,3.589635854341737,3.0,251,0.001178799599987563,0.001381292312095656,0.06470019664024357,0.4191677235666778,50.14209098375892,1.4905622906858655,0.8501002693678873,23.29041833884623,3.296325646613164,100.19226889401715,25.554012770247642,0.005757858699035169,0.7613051352483682,20.857674938311458,3.2947988323648314,100.1458611661043,59.33387186163325,0.004435107376283847,2.6169891778120924,71.69833363868746,3.3051357103987407,100.46005198780367,62.348597837620915,0.004357298474945534
tripod_r05_pc_03,tripod_r05_pc,,common,3,3666.614,0.95,0.8,0.1,0.02,1.0,True,"{""angle_deg"": 5.0, ""type"": ""ramp""}",,,5.0,,-5.45,-1.4,0.09357787137382909,-5.460177223390503,-1.3960446719283284,-0.3847851377176108,37890,58922,4209,85,tripod,0.025,2105,True,False,,40.659999999999854,64.0,40.659999999999854,0.8002421553220578,0.01968131223123612,0.7872524892494448,-0.006385216677170185,-0.5341654048343069,0.1324623647330793,6.451613257049912,6.688557163673194,0.2426984363949413,0.12289056402793701,-6.357083453446271,6.688557163673194,3.852612311253237,0.05696826909606391,0.1245338820974252,0.7664151870560586,0.17086656084501628,-8.347619936318436,0.08855390096957734,0.10825978440955959,0.08915638623570399,0.0,0.09953667416350158,0.0883012560654786,3.309734513274336,3.559488692232055,3.0,248,0.0009088971479035012,0.0011055986546268264,0.02363292895610904,0.333687860940506,49.24207525426593,1.4734884791094347,0.39493645132952515,10.820176748754115,1.857892854668608,56.47090743673581,33.815577198183426,0.0,0.7496778441413473,20.53911901757116,2.9782878132520167,90.52546544838957,54.208445159741615,0.0,0.6463755483695013,17.708919133410994,2.8719448989790974,87.29315802368077,68.7072113372582,0.0
tripod_r10_nopc_03,tripod_r10_nopc,,common,3,3719.518,0.95,0.8,0.1,0.02,1.0,False,"{""angle_deg"": 10.0, ""type"": ""ramp""}",,,10.0,,-5.45,-1.4,0.13682408883346517,-5.460743908170485,-1.4173849051713312,-1.9876297574636588,34992,49171,3889,78,tripod,0.025,1945,True,False,,37.48000000000002,64.0,37.48000000000002,0.8003446587075419,0.02135391298579353,0.8541565194317411,0.010342201341617735,0.8391646559619048,0.2979574096909126,14.874538461497485,14.999673494165345,0.26574568420830835,0.2939319710449772,-14.85834928974814,14.999673494165345,4.999673494165345,0.03946215765291333,0.0562728529575091,0.6134851057898846,2.3762465742975594e-10,-8.03394237773783e-09,0.07712448200270819,0.09319066177566179,0.07784458471072679,0.0,0.0976872639313851,0.07683918734376889,3.244266666666667,3.448,3.0,236,0.0006024550906503171,0.0008517291047972311,0.011795895217886234,0.24947175994642304,40.319479979732776,1.2303877357853468,0.3814697336324933,10.45122557897242,3.287192534382907,99.91466669856861,25.53361101268491,8.888888888888889e-05,0.6700796154897873,18.358345629857187,3.2779999283903902,99.63525618207873,58.79489228479416,0.00017777777777777779,0.5805362252780288,15.90510206241175,2.9383915151853577,89.31281201171299,62.06925335849597,0.0
tripod_r10_pc_03,tripod_r10_pc,,common,3,3769.0170000000003,0.95,0.8,0.1,0.02,1.0,True,"{""angle_deg"": 10.0, ""type"": ""ramp""}",,,10.0,,-5.45,-1.4,0.13682408883346517,-5.455661930848552,-1.4164791307809936,-2.0955660517802683,35388,48372,3932,79,tripod,0.025,1967,True,False,,37.90000000000009,64.0,37.90000000000009,0.8001525612833148,0.021112204783200868,0.8444881913280347,0.0017576790690154859,0.14117255155158726,0.2534997593526604,6.646599232844287,6.743478002695032,0.2704718843695284,0.24746190601244464,-6.622403883983598,6.743478002695032,7.595098292089074,0.06235111708903768,0.19881093488098386,0.8205887056219492,0.281578146763769,-8.263843726677415,0.08827368365065502,0.10540412086581473,0.08887546085487279,0.0,0.09952894210206918,0.08801413120797916,3.217299578059072,3.4762658227848102,3.0,238,0.0005261665554364424,0.0007468722649822717,0.010266217501728007,0.22073554008553606,45.81758723818753,1.3989441001178657,0.37629657723678334,10.309495266761187,1.2640293071430684,38.42034368216013,33.67117974393426,0.0,0.7391172465788279,20.249787577502136,3.0003804186088425,91.19697320999522,54.36025356130605,0.0,0.6751876634718813,18.49829214991456,2.867463694560659,87.15695120245164,68.62882768508815,0.0
tripod_r15_nopc_03,tripod_r15_nopc,,common,3,3819.2000000000003,0.95,0.8,0.1,0.02,1.0,False,"{""angle_deg"": 15.0, ""type"": ""ramp""}",,,14.999999999999998,,-5.45,-1.4,0.17940952255126036,-5.4682139405932055,-1.395083749052313,-0.04370112080338728,33390,39433,3710,75,tripod,0.025,1856,True,False,,35.70000000000027,64.0,35.70000000000027,0.8004497886946756,0.02242156270853416,0.8968625083413664,0.0014954646430320752,0.05449327291554094,0.008017137965196118,14.999899696339138,15.000484740506554,0.2902761526240968,0.00015095824235319012,-14.99989968519478,15.000484740506554,0.01797544956792763,0.015248162550822097,0.02105300996138757,0.18986486897972618,1.1259469391848561e-09,-9.93102330202416e-09,0.07740399906752153,0.09269815811938736,0.07793589504077642,0.0,0.0976761444183708,0.07710498636331461,3.1562150055991043,3.3712206047032476,3.0,228,0.0003767891508773825,0.0006230901179967338,0.0011518071962068085,0.1774805872896372,37.5041981162653,1.1520310969102872,0.3757923630769273,10.29568118018979,0.9199694438169708,27.96259707650367,25.451492807846382,0.0,0.6685161517493163,18.315511006830587,2.429502650486423,73.84506536432897,58.94101015915127,0.0,0.5790353888149937,15.863983255205309,2.0803172826266727,63.231528347315276,62.281586971769514,0.0
tripod_r15_pc_03,tripod_r15_pc,,common,3,3871.42,0.95,0.8,0.1,0.02,1.0,True,"{""angle_deg"": 15.0, ""type"": ""ramp""}",,,14.999999999999998,,-5.45,-1.4,0.17940952255126036,-5.460257879876004,-1.398946050419108,-0.4533193340641318,34020,38146,3779,76,tripod,0.025,1890,True,False,,36.38000000000011,64.0,36.38000000000011,0.8004206654181912,0.02200166754860332,0.8800667019441328,0.0017058580211649285,0.06773493873937729,0.17943477508167047,6.687127563936454,7.373220024875116,0.29125090921413804,0.17570420603810447,-6.686993138658219,7.373220024875116,8.472569239849907,0.06595690762904616,0.09244538187190333,0.6599923410714418,0.2268848304591628,-8.305138229896412,0.08842588435258882,0.1047904443486761,0.08901430737370777,0.0,0.09953749833138836,0.0881640735167366,3.153296703296703,3.410989010989011,3.0,234,0.00042061230276045435,0.0006575432294865193,0.003392849095071383,0.1922295156703139,43.465606483813836,1.3351953746759153,0.3788754579152377,10.38014953192432,2.2406523571294152,68.10493486715548,33.70708816910867,0.0,0.7353165916265,20.145660044561644,3.268865357395202,99.35760964727058,54.26917838883567,9.157509157509158e-05,0.6367913376599728,17.44633801808145,2.9028813796829485,88.23347658610786,68.66901261215929,0.0
tripod_r20_nopc_03,tripod_r20_nopc,,common,3,3919.6290000000004,0.95,0.8,0.1,0.02,1.0,False,"{""angle_deg"": 20.0, ""type"": ""ramp""}",,,20.0,,-5.45,-1.4,0.22101007166283437,-5.443633871051797,-1.3826933112100817,-0.880247361158502,33498,39084,3722,75,tripod,0.025,1861,True,False,,35.820000000000164,64.0,35.820000000000164,0.8003251098211546,0.022342967890037715,0.8937187156015086,0.0015276701882469962,0.08950089713258853,0.3087479565913419,19.997657931080838,19.99850698660706,0.3368657460602367,0.3084583895714513,-19.99765792175316,19.99850698660706,0.3391144456594486,0.016169731560418257,0.04090780192064493,0.18716940410918803,6.925148882862456e-10,-8.226459649246412e-09,0.06729170203488166,0.08240179921722138,0.0679436269616953,0.0,0.09768726391931956,0.06703416201992013,3.157924107142857,3.373325892857143,3.0,228,0.00033003990123988363,0.000646943973938826,0.0011875250271194272,0.18430378422668206,36.50062793083426,1.1213785403523735,0.3809729960761362,10.437616330853047,1.0517616235590912,31.9684384060514,19.608975586274383,0.0,0.6693638435468835,18.338735439640644,2.369196028196187,72.0120373311911,55.09615515690427,0.0,0.5788656561116405,15.859333044154535,2.015643052855739,61.26574628740848,59.972875008446806,0.0
tripod_r20_pc_03,tripod_r20_pc,,common,3,3967.0980000000004,0.95,0.8,0.1,0.02,1.0,True,"{""angle_deg"": 20.0, ""type"": ""ramp""}",,,20.0,,-5.45,-1.4,0.22101007166283437,-5.4441939386930045,-1.4112433304715872,2.639396394095905,34236,41142,3803,77,tripod,0.025,1902,True,False,,36.59999999999991,64.0,36.59999999999991,0.8002624238152093,0.021865093546863695,0.8746037418745478,0.0007797153112154634,-0.21163932976977376,0.4557957426463669,11.636771482779878,11.704815142479974,0.34011928806006825,-0.455391186116267,-11.636766169026572,11.704815142479974,8.382086307366327,0.03306263499923767,0.06544476380249889,0.3436286139428554,-0.322923678746037,-8.341499668428218,0.07850424206902741,0.09479706062836883,0.07905111821003438,0.0,0.0996637718843466,0.07830539480372309,3.1507373020207536,3.4167121791370834,3.0,234,0.000299783383623671,0.0006377289951679658,0.0009665459897855827,0.18647445754839806,42.162978218614974,1.2954414332274349,0.3787865659304641,10.37771413508121,0.9306726893637746,28.287923688868528,27.950387355475012,0.0,0.7347672596376834,20.13060985308722,2.7899131847656737,84.79979285002047,51.65928528265466,0.0,0.6401148317509306,17.53739265071043,2.7834160734780617,84.60231226377088,67.49301063209529,0.0
tripod_r25_nopc_03,tripod_r25_nopc,,common,3,4015.4320000000002,0.95,0.8,0.1,0.02,1.0,False,"{""angle_deg"": 25.0, ""type"": ""ramp""}",,,25.0,,-5.45,-1.4,0.26130913087034974,-5.445292300780715,-1.413650102495984,-1.4576936345938771,35568,43405,3953,80,tripod,0.025,1977,True,False,,38.07999999999993,64.0,38.07999999999993,0.8002937593094351,0.02101611762892428,0.8406447051569712,0.0036394363473798777,0.4098829602234635,0.5833233263681836,24.993545147222015,24.99596842217519,0.37295053689079216,0.5810236932626065,-24.993545113912692,24.99596842217519,0.6899293568478655,0.015548358208558126,0.02041879753286346,0.04921659940480154,7.942460525035125e-11,-1.087296264928306e-08,0.056635262130156044,0.07162889812176361,0.05724007660251854,0.0,0.09767614440542724,0.05640593002672315,3.162204724409449,3.3816272965879266,3.0,243,0.0004959923248008056,0.0009754889250682983,0.001547220267846338,0.2961928442279512,34.54796455686988,1.0614207712548325,0.37999018875434404,10.41069010285874,0.6841929454547149,20.796138159717778,12.411278483724077,0.0,0.6686575474503209,18.31938486165263,2.2893333707100205,69.58460093343527,49.886448207411746,0.0,0.5792485646801032,15.869823689865841,1.9591331961786596,59.54812146439695,57.04359731952482,0.0
tripod_r25_pc_03,tripod_r25_pc,,common,3,4065.7120000000004,0.95,0.8,0.1,0.02,1.0,True,"{""angle_deg"": 25.0, ""type"": ""ramp""}",,,25.0,,-5.45,-1.4,0.26130913087034974,-5.463633945575459,-1.4128346386212123,-1.15920685998948,35604,43324,3956,80,tripod,0.025,1978,True,False,,38.120000000000346,64.0,38.120000000000346,0.8003112272839645,0.02099452327607443,0.8397809310429772,-0.0024757773577525934,-0.5513165020592299,0.4407095016420013,16.67850004649753,16.707511974583447,0.3702515357610643,0.4377279289613877,-16.678492714729934,16.707511974583447,8.352992062553561,0.015466449168831874,0.11398001515041074,0.22414849190514494,0.2226603384071658,-8.303987332652937,0.06751904958290601,0.08377776931528669,0.06807737711742594,0.0,0.09953690637705861,0.06733567501183456,3.1447299423177766,3.4268484530676453,3.0,243,0.0002821572335825605,0.0007649662052877859,0.001249660198788429,0.23226700605205158,38.0297312606657,1.1683727701968547,0.3791782578992514,10.388445421897298,0.70739176838362,21.50126955573313,14.160162926894275,0.0,0.7338013596873993,20.10414684075067,2.737087281591162,83.19414229760372,46.37649616843317,0.0,0.6391758869722083,17.511668136224884,2.6639317783204413,80.97057076961826,62.18710635409239,0.0
ripple_r00_nopc_03,ripple_r00_nopc,,common,3,4113.673000000001,1.3,0.8,0.1,0.02,1.0,False,"{""angle_deg"": 0.0, ""type"": ""ramp""}",,,0.0,,-5.45,-1.4,0.05,-5.43707718227348,-1.401717647934755,-1.3369801952460112,3546,23568,393,8,ripple,0.025,197,False,False,,nan,64.0,2.6200000000008004,-0.005931482701177698,-0.0022639246951052998,-0.09055698780421198,0.0015368924627284753,-1.1663048518908135,1.2694392413663926,2.166717437272031,3.404575895500926,0.17560256051099382,-1.0432182808190358,1.982510937376774,3.404575895500926,3.404575895500926,1.4969459948048296,1.4786555088964441,5.640791977003651,-4.3619470507545244e-07,-1.7577409257375166e-05,0.19191107635193716,0.1931610620033432,0.19212748640753752,0.0,0.10070247555424758,0.19191107635193716,6.0,6.0,4.0,6,0.008700714406463195,0.009451558905720659,0.017399408793915296,9.255105760581845,8.643787079322399,34.68565675489628,0.4950714373405834,13.563601023029682,3.306781956306747,100.51008985734795,100.18482030980186,0.6818181818181818,0.7892587076695089,21.623526237520792,3.307068230749678,100.5187912081969,100.13891115055768,0.63510101010101,0.7783265099781438,21.32401397200394,3.308487584436591,100.56193265764715,100.04758577995564,0.3055555555555556
ripple_r00_pc_03,ripple_r00_pc,,common,3,4123.857,1.3,0.8,0.1,0.02,1.0,True,"{""angle_deg"": 0.0, ""type"": ""ramp""}",,,0.0,,-5.45,-1.4,0.05,-5.453236965569299,-1.4093040707960722,1.402094497039762,8532,45769,948,19,ripple,0.025,474,False,False,,nan,64.0,8.159999999999854,-0.005316557551542336,-0.0006515389156301998,-0.026061556625207993,0.0005543543262290818,0.11220120946636755,1.6006549157101009,3.132072701563239,5.579242265704773,0.17807158158841316,-0.36712939188847504,2.7040399547482483,5.579242265704773,5.579242265704773,3.3166605419708843,2.180817890770619,12.79966227956021,-0.7888120913379194,6.1170924318502085,0.007782059957116096,0.07449812872901285,0.009528697886578518,0.0,0.09859529705399711,0.007782059957116096,4.647921760391198,4.6601466992665035,4.0,6,0.015432777298187652,0.016909159718277094,0.02988482950857195,18.979931906572453,30.314929315935657,139.44312424143277,0.6324023849204021,17.326092737545263,3.3110003603417444,100.63830882497703,100.2199746443223,0.45232273838630804,2.1342490977357302,58.472578020156995,3.3262749008422534,101.10258057271287,100.14965030354136,0.47147514262428686,1.5619033983428994,42.79187392720272,3.3110348824780442,100.63935813003174,100.14615366889753,0.3186634066829666
ripple_r05_nopc_03,ripple_r05_nopc,,common,3,4141.169,1.3,0.8,0.1,0.02,1.0,False,"{""angle_deg"": 5.0, ""type"": ""ramp""}",,,5.0,,-5.45,-1.4,0.09357787137382909,-5.467648750119588,-1.4084308575941087,-1.060523471014152,36144,61530,4017,81,ripple,0.025,2009,True,False,,38.460000000000036,64.0,38.460000000000036,0.800263364117872,0.020807679774255624,0.8323071909702249,0.026175820642008275,1.8788409519038258,0.12874490403578748,14.720033562875555,15.183276911118648,0.22561518814942494,0.006711289908835618,-14.649679645671018,15.183276911118648,10.183276911118648,0.16727324987244854,0.44149045322273456,1.8131836677533266,-2.3762265789730364e-08,2.6829408940689777e-08,0.011361049530203395,0.06096486803581708,0.012242857438505983,0.0,0.10070247540524768,-0.017860376935845364,3.3227650727650726,3.5306652806652807,4.0,169,0.003245823578731588,0.0027499132632473615,0.07829993627378022,0.563725170686339,37.84899165704878,1.128847334316549,0.638191690796992,17.484703857451837,1.838061813392233,55.868140224687934,24.510066175310385,0.0,0.7305083076023365,20.013926235680454,3.29136179200484,100.04139185425046,58.29034513066957,0.0002598752598752599,0.7978259395752602,21.858244919870142,3.2832107888370126,99.7936409980855,65.5639541166152,0.0002598752598752599
ripple_r05_pc_03,ripple_r05_pc,,common,3,4191.184,1.3,0.8,0.1,0.02,1.0,True,"{""angle_deg"": 5.0, ""type"": ""ramp""}",,,5.0,,-5.45,-1.4,0.09357787137382909,-5.46273921925282,-1.3904737686647102,-1.9185158243477334,40770,60204,4530,91,ripple,0.025,2265,True,False,,43.460000000000036,64.0,43.460000000000036,0.800157987771266,0.01841136649266602,0.7364546597066408,-0.021365854958953143,-1.4901804591863628,0.37436742249133653,6.754256273101525,7.598250535364282,0.2415892529877261,0.28303611202455486,-6.735968335601236,7.598250535364282,2.598250535364282,0.2646469681033665,0.6823217728671831,1.3496067877485134,0.2962744501965643,-8.252740070797227,0.007329563139051337,0.07203648882290882,0.008232743387914793,0.0,0.10235559555427641,-0.012238709668945788,3.2207911683532657,3.809107635694572,4.0,261,0.001611495653852389,0.0014970763042990273,0.056254017365143134,0.47620542840231195,42.39273819212562,1.2703416533637961,0.6388958219983539,17.503995123242575,3.291513079902983,100.04599027060738,35.647011698295074,0.0007666360012266176,0.8544036469844076,23.408319095463224,3.288645458457744,99.95882852455148,66.78278646669631,0.0024532352039251764,0.8257373987565375,22.62294243168596,3.2844318309368554,99.83075473972205,63.90929896462399,0.0017632628028212206
ripple_r10_nopc_03,ripple_r10_nopc,,common,3,4247.378000000001,1.3,0.8,0.1,0.02,1.0,False,"{""angle_deg"": 10.0, ""type"": ""ramp""}",,,10.0,,-5.45,-1.4,0.13682408883346517,-5.4579807462763315,-1.4177409375148926,1.5335138230073238,31788,44777,3532,71,ripple,0.025,1767,True,False,,33.61999999999989,64.0,33.61999999999989,0.80023296722825,0.023802289328621433,0.9520915731448573,-0.020604105582863887,-1.6319639128746501,0.09462810810167008,14.994446419529687,15.218918532162567,0.2668862379450977,0.017831967528911637,-14.992273801212527,15.218918532162567,5.218918532162567,0.17112637071270173,0.40870679646913155,1.1562413769964888,8.742013633913008e-10,-3.4075746262013445e-09,0.01135628062121165,0.05421822615579702,0.012145788307081533,0.0,0.10070247543517172,0.01135628062121165,3.183709869203329,3.3941736028537455,4.0,156,0.001814466481847805,0.001390550713198693,0.032332846183280625,0.26940144958851636,32.11292042786788,0.9805900277952698,0.6365515751634931,17.439769182561456,3.026759950360771,91.99878268573772,24.50484278984316,0.0,0.730498077594528,20.013645961493918,3.2906143994252797,100.01867475456777,58.184991817005525,9.908838684106223e-05,0.7872457534384917,21.56837680653402,3.282713985699073,99.77854059875601,65.55156626115009,9.908838684106223e-05
ripple_r10_pc_03,ripple_r10_pc,,common,3,4292.91,1.3,0.8,0.1,0.02,1.0,True,"{""angle_deg"": 10.0, ""type"": ""ramp""}",,,10.0,,-5.45,-1.4,0.13682408883346517,-5.455445479335102,-1.3937628642894357,-1.696583386819459,37675,50596,4188,84,ripple,0.025,2094,True,False,,40.039999999999964,64.0,40.039999999999964,0.800143195959364,0.019983596302681438,0.7993438521072574,0.0008350228975895872,-0.11931652815522996,0.3028048183214328,6.719938142602197,7.117201507685019,0.27190065378752687,0.19645442888074105,-6.714431369570616,7.117201507685019,5.432474448447709,0.23479169064515118,0.6371998355558972,1.2201714925235945,0.1676369259380898,-8.34769877718164,0.007338654679953272,0.06737866299012475,0.008236650855143466,0.0,0.10258985555983507,-0.012028285422312827,3.1357963055416875,3.7333999001497755,4.0,248,0.0010672529911171943,0.0009783365034453106,0.02680639029165252,0.30161884730064525,38.53888325449147,1.1779770632796953,0.6338307824605198,17.36522691672657,3.022357314220604,91.86496395807308,35.70317855596066,0.0,0.8484211411635572,23.244414826398828,3.288787147439995,99.96313518054697,65.72591280597527,0.003494757863205192,0.8257580939493417,22.623509423269635,3.2929969928946576,100.09109400895616,63.848476147361296,0.0035779663837576968
ripple_r15_nopc_03,ripple_r15_nopc,,common,3,4345.337,1.3,0.8,0.1,0.02,1.0,False,"{""angle_deg"": 15.0, ""type"": ""ramp""}",,,14.999999999999998,,-5.45,-1.4,0.17940952255126036,-5.469127992211445,-1.4071032736596119,1.674383116782081,30132,35455,3348,67,ripple,0.025,1675,True,False,,31.779999999999745,64.0,31.779999999999745,0.8003863632972211,0.025185222256048696,1.0074088902419478,-0.00023589616370408087,-0.11096692416776835,0.43872680963011135,15.023458732802897,15.177926622729817,0.2919794433987121,-0.4317305656055537,-15.023360255346734,15.177926622729817,0.6831830057151516,0.1736650952763769,0.3889946824326417,1.0656698718308124,-3.341136125590293e-10,-3.6320049349769643e-09,0.01115725617277555,0.05002168016149358,0.01207640409998478,0.0,0.10070247546232533,0.01115725617277555,3.0924528301886793,3.30125786163522,4.0,149,0.0010481180134770732,0.0006227335588500015,0.0011035440198612421,0.11592813088265325,29.28574961888161,0.8996546137204524,0.6319951011917985,17.314934279227355,1.760581532188206,53.51311647988468,24.31803179624529,0.0,0.7325291574672842,20.069291985405048,3.2688884361436066,99.35831112898501,57.98102525621484,0.0004192872117400419,0.7792910103262123,21.350438639074312,3.0479069180812135,92.64154766204295,65.27073601312689,0.0
ripple_r15_pc_03,ripple_r15_pc,,common,3,4393.109,1.3,0.8,0.1,0.02,1.0,True,"{""angle_deg"": 15.0, ""type"": ""ramp""}",,,14.999999999999998,,-5.45,-1.4,0.17940952255126036,-5.4365021687814,-1.4060464097413534,2.08164467124952,36324,40921,4037,81,ripple,0.025,2019,True,False,,38.57999999999993,64.0,38.57999999999993,0.8004698387082202,0.02074831100850756,0.8299324403403024,0.008627116978184222,0.597596585458164,0.37184527998741274,6.730772497922326,7.114604390020377,0.30260228578487586,-0.29795535002126927,-6.7277833499358435,7.114604390020377,8.729929576836946,0.2502881198946662,0.6334024574723435,1.1586943727184997,-0.3103206222877241,-8.35295627076068,0.007542638891313182,0.06423570518079573,0.008437977072101822,0.0,0.1026636144062529,-0.011615907637725261,3.073056994818653,3.6818652849740934,4.0,239,0.000685558562425612,0.0005950961102230617,0.0017162728185519574,0.17767024943788987,35.99401417954209,1.10555194864198,0.6364196503578594,17.436154804324918,3.191920336492451,97.01885521253651,35.790568215061015,0.0,0.8422727920254497,23.07596690480684,3.290045386473724,100.00137952807671,65.37278548616416,0.0032815198618307427,0.8199028952708254,22.463093021118503,3.2838499044345086,99.81306700408841,63.2396196785906,0.0018134715025906736
ripple_r20_nopc_03,ripple_r20_nopc,,common,3,4444.197,1.3,0.8,0.1,0.02,1.0,False,"{""angle_deg"": 20.0, ""type"": ""ramp""}",,,20.0,,-5.45,-1.4,0.22101007166283437,-5.467986042965052,-1.399115418557061,-1.455465502011924,30173,34509,3352,68,ripple,0.025,1677,True,False,,31.840000000000146,64.0,31.840000000000146,0.8002079698737967,0.02513215985784526,1.0052863943138104,0.002646483107482913,0.15105130112892695,0.5393287056986688,20.0226885479522,20.17628631165295,0.33040091787050424,0.5335555046038237,-20.022615076180806,20.17628631165295,0.7911711851940322,0.0724758640824245,0.2925549010783259,0.573803641240009,-7.476779001263584e-10,-4.422815693827183e-09,0.016056584013773172,0.050181622473283304,0.017324667690194178,0.0,0.10070247548813503,0.016056584013773172,3.0916509730069053,3.2950408035153798,4.0,149,0.0010288542426203828,0.000616702812184157,0.0011785205311413338,0.11483041851261434,28.851366419162993,0.8865032014180116,0.6381949319117112,17.484792655115374,3.096565434910344,94.12052993648463,23.131306600473746,0.0,0.7296061507353165,19.989209609186755,3.2906131733813946,100.01863748879619,54.05031810179546,0.002824858757062147,0.7826653828135816,21.4428872003721,3.1849545909839234,96.80713042504327,59.91879069202252,0.0
ripple_r20_pc_03,ripple_r20_pc,,common,3,4487.892,1.3,0.8,0.1,0.02,1.0,True,"{""angle_deg"": 20.0, ""type"": ""ramp""}",,,20.0,,-5.45,-1.4,0.22101007166283437,-5.452436892451977,-1.4111343271348915,2.361399730795678,39024,46327,4337,87,ripple,0.025,2169,True,False,,41.52000000000044,64.0,41.52000000000044,0.8001219930276706,0.019270760911070862,0.7708304364428344,0.013396606769974492,0.33187894167690807,0.5943051675851904,11.819172620387105,12.140352195124471,0.3380442597680059,-0.5560911292887063,-11.817644484096018,12.140352195124471,8.600261251559264,0.24400156238858736,0.8427821740322673,1.420988024429602,-0.44067861397535524,-8.249895084863319,0.012888505640429447,0.07620741766815609,0.013807380825306817,0.0,0.10263070470459004,-0.017642453957847793,3.097737120847376,3.8208955223880596,4.0,226,0.0012891511116842412,0.0014509549715774556,0.00290251244922933,0.40977479343647627,38.16134830102578,1.1725348186467695,0.6390671165296653,17.50868812410042,3.283279920776765,99.79574227284999,40.40208672361399,8.024394158241052e-05,0.8449448408773281,23.149173722666525,3.271632501627463,99.44171737469492,57.61668641741168,0.0007221954742416948,0.8228449043835342,22.543696010507787,3.283991537491659,99.8173719602328,56.85522122123943,0.00048146364949446316
ripple_r25_pc_03,ripple_r25_pc,,common,3,4550.66,1.3,0.8,0.1,0.02,1.0,True,"{""angle_deg"": 25.0, ""type"": ""ramp""}",,,25.0,,-5.45,-1.4,0.26130913087034974,-5.4528067597548135,-1.4022622026781384,1.256608758133909,43812,51838,4868,98,ripple,0.025,2435,True,False,,46.88000000000011,64.0,46.88000000000011,0.8002327536924441,0.017069811298900218,0.6827924519560087,0.012469565973197684,0.38760742525862346,0.5635385426006871,16.683387880324833,17.054021480519502,0.37454260044051946,-0.526581330962569,-16.682260321591137,17.054021480519502,8.73139702271111,0.28180535738569207,1.023559635371767,1.7186004635194116,-0.24585733007410626,-8.397664732488103,0.018554042931485357,0.08671575542367885,0.019605505530105826,0.0,0.10266100818908837,-0.023106478162037782,3.1232409381663113,3.9727078891257994,4.0,223,0.0023715925398430635,0.002695827900423293,0.0038276503170896325,0.7511522579713598,42.62533949994258,1.309537600637347,0.6337140008386561,17.362027420237155,2.6152550993055197,79.4910364530553,37.24916404203791,0.0,0.8442887030322325,23.131197343348838,3.28841006984996,99.95167385562188,58.29939340868331,0.0031982942430703624,0.8195291963800989,22.452854695345174,3.2920121219801133,100.06115872279979,50.06160398774667,0.0024875621890547263
wave_r00_nopc_03,wave_r00_nopc,,capped,3,4607.508000000001,2.4,0.8,0.1,0.02,1.0,False,"{""angle_deg"": 0.0, ""type"": ""ramp""}",,,0.0,,-5.45,-1.4,0.05,-5.456199109208276,-1.4003002014556856,-2.5773056367727105,1026,6864,115,3,wave,0.0245,57,False,False,too_short,,,,,,,,,,,,,,,,,,,,,,,,,,,,,,,,,,,,,,,,,,,,,,,,,,,,,,,
wave_r00_pc_03,wave_r00_pc,,capped,3,4616.792,2.4,0.8,0.1,0.02,1.0,True,"{""angle_deg"": 0.0, ""type"": ""ramp""}",,,0.0,,-5.45,-1.4,0.05,-5.457558741653378,-1.3910006272853805,-2.36453164853085,954,6342,105,3,wave,0.0245,53,False,False,too_short,,,,,,,,,,,,,,,,,,,,,,,,,,,,,,,,,,,,,,,,,,,,,,,,,,,,,,,
wave_r05_nopc_03,wave_r05_nopc,,capped,3,4623.93,2.4,0.8,0.1,0.02,1.0,False,"{""angle_deg"": 5.0, ""type"": ""ramp""}",,,5.0,,-5.45,-1.4,0.09357787137382909,-5.451498573129793,-1.4105309218172675,-2.0070929991799096,2538,16933,283,6,wave,0.0245,141,False,False,,nan,65.3061224489796,0.3999999999996362,0.0002714344983671086,0.0006785862459183887,0.027697397792587293,-9.455699725366465e-06,0.03234837860298838,0.18793486578322735,4.1685975595518405,4.256745720353351,0.21819275878206013,0.18707361649022436,-4.16815828187223,4.256745720353351,0.9315287985170473,0.1003242000987904,0.22899369661553184,0.32580518560718397,4.893611575875014e-07,-5.302695272303736e-07,0.20216887213170598,0.20231520039782214,0.20224524442645544,0.0,0.10318845608895771,0.20216887213170598,6.0,6.0,5.0,6,0.0020121574508954756,0.0022216340308921006,0.006151688826431843,16.146047720279476,0.5987175298014775,17.831324663299362,0.10441936245986805,2.860804450955289,3.29302462596244,100.091933919831,100.03260641128635,0.9126984126984127,0.09775792731367182,2.678299378456762,3.2923401046024017,100.07112779946509,100.02802199745713,0.8253968253968254,0.24057546051492382,6.591108507258187,3.2932352468727624,100.09833577120858,100.03491397742548,0.42063492063492064
wave_r05_pc_03,wave_r05_pc,,capped,3,4632.828,2.4,0.8,0.1,0.02,1.0,True,"{""angle_deg"": 5.0, ""type"": ""ramp""}",,,5.0,,-5.45,-1.4,0.09357787137382909,-5.465147379495658,-1.3874453629046428,1.1199421172383288,1494,9936,166,4,wave,0.0245,83,False,False,too_short,,,,,,,,,,,,,,,,,,,,,,,,,,,,,,,,,,,,,,,,,,,,,,,,,,,,,,,
wave_r15_nopc_03,wave_r15_nopc,,capped,3,4655.125,2.4,0.8,0.1,0.02,1.0,False,"{""angle_deg"": 15.0, ""type"": ""ramp""}",,,14.999999999999998,,-5.45,-1.4,0.17940952255126036,-5.450713011886976,-1.3936345897212323,0.26800628361293244,40608,73396,4513,91,wave,0.0245,2257,True,False,,42.279999999999745,65.3061224489796,42.279999999999745,0.8002282531157532,0.018926874482397302,0.7725254890774409,-0.06449870849218493,-4.870317081331364,1.8097927695062654,24.59857917091376,25.27677243937112,0.2639316548528369,1.7742377651417465,-24.556486875630586,25.27677243937112,10.27677243937112,0.27099397352399746,0.5825688006233538,3.3295881726869623,5.399116014106849e-11,-7.504060711479677e-11,0.017988077269332884,0.07884005320064953,0.02046142385281169,0.0,0.09834401709467647,0.017988077269332884,3.4094562647754136,4.776832151300236,5.0,203,0.004729653426815349,0.00432781290990031,0.13562593656283958,1.0675198501683685,35.53916631046532,1.0617880923333431,1.4007684876760724,38.377218840440335,2.582178706331002,78.48567496446813,30.88843063180585,0.0,0.8759085927235272,23.99749569105554,3.2936325919011216,100.11041312769366,66.04094962045734,0.0014972419227738377,1.8970680323430114,51.97446663953456,3.3375702206383595,101.44590336286807,65.84867366479918,0.0070921985815602835
wave_r15_pc_03,wave_r15_pc,,capped,3,4710.878000000001,2.4,0.8,0.1,0.02,1.0,True,"{""angle_deg"": 15.0, ""type"": ""ramp""}",,,14.999999999999998,,-5.45,-1.4,0.17940952255126036,-5.457588578331878,-1.4018594630065768,1.3270551852647217,61848,90525,6871,138,wave,0.0245,3436,False,False,,nan,65.3061224489796,66.30000000000018,0.7680096063397751,0.011583855299242428,0.47281042037724197,0.11427989908706902,9.940938438951349,1.5597790812663848,16.85989450835041,17.65095632234859,0.29816570549360605,-1.0183838249712527,-16.851923485252186,17.65095632234859,3.0501073198103925,0.37538511538711355,0.8755081971935856,2.4884851170374085,-0.4276126983953054,-8.079906704288232,0.06610603525795698,0.1236181962636316,0.0690492206266994,0.0,0.09987988126971882,-0.06889929490572322,3.2023522316043427,5.2107961399276235,5.0,357,0.0032910957681955687,0.0036172250863300086,0.08107954808733131,1.630540630704316,61.952853501742936,1.9233944605165687,1.37931563669232,37.78946949841973,3.3088132126820446,100.57183017270653,26.565995417570917,0.0017591475673502212,1.1739320952496985,32.16252315752599,3.2987170609320167,100.26495625933181,80.14506723277994,0.005780056292722155,1.545046646998765,42.33004512325383,3.333963175537561,101.33626673366446,81.58460456913087,0.04438078005629272
wave_r20_nopc_03,wave_r20_nopc,,capped,3,4791.559,2.4,0.8,0.1,0.02,1.0,False,"{""angle_deg"": 20.0, ""type"": ""ramp""}",,,20.0,,-5.45,-1.4,0.22101007166283437,-5.447892713892752,-1.3947037453421356,-0.0775602133897384,33606,50806,3733,75,wave,0.0245,1867,True,False,,34.47999999999956,65.3061224489796,34.47999999999956,0.8000918779016565,0.023204520820813996,0.9471232988087345,-0.03305322311469995,-2.683514419677591,1.148559121470665,24.977787223750987,25.31583138080442,0.31652983922147104,1.1326312941382282,-24.97685281516723,25.31583138080442,5.315831380804418,0.17845550236486218,0.41645668400445396,3.162854423220048,-2.2811440663405278e-10,-1.0259042462909803e-09,0.019000161115847743,0.07391418815265506,0.02132547405432512,0.0,0.09834401709986618,0.019000161115847743,3.247536231884058,4.6921739130434785,5.0,174,0.0020762565586185757,0.0017189815987644066,0.04165854497254289,0.37176534023919955,26.270977463246048,0.8028674023823997,1.3752579100733389,37.67829890611887,1.6414649905542706,49.89255290438512,30.651741326867956,0.0,0.8732730558744591,23.925289202039977,3.29428454816525,100.1302294275152,65.85782882081824,0.000966183574879227,1.4098989633900696,38.6273688600019,3.3007137177712895,100.32564491706047,64.42830885679237,0.0002898550724637681
wave_r20_pc_03,wave_r20_pc,,capped,3,4839.615000000001,2.4,0.8,0.1,0.02,1.0,True,"{""angle_deg"": 20.0, ""type"": ""ramp""}",,,20.0,,-5.45,-1.4,0.22101007166283437,-5.431880894282233,-1.3889415419865732,-2.215289797691894,59832,79424,6648,133,wave,0.0245,3325,True,False,,63.31999999999971,65.3061224489796,63.31999999999971,0.8001532506052645,0.012636659043039612,0.5157820017567188,0.14380444302824333,11.369667660835693,1.6380630678002475,16.912324495933948,17.646551362763383,0.33836454132986843,-1.3084474049004502,-16.90648903808731,17.646551362763383,4.201304667284335,0.31219048290404106,0.9293865848786267,3.127150082914868,-0.569989433127202,-8.059269653097122,0.06617671247573648,0.12349213785191156,0.06894495361628075,0.0,0.09995959892582122,-0.02602045966179504,3.139248500157878,5.200505209977897,5.0,346,0.0024688498615307013,0.0027906288540630493,0.02463071542098078,1.182503976907827,58.334405876715536,1.756581810552311,1.382730323208112,37.88302255364691,3.302096226043688,100.3676664450969,26.520119696277803,0.0011577728660141038,1.1694015210346071,32.038397836564585,3.294310830053646,100.13102826910777,80.25130077737155,0.0057362382907062415,1.541614475370601,42.23601302385208,3.2998450342815424,100.29924116357272,82.11978917235663,0.045416271971371436
wave_r25_nopc_03,wave_r25_nopc,,capped,3,4918.076,2.4,0.8,0.1,0.02,1.0,False,"{""angle_deg"": 25.0, ""type"": ""ramp""}",,,25.0,,-5.45,-1.4,0.26130913087034974,-5.43743561967858,-1.3832968969435837,1.8999491454510549,31698,38080,3522,71,wave,0.0245,1762,True,False,,32.44000000000051,65.3061224489796,32.44000000000051,0.8005108263331622,0.024676659258111886,1.0072105819637505,-0.002348869326183802,-0.5454298662785423,0.5822915888017417,25.032604071236538,25.332035270232726,0.38771917502695075,-0.5754788255160258,-25.032515239493883,25.332035270232726,0.8831836604495372,0.24203854046586265,0.23322317398976686,0.8542591952685593,-2.2679598867878513e-10,-9.555454604255291e-10,0.021325266911069174,0.07132675922691296,0.023030959527469915,0.0,0.09834401710451264,0.020704594549764452,3.139248305606901,4.666666666666667,5.0,164,0.0012665696300008672,0.0008683619726696096,0.0022444524829253122,0.1778998418190353,24.166904481765663,0.7422857346661055,1.379993282899851,37.808035147941126,1.429775982198182,43.45823654097817,30.869291421914802,0.0,0.8746934351752353,23.964203703431107,3.291672089316586,100.05082338348285,64.23554586318555,0.0012322858903265558,1.411321976409068,38.66635551805666,3.2819487981850894,99.75528261960757,62.69628340261735,0.00020538098172109262
wave_r25_pc_03,wave_r25_pc,,capped,3,4963.64,2.4,0.8,0.1,0.02,1.0,True,"{""angle_deg"": 25.0, ""type"": ""ramp""}",,,25.0,,-5.45,-1.4,0.26130913087034974,-5.456275670088905,-1.4052836401469075,-1.540713778103786,58572,68735,6508,131,wave,0.0245,3255,True,False,,61.76000000000022,65.3061224489796,61.76000000000022,0.800007768155444,0.0129534936553666,0.5287140267496571,-0.06310798619227069,-3.2111893183223916,1.7901280342408736,17.166479303422335,17.892854069930916,0.37600077692199885,1.7485502192864275,-17.16113107953978,17.892854069930916,8.7543951811315,0.39543646363662355,0.741734675428252,1.9587666661333516,0.8994250829957982,-7.792166662645276,0.06662061334447893,0.12238290771933175,0.06784252187293309,0.0,0.09973285748298816,-0.021367318939665876,3.1314341210747814,5.155066364519262,5.0,338,0.003164888046232372,0.003526497887061751,0.011107948157302584,1.4853041410229302,52.83134929991415,1.618698400813994,1.3750842237526897,37.673540376786015,3.2836454914451565,99.80685384331782,25.594829706603498,0.0011870076615949066,1.1794634626028913,32.31406746857236,3.293581038812741,100.10884616452101,70.67526749767588,0.003668932772202439,1.542433357722014,42.25844815676751,3.297321026744575,100.2225236092576,69.36968343300417,0.008470918312290925
tripod_r00_nopc_04,tripod_r00_nopc,,common,4,5038.013,0.95,0.8,0.1,0.02,1.0,False,"{""angle_deg"": 0.0, ""type"": ""ramp""}",,,0.0,,-5.45,-1.4,0.05,-5.467771811599115,-1.4011175461753724,2.1028810710295707,1728,11484,191,4,tripod,0.025,96,False,False,,nan,64.0,0.9400000000005093,0.00014060045092137002,0.00014957494778861045,0.0059829979115444175,8.941496546205447e-05,-0.10779946922827652,0.46548347992619843,0.5205090840195011,0.6780307311611956,0.17271645778856728,-0.45682239428808363,0.5124319929022105,0.6780307311611956,0.6780307311611956,0.06297029327885893,0.09461326901470209,0.1594513219309012,-1.645166375944931e-06,-8.650782753773475e-05,0.19422312235270922,0.19479506901022794,0.19435793375429566,0.0,0.09774762999009798,0.19422312235270922,6.0,6.0,3.0,6,0.0017307434333981755,0.0019661312972572634,0.0033104917213716604,70.79889523168033,1.6341422671543895,241.14138373127494,0.17988516635425542,4.928360722034395,3.292444610316693,100.07430426494507,100.0366054026161,0.8715277777777778,0.41678252447850256,11.418699300780892,3.296829995316709,100.20759864184525,100.04442071685475,0.6631944444444444,0.600036796593157,16.43936429022348,3.2922434710500514,100.06819060942406,100.01308403405407,0.3576388888888889
tripod_r00_pc_04,tripod_r00_pc,,common,4,5048.121,0.95,0.8,0.1,0.02,1.0,True,"{""angle_deg"": 0.0, ""type"": ""ramp""}",,,0.0,,-5.45,-1.4,0.05,-5.439247536553639,-1.3935120439388147,2.0831440165996975,1584,10656,177,4,tripod,0.025,88,False,False,,nan,64.0,0.8000000000001819,-2.455958532539192e-05,-3.069948165673292e-05,-0.0012279792662693168,4.4465265676039906e-05,-0.04712887142221056,0.29267544189171757,0.09732604889117423,0.33472545700085654,0.17209519502193155,-0.2888597441245231,0.0935814345642698,0.13330634681880701,0.33472545700085654,0.10240604177591668,0.10506645344674559,0.2814667533858928,0.04169633312913468,-0.11396841208026447,0.19690818137674482,0.19733916463858964,0.19692657530400984,0.0,0.09765273524552216,0.19690818137674482,6.0,6.0,3.0,6,0.002629244428341317,0.0028835963528670884,0.010752138228989154,340.60250102983736,0.9014795634813915,436.3522019339181,0.20742314256668345,5.682825823744752,3.293178096662327,100.09659868274551,100.03195804039734,0.9512195121951219,0.39182128717274384,10.734829785554625,3.2931182816975673,100.09478059871024,100.02661124044225,0.8292682926829268,0.6718445161820997,18.406699073482187,3.2918447529394124,100.05607151791527,100.01414140917682,0.5528455284552846
tripod_r05_nopc_04,tripod_r05_nopc,,common,4,5055.96,0.95,0.8,0.1,0.02,1.0,False,"{""angle_deg"": 5.0, ""type"": ""ramp""}",,,5.0,,-5.45,-1.4,0.09357787137382909,-5.443635445004142,-1.4110666633910107,1.818930460902495,2790,18570,310,7,tripod,0.025,155,False,False,,nan,64.0,2.119999999999891,0.0005818848830015403,0.00027447400141583503,0.0109789600566334,0.00047382925094898327,-0.20498300325504637,0.2312422106397159,4.416116903942543,4.6437102571618905,0.21631704196504903,-0.21830375813221864,-4.415268588968822,4.6437102571618905,0.6832676551698764,0.08296715077236369,0.1900110191353953,0.4993106335735245,1.216098290010788e-06,-1.0747732339090451e-06,0.1973400771609934,0.2005583813249739,0.19766741681718927,0.0,0.09762628999947338,0.1973400771609934,6.0,6.0,3.0,6,0.0029883965242531348,0.0034470881314419047,0.008194010209322032,9.217422312617769,3.6830947677858523,40.35876921231793,0.22718348564114801,6.22420508605885,3.293770730498489,100.11461186925499,100.0505832811969,0.8364485981308412,0.5245283064550619,14.370638533015395,3.2977711167247845,100.23620415576852,100.04501083273094,0.6962616822429907,0.5737158533409351,15.718242557285894,3.291887380781447,100.05736719700447,100.01628557738827,0.4205607476635514
tripod_r05_pc_04,tripod_r05_pc,,common,4,5065.258000000001,0.95,0.8,0.1,0.02,1.0,True,"{""angle_deg"": 5.0, ""type"": ""ramp""}",,,5.0,,-5.45,-1.4,0.09357787137382909,-5.455299199821612,-1.3843975211889847,-1.041104814871742,2970,19740,329,7,tripod,0.025,165,False,False,,nan,64.0,2.319999999999709,-0.0003915196031715369,-0.00016875844964292502,-0.0067503379857170006,8.486326236332416e-05,-0.07989981587737777,0.034183012418237214,4.531194271841935,4.576034745649583,0.2154191145877106,0.004666515715257771,-4.53104321007989,4.576034745649583,0.5710214406632474,0.06595865572415324,0.15658656528050516,0.4491843795734054,0.2511938831890391,-7.99665903851665,0.19666027704505626,0.19684139488069513,0.19667818407944598,0.0,0.09947859943620257,0.19666027704505626,6.0,6.0,3.0,6,0.0010073875880189846,0.0010367846390080676,0.0013880554013989074,3.3468861676285826,1.8318591813411211,24.233290814809603,0.12282692219615851,3.3651211560591374,3.2930332284238664,100.09219539282269,100.03870370876503,0.8888888888888888,0.14398717915405582,3.9448542233987896,3.2923141943009693,100.0703402523091,100.03673374893522,0.8276353276353277,0.2644656089945672,7.245633123138829,3.2913239613399914,100.04024198601797,100.02455051600975,0.7621082621082621
tripod_r10_pc_04,tripod_r10_pc,,common,4,5081.877,0.95,0.8,0.1,0.02,1.0,True,"{""angle_deg"": 10.0, ""type"": ""ramp""}",,,10.0,,-5.45,-1.4,0.13682408883346517,-5.435191422836924,-1.4035230579562625,1.6807271942553716,16614,110700,1845,37,tripod,0.025,923,False,False,,nan,64.0,17.479999999999563,0.010543453789690363,0.0006031724135978619,0.024126896543914474,-0.0047744672403352015,4.330374498586496,10.602134193242353,17.459809242144804,18.309207125172065,0.273088689663037,-10.457579659485946,-17.441619397781032,18.309207125172065,13.36753609568057,0.07034995629772521,0.037823269354598316,0.4089070650148201,-3.4594023996074306,-5.874996372797429,0.1504599139672142,0.18553641524051256,0.15278537722342447,0.0,0.098461359839308,0.1504599139672142,6.0,6.0,3.0,6,0.04518770841605483,0.047680512693153126,0.17666419186674007,9.217270313082675,35.73859110731688,28.31175271023271,0.7851828097097793,21.511857800267926,3.300766492636126,100.32724901629561,100.08982701794953,0.8575238095238096,0.5969653128126077,16.355214049660486,3.3058428361381216,100.48154517137147,100.0943310568351,0.9685714285714285,0.5985381279253494,16.398304874667108,3.2935209877024656,100.1070209028105,100.03216643860381,0.7841904761904762
tripod_r15_nopc_04,tripod_r15_nopc,,common,4,5109.857,0.95,0.8,0.1,0.02,1.0,False,"{""angle_deg"": 15.0, ""type"": ""ramp""}",,,14.999999999999998,,-5.45,-1.4,0.17940952255126036,-5.467897261780142,-1.3982464896996878,1.0613642684209494,39942,66613,4438,89,tripod,0.025,2220,True,False,,42.94000000000051,64.0,42.94000000000051,0.8000960249474959,0.01863288367367225,0.74531534694689,0.0036729999494891606,0.0669998105956313,0.4468358517530549,24.532161262992602,24.997614976214642,0.3028291153242576,-0.4369264293020087,-24.45223750868757,24.997614976214642,9.997614976214644,0.1334349195855619,0.20934476398016805,0.871998066290192,-4.368392003666369e-08,8.876223934306967e-07,0.05727183781226095,0.07409346848257066,0.05772399305996299,0.0,0.09762625071137077,0.057060396349756536,3.3319366852886407,3.536312849162011,3.0,261,0.001006438023648618,0.0014229940884631985,0.023373335793313108,0.45130334370594766,41.89220470365736,1.2516339550761821,0.3789809385418589,10.383039412105722,2.4106987434058076,73.27351803665069,19.006673415949255,0.0,0.667051055311163,18.27537137838803,3.282550972126272,99.77358577891405,50.59763254939185,0.004810676598386096,0.5801011596398757,15.893182455887008,3.272837297862055,99.47833732103511,57.39573977793091,7.759155803848541e-05
tripod_r15_pc_04,tripod_r15_pc,,common,4,5165.110000000001,0.95,0.8,0.1,0.02,1.0,True,"{""angle_deg"": 15.0, ""type"": ""ramp""}",,,14.999999999999998,,-5.45,-1.4,0.17940952255126036,-5.464819794849333,-1.39566408714414,-2.1418643079508524,39006,58948,4335,87,tripod,0.025,2168,True,False,,41.91999999999916,64.0,41.91999999999916,0.8004608880039287,0.01909496393139181,0.7637985572556724,-0.006560057833379672,-0.9136451556736753,0.8714720100139935,16.600962108771515,16.872663847287804,0.31491637185804644,0.866954998210585,-16.571234699335903,16.872663847287804,3.7518663094653637,0.03430187255030968,0.1541524358773235,0.8910743435858101,0.42149890759221403,-8.153820161776995,0.06679937151983883,0.08565643604179701,0.0674370154226188,0.0,0.09940668576885256,0.066571032293502,3.279446828803052,3.5445875059608967,3.0,258,0.0008247719222947057,0.0012811199023766815,0.028225247985704457,0.40273929024253463,43.0236970925252,1.2889658611367465,0.38161993787365206,10.4553407636617,1.8662450298877413,56.724772944916154,14.322684124207264,0.0,0.7456348205136866,20.428351246950317,2.7810407318130945,84.53011342896943,46.978597119402224,0.0,0.6446742092943826,17.662307103955687,2.61998953118836,79.6349401577009,61.9932417887127,0.0
tripod_r20_nopc_04,tripod_r20_nopc,,common,4,5219.496,0.95,0.8,0.1,0.02,1.0,False,"{""angle_deg"": 20.0, ""type"": ""ramp""}",,,20.0,,-5.45,-1.4,0.22101007166283437,-5.457840434916769,-1.4053885917788935,0.7175122223645021,36990,53967,4110,83,tripod,0.025,2056,True,False,,39.659999999999854,64.0,39.659999999999854,0.8002158333727937,0.020176899479899056,0.8070759791959622,-0.000576919836697519,0.010730896906311866,0.05373912171354523,24.90907279658217,25.000682421264194,0.3412065337210781,-0.03633335242772288,-24.903147204804796,25.000682421264194,5.0006824212641945,0.14176649189246807,0.19516846301341514,0.6418576018938867,1.145614125092113e-09,-1.5744894790460668e-08,0.05715078949290409,0.0718700877515519,0.0577251755155266,0.0,0.09762625071034049,0.05694541557438023,3.220766129032258,3.430443548387097,3.0,248,0.0006827193391468984,0.0011405045531595705,0.01002681775563193,0.35132844305200833,37.96186213764511,1.1593946337994523,0.37899516476648715,10.383429171684579,3.2868366448730915,99.90384938823986,12.640335261929996,0.00025201612903225806,0.6690386151769337,18.32982507334065,3.282539609365315,99.77324040624057,50.51717988200858,0.004956317204301075,0.5785617302990127,15.851006309561992,3.2929560377345855,100.08984917126399,57.42778652999665,0.00016801075268817206
tripod_r20_pc_04,tripod_r20_pc,,common,4,5275.4980000000005,0.95,0.8,0.1,0.02,1.0,True,"{""angle_deg"": 20.0, ""type"": ""ramp""}",,,20.0,,-5.45,-1.4,0.22101007166283437,-5.46479524620251,-1.4126069737199902,1.687539517858766,37260,51911,4139,83,tripod,0.025,2070,True,False,,39.9399999999996,64.0,39.9399999999996,0.8003646059809179,0.02003917391038873,0.8015669564155492,-0.011136367049629899,-1.0324357398835537,0.14375444447360713,16.403889459287516,16.524537537346788,0.34494846259267414,-0.14024967295135102,-16.39851984252979,16.524537537346788,7.558822509595483,0.037366510079990325,0.07072938417327199,0.7943412910703309,-0.07412633350170628,-8.525263752964944,0.06860484127350035,0.0846237911065104,0.06886536396697818,0.0,0.09961009147771076,0.06839198660093977,3.2087087087087087,3.483983983983984,3.0,253,0.0005462256338396332,0.001016041729454722,0.01547619810841741,0.31928958797732854,40.631114899753825,1.2408823319259663,0.3783551528934472,10.365894599820471,1.2053572751741157,36.636999245413854,14.142796906197006,0.0,0.7408439046982069,20.29709327940293,3.3018331671856473,100.35967073512606,46.56334148656403,0.000333667000333667,0.6440964654354606,17.646478505081113,2.7107127317789006,82.3924842485988,62.41180466495187,0.0
tripod_r25_nopc_04,tripod_r25_nopc,,common,4,5329.81,0.95,0.8,0.1,0.02,1.0,False,"{""angle_deg"": 25.0, ""type"": ""ramp""}",,,25.0,,-5.45,-1.4,0.26130913087034974,-5.441364974366611,-1.401831773215966,-1.3079819087070195,35550,42439,3951,80,tripod,0.025,1976,True,False,,38.07999999999993,64.0,38.07999999999993,0.8003541342943401,0.021017703106469054,0.8407081242587622,0.0036497897667402447,0.31501286861618355,0.5081786164979234,24.995128291082526,24.997082917863633,0.3750388035998736,0.50602788324197,-24.99512826860556,24.997082917863633,0.6066044384966915,0.12776968359071994,0.2010919848971163,0.48485066051717246,-1.0837252355565297e-09,7.454471712604301e-10,0.05664537008854985,0.07117830047373762,0.05733875480041197,0.0,0.09762625070485831,0.056449513632329036,3.146981627296588,3.364304461942257,3.0,243,0.0004889517269537584,0.0009690024663606776,0.0015321768698688708,0.29420120533836697,35.20593848173728,1.081554450772988,0.3774041504654086,10.339839738778318,3.2868026810865656,99.9028170543029,12.44776352057885,8.748906386701662e-05,0.6696278536839341,18.345968594080386,3.2825456948475233,99.77342537530465,50.18960598115572,0.004374453193350831,0.5804418400857171,15.902516166731976,2.2133955619462844,67.27646084943113,57.109576106661905,0.0
tripod_r25_pc_04,tripod_r25_pc,,common,4,5379.952,0.95,0.8,0.1,0.02,1.0,True,"{""angle_deg"": 25.0, ""type"": ""ramp""}",,,25.0,,-5.45,-1.4,0.26130913087034974,-5.442311814310427,-1.4012862238671637,-1.1308819614431873,35622,42758,3959,80,tripod,0.025,1980,True,False,,38.14000000000033,64.0,38.14000000000033,0.8001824153064118,0.02098013674112231,0.8392054696448923,-0.003599847327223772,-0.6194154950718704,0.48173485205578687,16.68629020457306,16.74780225060345,0.3800799612429587,0.4786152332412463,-16.686278257968382,16.74780225060345,8.350832425770697,0.054441099130899916,0.06013535100209909,0.3565298304480184,0.23477742791487036,-8.294801138616261,0.06747018252111323,0.08381591021419381,0.06798998786120587,0.0,0.09947828509279952,0.06726491349556138,3.1551362683438153,3.4287211740041927,3.0,243,0.00028172415624158745,0.0007738261301456111,0.0012313560393006923,0.2349936855321491,37.88386335640452,1.1640723168015834,0.3816196251557299,10.455332196047394,1.121762728126692,34.096131554002795,14.169550151173926,0.0,0.7379054955936378,20.21658892037364,2.6959814693487183,81.94472551211909,46.37675010659056,0.0,0.637627304468306,17.46924121830975,3.150901552887481,95.77208367439151,62.14042536203521,0.0
