trial,condition,group,speed_label,rep,t_command,warmup_s,distance_m,stance_m,step_m,cadence_scale,posture_control,scenario,surface_mu,soft,slope_deg,obstacle_h_m,ground_x,ground_y,ground_z,start_x,start_y,start_yaw_deg,torque_msgs,contact_msgs,imu_msgs,snapshots,gait,speed_cmd_m_s,n_samples,success,fell,fall_reason,time_to_goal_s,time_limit_s,window_s,progress_m,speed_m_s,speed_ratio,lateral_drift_m,yaw_drift_deg,roll_rms_deg,pitch_rms_deg,tilt_max_deg,body_z_min_m,roll_mean_deg,pitch_mean_deg,pitch_abs_max_deg,tilt_rel_max_deg,att_err_roll_rms_deg,att_err_pitch_rms_deg,att_err_max_deg,posture_roll_mean_deg,posture_pitch_mean_deg,ssm_min_m,ssm_mean_m,ssm_p5_m,ssm_negative_frac,planned_ssm_min_m,ssm_contact_min_m,contact_feet_mean,support_feet_mean,stance_feet_planned_mean,stance_count,centre_slip_mean_m,slip_mean_m,slip_max_m,slip_per_m,energy_j,cot,qd_peak_coxa_rad_s,qd_peak_coxa_pct,tau_peak_coxa_nm,tau_peak_coxa_pct,tau_p95_coxa_pct,tau_sat_coxa_frac,qd_peak_femur_rad_s,qd_peak_femur_pct,tau_peak_femur_nm,tau_peak_femur_pct,tau_p95_femur_pct,tau_sat_femur_frac,qd_peak_tibia_rad_s,qd_peak_tibia_pct,tau_peak_tibia_nm,tau_peak_tibia_pct,tau_p95_tibia_pct,tau_sat_tibia_frac,start_height_mm,rtf
tripod_r00_nopc_01,tripod_r00_nopc,,common,1,16.058,0.95,0.5,0.1,0.02,1.0,False,"{""angle_deg"": 0.0, ""type"": ""ramp""}",,,0.0,,-5.45,-1.4,0.05,-5.459535514630027,-1.408060354263435,1.885354443565682,21348,26178,2372,48,tripod,0.025,1187,True,False,,22.3,40.0,22.3,0.500192678391431,0.022430164950288385,0.8972065980115354,0.0002930874618869324,-0.08537960756172963,0.001042672135716029,0.0005891262748263151,0.00512338440487359,0.16515829008565602,3.0405909284079066e-05,6.680428567575247e-05,0.0018198823551009834,0.00512338440487359,0.01026491559963134,0.006778444392712801,0.03788833519159805,0.0,0.0,0.09943271817867773,0.12974713985587197,0.10019245039536251,0.0,0.09760604249568527,0.09849700171700064,3.1559139784946235,3.8539426523297493,3.0,144,0.00037259581682571956,0.0005789771113571797,0.0009622136672558403,0.16668114773513812,25.310252238678736,1.2441657444378316,0.38009407430348974,10.41353628228739,1.3872332068852573,42.16514306642119,42.06636161787668,0.0,0.6664114302658024,18.25784740454253,2.5057162436374685,76.16158795250664,68.39272811766175,0.0,0.5783616969793384,15.845525944639409,2.204939579358875,67.01944010209347,65.28278107748797,0.0,116.31744766410183,0.973831468742485
tripod_r00_pc_01,tripod_r00_pc,,common,1,49.949000000000005,0.95,0.5,0.1,0.02,1.0,True,"{""angle_deg"": 0.0, ""type"": ""ramp""}",,,0.0,,-5.45,-1.4,0.05,-5.466323362314596,-1.3959959789613738,1.371363160870768,21319,25369,2369,48,tripod,0.025,1185,True,False,,22.300000000000004,40.0,22.300000000000004,0.5002673240619325,0.022433512289772754,0.8973404915909101,0.0003261825102515211,-0.06625098750109143,0.00640398447306074,0.008600557141477045,0.026091851310274392,0.1651626017718215,0.0014292609624440111,0.006915780299294642,0.018716090577842338,0.026091851310274392,0.010330320550110243,0.009923961532941032,0.03690907693026713,-0.001558130657684,-0.00682946152454967,0.09958568491015359,0.13007490907226651,0.10017080198988004,0.0,0.0976331558207671,0.09847676520729119,3.161290322580645,3.860215053763441,3.0,144,0.0003661078682840859,0.000583621570052982,0.0009627471151379011,0.1679931592196912,25.382913233716767,1.2475512834450153,0.37828707725354344,10.36402951379571,1.3818024985296515,42.0000759431505,41.8941116091819,0.0,0.6718389491176344,18.406546551168066,2.502720016411984,76.07051721616972,68.50849825680686,0.0,0.5799143244004936,15.888063682205306,2.205646345161614,67.04092234533782,65.41619161915335,0.0,116.3179822778912,0.9781631892681437
tripod_r05_nopc_01,tripod_r05_nopc,,common,1,83.93900000000001,0.95,0.5,0.1,0.02,1.0,False,"{""angle_deg"": 5.0, ""type"": ""ramp""}",,,5.0,,-5.45,-1.4,0.09357787137382909,-5.462483957065336,-1.4177941349066772,-1.3501837925637714,21348,26588,2372,48,tripod,0.025,1187,True,False,,22.319999999999993,40.0,22.319999999999993,0.5004503217749215,0.022421609398518,0.8968643759407199,0.0007028418393920047,0.03731080350054065,0.11285849824626092,4.998629937216881,5.000241386525864,0.20867439342184282,0.11280460640448202,-4.998629901589165,5.000241386525864,0.12064275957798336,0.011516301306910889,0.008247264176687712,0.034701496187404396,-4.068875161606206e-09,9.445733813143999e-10,0.09529642994261549,0.11477386958095376,0.09588822813927872,0.0,0.09763479933869953,0.09491715964134775,3.1584601611459266,3.487914055505819,3.0,144,0.00036097134618530034,0.0005741054669726773,0.0010250035818907153,0.1651934309707046,24.80692295376223,1.218795011391617,0.3789717998808358,10.382789037831119,1.215052577707558,36.93168929202304,36.83886107750819,0.0,0.6664316373090963,18.25840102216702,2.5014620819337603,76.0322821256462,65.54549825227178,0.0,0.5794480949363384,15.87529027222845,2.177721326511258,66.19213758392881,64.39944861125208,0.0,116.31876335842996,0.9717660679527121
tripod_r05_pc_01,tripod_r05_pc,,common,1,117.921,0.95,0.5,0.1,0.02,1.0,True,"{""angle_deg"": 5.0, ""type"": ""ramp""}",,,5.0,,-5.45,-1.4,0.09357787137382909,-5.443702679404977,-1.397509373488783,-2.0996264201679833,21402,25339,2378,48,tripod,0.025,1190,True,False,,22.379999999999995,40.0,22.379999999999995,0.5003149851620458,0.02235545063279919,0.8942180253119676,0.0003422286384258781,-0.07046495930435147,0.004608212905182257,0.010545839521413967,0.05500780307275699,0.21077480704822393,0.00044249681895113213,-0.001049915496981388,0.05500780307275699,5.013306312895711,0.008853871769866089,0.010526717831243752,0.03850278744843207,0.18207543194087877,-4.994934207410212,0.100057333158025,0.11910770636890926,0.10067456079608399,0.0,0.0987342563721908,0.0999253379342928,3.1580357142857145,3.5125,3.0,144,0.00039284314176403636,0.0005831456575213528,0.0009112951310734539,0.16784013227019984,26.4357121500953,1.2991714281488238,0.3794541498066631,10.396004104292139,1.5134517371402587,46.00157255745467,42.07627786300241,0.0,0.6818351742454503,18.680415732752063,2.482577793439935,75.458291593919,62.51070361436217,0.0,0.6125533876467174,16.78228459306075,2.3529779608190173,71.51908695498533,68.9745819369588,0.0,115.96560287759115,0.9719451820496637
tripod_r10_nopc_01,tripod_r10_nopc,,common,1,151.959,0.95,0.5,0.1,0.02,1.0,False,"{""angle_deg"": 10.0, ""type"": ""ramp""}",,,10.0,,-5.45,-1.4,0.13682408883346517,-5.452694768367809,-1.393228108057019,-0.46329196037923315,21353,26384,2373,48,tripod,0.025,1187,True,False,,22.30000000000001,40.0,22.30000000000001,0.5000392615964648,0.022423285273384063,0.8969314109353624,0.0005481933412325797,-0.012246952114462391,0.07301808366111574,9.999669688013501,10.00025111940123,0.25238304091255,0.07281004361214288,-9.999669670817374,10.00025111940123,0.08486758633901989,0.011940523292360573,0.007618578037482667,0.04189162998157581,1.5469024134187045e-10,-1.0611389703719698e-09,0.08665522047005039,0.10239136720702421,0.08724704480665957,0.0,0.0976347993385553,0.08631071406249784,3.1586021505376345,3.370967741935484,3.0,141,0.0003614871854096289,0.0006072157369582593,0.001105077628820279,0.17122127757047914,24.167512811339698,1.188356459035663,0.3774970196097969,10.342384098898545,1.0280812425038424,31.24866998491922,31.151752275934886,0.0,0.6676680742107658,18.292276005774404,2.473139129493626,75.17140211226827,62.50123499030781,0.0,0.574482797136981,15.739254716081671,2.137838616779912,64.97989716656267,63.55616352729414,0.0,116.31832768120759,0.9714357327986011
tripod_r10_pc_01,tripod_r10_pc,,common,1,186.002,0.95,0.5,0.1,0.02,1.0,True,"{""angle_deg"": 10.0, ""type"": ""ramp""}",,,10.0,,-5.45,-1.4,0.13682408883346517,-5.444672624029035,-1.3813025619002528,1.0983889338577517,21726,27112,2414,49,tripod,0.025,1208,True,False,,22.72,40.0,22.72,0.5000854417182446,0.022010802892528374,0.8804321157011349,0.000544301915835186,0.010208259958179774,0.03177543896494609,1.5253765459095883,1.5362690158731125,0.255507655310302,-0.03109305440237958,-1.525370591555659,1.5362690158731125,8.49180281173845,0.010316150723403087,0.008697520293516349,0.037271483263962395,-0.16328834323176863,-8.47050615504883,0.09820960167418058,0.11478689011346338,0.09855894029539355,0.0,0.09962418051700457,0.09792438180745039,3.1574318381706243,3.4142480211081794,3.0,144,0.0004092661202029945,0.0006138857174808824,0.0008752604431911296,0.17676868379801047,27.897298163166717,1.3716288853022351,0.3785139215392358,10.370244425732487,1.3186979356809372,40.082004124040644,39.60516070412532,0.0,0.7382086503152767,20.224894529185665,2.425673760200861,73.72868572039091,57.40968724993922,0.0,0.6366651395715357,17.44288053620646,2.3872968278052853,72.56221361110289,71.14433497826893,0.0,115.21279673522058,0.9712578056625604
tripod_r15_nopc_01,tripod_r15_nopc,,common,1,220.495,0.95,0.5,0.1,0.02,1.0,False,"{""angle_deg"": 15.0, ""type"": ""ramp""}",,,14.999999999999998,,-5.45,-1.4,0.17940952255126036,-5.454335006676799,-1.412509897211196,-0.9242360065696015,21366,25506,2374,48,tripod,0.025,1188,True,False,,22.319999999999993,40.0,22.319999999999993,0.5002367887827408,0.02241204250818732,0.8964817003274927,0.0012901151705498118,0.12910074397514412,0.2380183257790077,14.998075182006954,14.99924581605592,0.2931893585975176,0.23786636216348978,-14.99807517030299,14.99924581605592,0.2573167554074897,0.06475340323927002,0.036932915614380515,0.41754145832568434,1.0119527986555235e-09,-2.3785499008772223e-09,0.07724371877587301,0.09278166424983493,0.07797077727591588,0.0,0.09763479933840986,0.07693552342930296,3.1584601611459266,3.3733213965980307,3.0,144,0.0003925817433022548,0.000621793846297258,0.0011396228221967385,0.17899126593231307,23.434174909237964,1.1518389662169704,0.3809901461177354,10.43808619500645,3.2935887453853305,100.10908040684895,25.50815989521342,0.000596836765144733,0.6671426763736691,18.27788154448408,3.2906767141132836,100.02056881803294,58.70160847573972,0.0004476275738585497,0.5763166399146733,15.789496983963652,3.2594868088832585,99.07254738246986,62.0051533594868,0.00014920919128618324,116.31884137258093,0.9711120006472506
tripod_r15_pc_01,tripod_r15_pc,,common,1,254.55900000000003,0.95,0.5,0.1,0.02,1.0,True,"{""angle_deg"": 15.0, ""type"": ""ramp""}",,,14.999999999999998,,-5.45,-1.4,0.17940952255126036,-5.449557361057217,-1.3843516236199767,1.653383654836137,21752,27578,2417,49,tripod,0.025,1209,True,False,,22.73999999999998,40.0,22.73999999999998,0.5002699354115471,0.02199955740596075,0.8799822962384299,0.0012611496438473084,0.048712014724718394,0.19584257265593455,6.597667927411578,6.6519215408635315,0.29746341460492887,-0.19432003692474248,-6.597641376005949,6.6519215408635315,8.458178962486192,0.053588806345505086,0.09335163304807943,0.3943684415982795,-0.26328938553278014,-8.390275110869721,0.08879136949171591,0.10538165963252555,0.08914683363164337,0.0,0.09962471793348661,0.08854534497739208,3.156414762741652,3.4200351493848857,3.0,144,0.000403697712605845,0.0006412841437704359,0.0009201689256538814,0.1845895645045539,27.069553912884174,1.3304373290584597,0.37904325721907933,10.38474677312546,1.1310362788513837,34.37800239669859,33.79362218871438,0.0,0.7380220412678467,20.21978195254374,2.8378527200198485,86.25692158115041,54.13584496954854,0.0,0.6382808962017832,17.487147841144743,2.8651574259436527,87.08685185239067,68.72777325835717,0.0,115.24061851032455,0.9711624863916746
tripod_r20_nopc_01,tripod_r20_nopc,,common,1,289.18,0.95,0.5,0.1,0.02,1.0,False,"{""angle_deg"": 20.0, ""type"": ""ramp""}",,,20.0,,-5.45,-1.4,0.22101007166283437,-5.457274135975386,-1.383031324139727,-0.17454068750545493,21420,25884,2380,48,tripod,0.025,1191,True,False,,22.400000000000034,40.0,22.400000000000034,0.5003231651488628,0.022335855587002768,0.8934342234801107,0.0006524914540884249,-0.014948227010127163,0.05418654962858624,19.99987012696857,20.00043002353009,0.3313294767656472,0.05347435098656879,-19.99987011840364,20.00043002353009,0.07325986390702469,0.014298317950358633,0.04803103244605032,0.08446844497381055,-5.385930658483433e-10,-5.640499467557523e-09,0.06757411647872984,0.08277357587396902,0.0681522277312531,0.0,0.09763479933825739,0.06730336664227016,3.1570026761819805,3.385370205173952,3.0,144,0.00032744860514717265,0.0006386197915120568,0.0011814045405288943,0.18380338982976765,22.77369640234975,1.1191836296995736,0.3790699775829557,10.385478837889197,0.64855740451252,19.71299101861763,19.59700596652754,0.0,0.6650471725489036,18.220470480791878,2.3685973502556803,71.99384043330335,55.1041216392464,0.0,0.5754393792661227,15.765462445647197,2.012350259562895,61.16566138489042,60.010770755205954,0.0,116.31745637888054,0.9698930615352491
tripod_r20_pc_01,tripod_r20_pc,,common,1,323.16,0.95,0.5,0.1,0.02,1.0,True,"{""angle_deg"": 20.0, ""type"": ""ramp""}",,,20.0,,-5.45,-1.4,0.22101007166283437,-5.442249646311911,-1.4157117076618564,-2.372738649402351,21888,26379,2432,49,tripod,0.025,1217,True,False,,22.899999999999977,40.0,22.899999999999977,0.5002507171218923,0.021845009481305362,0.8738003792522144,0.001182926635738251,0.28185742841497624,0.46215806334379905,11.779078255203066,11.84064544959656,0.341353292916297,0.4608446042599318,-11.779046589998543,11.84064544959656,8.268810022129824,0.10878694160307346,0.27783657972838444,0.8571204695963064,0.36651881011789333,-8.197442483364501,0.0779835072309708,0.09459685673735194,0.07850784577407648,0.0,0.09944012793631367,0.07771658649606072,3.1448516579406633,3.418848167539267,3.0,147,0.000319626384870252,0.000633598836867937,0.0010141134794704862,0.1861840977990052,26.48914120867427,1.3019608598679016,0.3787758342673364,10.377420116913328,3.2924875421279136,100.07560918321926,27.68756877772295,0.0008726003490401396,0.7404398375724422,20.286022947190197,3.2776325015000243,99.6240881914901,51.77316169850772,0.0015997673065735892,0.6438068936982425,17.638545032828564,3.2822997083000423,99.7659485805484,67.3010681227082,0.00029086678301337986,115.28940408835162,0.971191997603917
tripod_r25_nopc_01,tripod_r25_nopc,,common,1,357.773,0.95,0.5,0.1,0.02,1.0,False,"{""angle_deg"": 25.0, ""type"": ""ramp""}",,,25.0,,-5.45,-1.4,0.26130913087034974,-5.461923702098822,-1.3846220130524682,1.0788687689075016,22734,27311,2526,51,tripod,0.025,1264,True,False,,23.819999999999993,40.0,23.819999999999993,0.5000814912618929,0.020994185191515243,0.8397674076606096,0.00047658889554868036,-0.0780748807871909,0.4943042809956832,24.995359709480297,24.997613187197928,0.36612798927121804,-0.4939102946871347,-24.99535969987551,24.997613187197928,0.5307066881365079,0.0169222858654226,0.039411067715662565,0.30904949060751763,6.391872886073374e-10,-7.1823994725394534e-09,0.05722573443492008,0.07151333090558006,0.05775787452660841,0.0,0.09763479933831627,0.05701587032035081,3.1568791946308723,3.37751677852349,3.0,153,0.0005155761558794055,0.0009854717802831219,0.0015452288240947723,0.30150508309264684,21.649760151608398,1.0644647294340475,0.37757756626610856,10.344590856605715,0.6567121045954168,19.96085424302179,12.130841852564616,0.0,0.6635565074145224,18.1796303401239,2.290714535817117,69.62658163577863,50.19514355106341,0.0,0.5767114939284763,15.800314902150037,1.9591363320836581,59.5482167806583,57.34390326647083,0.0,116.31867342677883,0.9707447308152403
tripod_r25_pc_01,tripod_r25_pc,,common,1,393.452,0.95,0.5,0.1,0.02,1.0,True,"{""angle_deg"": 25.0, ""type"": ""ramp""}",,,25.0,,-5.45,-1.4,0.26130913087034974,-5.436030547055423,-1.3942225492317792,-0.5607456139467812,22734,26572,2527,51,tripod,0.025,1264,True,False,,23.819999999999993,40.0,23.819999999999993,0.5001207616194137,0.02099583382113408,0.8398333528453631,-0.00035047793241129626,-0.22637618735028547,0.18200355624641085,16.586083264408785,16.629274692180264,0.3826754375005463,0.17957927712868535,-16.586078173629467,16.629274692180264,8.45518975905076,0.05931938726541161,0.09400288483885642,0.5380454810981596,0.0914738997510098,-8.403048997359097,0.06802515214176925,0.0841421136207291,0.06852567349183743,0.0,0.09955397574182093,0.06782940787171284,3.151006711409396,3.436241610738255,3.0,153,0.00027803080539865854,0.0007577027060814138,0.001200533012101264,0.23180096405512213,23.699653530310997,1.165161530124525,0.38008905030298407,10.41339863843792,0.737637409736976,22.42058996161021,14.1021452381243,0.0,0.7405693559349865,20.289571395479083,2.7178191087420758,82.60848354839136,46.191032722668176,0.0,0.6423828525056158,17.599530205633307,2.645939167188667,80.42368289327256,62.27013319650394,0.0,115.23930005137429,0.9713815000788225
ripple_r00_nopc_01,ripple_r00_nopc,,common,1,428.956,1.3,0.5,0.1,0.02,1.0,False,"{""angle_deg"": 0.0, ""type"": ""ramp""}",,,0.0,,-5.45,-1.4,0.05,-5.449336872235,-1.3962622592897636,2.172707909445769,19224,20386,2136,43,ripple,0.025,1069,True,False,,19.680000000000007,40.0,19.680000000000007,0.500493455588056,0.025431578027848366,1.0172631211139345,-0.0004450110879612862,-0.06667498665475612,0.06918509542622456,0.05900354268146877,0.21532811021677145,0.16622005992401986,-0.004994062096659489,0.010449337073982384,0.18520691104098042,0.21532811021677145,0.18560153025867696,0.44229164990101616,1.0428337094605877,1.480699658673153e-10,-5.332027560048177e-09,0.1023415211951523,0.11204291459278277,0.10324697527845503,0.0,0.1003646654504506,-0.004157902565487221,2.7248730964467005,4.389847715736041,4.0,92,0.0006050746970270997,0.00033157447530895377,0.0006588557261188332,0.06094952757045168,20.994228444098628,1.031384297874417,0.634712188471556,17.389375026617973,2.4383897148095866,74.11518889998743,39.858531716132944,0.0,0.7317311358914659,20.047428380588105,3.291347487822507,100.04095707667194,67.19369363257658,0.013028764805414551,0.7807306763659727,21.389881544273226,2.8656483963475052,87.10177496496976,83.08304372662876,0.0,116.31817320876726,0.9811634068680263
ripple_r00_pc_01,ripple_r00_pc,,common,1,460.35900000000004,1.3,0.5,0.1,0.02,1.0,True,"{""angle_deg"": 0.0, ""type"": ""ramp""}",,,0.0,,-5.45,-1.4,0.05,-5.452472553353635,-1.3843103956013343,0.6823016304155234,19242,19733,2138,43,ripple,0.025,1070,True,False,,19.67999999999995,40.0,19.67999999999995,0.5002088296960974,0.025417115330086313,1.0166846132034524,0.000833032781883015,-0.017572499143796192,0.13377355929082674,0.24419278972398265,0.5231146815784945,0.1662076840075436,0.0330235026106138,-0.18730586821185796,0.5231146815784945,0.5231146815784945,0.17568612437531256,0.3225636877904144,0.8724651266275375,-0.02779966418140659,0.20331533762010515,0.10244286676332243,0.11239590799010189,0.10348308661857904,0.0,0.10024717416875005,-0.004319549666379017,2.7238578680203047,4.3776649746192895,4.0,93,0.000609365251333916,0.000351687732506525,0.0006458967829695591,0.06538651824158266,21.458802560282457,1.054806262163097,0.6392424711584926,17.513492360506646,3.2938387546126657,100.1166794715096,40.09932152377169,0.0008460236886632825,0.7386869693443779,20.237999160119944,3.2960150792487504,100.18282915649696,67.39945215581223,0.013705583756345178,0.793501601710058,21.739769909864602,3.29605602613788,100.1840737427927,81.6416451958234,0.0008460236886632825,116.31808327527997,0.9801354953158079
ripple_r05_nopc_01,ripple_r05_nopc,,common,1,491.77400000000006,1.3,0.5,0.1,0.02,1.0,False,"{""angle_deg"": 5.0, ""type"": ""ramp""}",,,5.0,,-5.45,-1.4,0.09357787137382909,-5.436825754967737,-1.40007775780331,1.1551087909798408,19350,22871,2150,44,ripple,0.025,1076,True,False,,19.80000000000001,40.0,19.80000000000001,0.5000699320102985,0.025256057172237282,1.0102422868894911,0.0011239817100623332,-0.05061957547947193,0.1267113700806742,5.026609847702718,5.191435317162573,0.2126106462563874,-0.09976051531560341,-5.026296532887351,5.191435317162573,0.326360169402873,0.1729162510368263,0.3111960499821909,0.6924860836298627,7.722613474831211e-10,-5.400193475226231e-10,0.0004366074544697735,0.0498953325371769,0.0012418653145717233,0.0,0.10036466545021,-0.00536894949843732,2.992936427850656,3.3148335015136228,4.0,126,0.0007365285374750855,0.00044154851756340424,0.0011393563126625204,0.11125438344914242,20.361525463676223,1.001146511392984,0.639693497346504,17.525849242369976,2.8549782864668014,86.77745551570825,35.18133338637876,0.0,0.7320143749813969,20.055188355654707,3.291115112761032,100.03389400489459,64.6393287515374,0.010763538513286243,0.7841197700982995,21.482733427350674,3.2826864057945895,99.77770230378692,77.44137154489978,0.0003363605785401951,116.31880414514107,0.9724852674149095
ripple_r05_pc_01,ripple_r05_pc,,common,1,523.3090000000001,1.3,0.5,0.1,0.02,1.0,True,"{""angle_deg"": 5.0, ""type"": ""ramp""}",,,5.0,,-5.45,-1.4,0.09357787137382909,-5.456438985014028,-1.3990868598430493,-1.7026596538859133,21492,23054,2389,48,ripple,0.025,1195,True,False,,22.100000000000023,40.0,22.100000000000023,0.5000437406671064,0.02262641360484642,0.9050565441938568,-0.001097035158609181,-0.19611558926607014,0.1584959500433083,0.20647236712369477,0.4727949564264491,0.21086056928268251,0.07715604365228862,-0.1452747027111996,0.4727949564264491,5.297140895093982,0.17981736080031546,0.22814333321697416,0.637623441532141,0.08583690136823317,-4.8936246439730295,-0.001006822742718375,0.07296034889414614,-4.404813241388322e-05,0.06057866184448463,0.10144501517007794,-0.003609839266496208,2.744122965641953,3.7649186256781193,4.0,118,0.000601473249809355,0.00038150713045664224,0.0015547058646929214,0.09002759010769554,20.939008626431644,1.0295945747254949,0.6327287866694956,17.335035251219058,3.0553740374143254,92.86851177551142,24.922946662847572,0.0,0.7487182587560778,20.51282900701583,3.290269584736593,100.00819406494203,68.11713353651272,0.0003013863773357444,0.8080476141267138,22.13829079799216,3.2936982779479194,100.1124096640705,77.47290553531717,0.0003013863773357444,115.96840940190752,0.973206550224362
ripple_r10_nopc_01,ripple_r10_nopc,,common,1,557.481,1.3,0.5,0.1,0.02,1.0,False,"{""angle_deg"": 10.0, ""type"": ""ramp""}",,,10.0,,-5.45,-1.4,0.13682408883346517,-5.465971855919261,-1.418455834803161,1.2116968583159369,19386,22500,2154,44,ripple,0.025,1078,True,False,,19.840000000000032,40.0,19.840000000000032,0.5002105767268697,0.025212226649539766,1.0084890659815906,-0.0002458687003168841,-0.02016582360535332,0.21940996635915222,10.027081477015221,10.194019777173494,0.2524471317987613,-0.20511402197339462,-10.026931805847465,10.194019777173494,0.42990753505059304,0.2449221439729554,0.24271315884614728,0.6387006292183048,-9.346753415717696e-11,-5.645058232929137e-10,0.00603042202259099,0.050376049787909064,0.006671849266016078,0.0,0.10036466544994813,0.00603042202259099,3.1067472306143,3.3192346424974826,4.0,93,0.001069136324456244,0.0006344571088775113,0.001109368020030726,0.11795932901578979,19.178967635481232,0.9427390023748828,0.6343505444280904,17.379466970632613,2.6325038290116116,80.01531395172071,29.884429016439277,0.0,0.7241088689188082,19.8385991484605,3.290536966008743,100.01632115528095,61.514673805224426,0.0003356831151393085,0.7859017638602264,21.531555174252777,3.282907361653375,99.78441828733662,71.78201132684201,0.0005035246727089627,116.31779635773478,0.9722175691870308
ripple_r10_pc_01,ripple_r10_pc,,common,1,589.048,1.3,0.5,0.1,0.02,1.0,True,"{""angle_deg"": 10.0, ""type"": ""ramp""}",,,10.0,,-5.45,-1.4,0.13682408883346517,-5.451742775164738,-1.3840906341162729,2.011099228153678,23058,26973,2563,52,ripple,0.025,1282,True,False,,23.819999999999936,40.0,23.819999999999936,0.5003131854391027,0.021003912067132834,0.8401564826853133,0.00391626726471727,-0.30606581788733095,0.23020481108679008,1.744502046206725,2.117450742202322,0.2556764638011423,-0.037195785850666935,-1.7325432606111413,2.117450742202322,8.726164433231977,0.21767855837397745,0.301731171352448,0.9198466454304087,-0.31228208831842325,-8.34734509970438,0.0022421032856857373,0.06283477989642387,0.003057733026354746,0.0,0.10237228091272237,-0.0062270770440529906,2.908557046979866,3.678691275167785,4.0,147,0.0005967906550948452,0.00044433899343383727,0.0020398915821280396,0.13054988111582982,21.999943227631206,1.0811487501117045,0.6372336014345016,17.45845483382196,2.450572035332848,74.48547219856681,41.230828825382275,0.0,0.8425823952464587,23.084449184834487,3.294552932618766,100.13838700968893,73.05009656549502,0.0019574944071588368,0.8224257632227461,22.53221269103414,3.2922936692317677,100.06971639002333,70.13411069514264,0.0008389261744966443,115.24481593483797,0.9733431460347255
ripple_r15_nopc_01,ripple_r15_nopc,,common,1,629.4490000000001,1.3,0.5,0.1,0.02,1.0,False,"{""angle_deg"": 15.0, ""type"": ""ramp""}",,,14.999999999999998,,-5.45,-1.4,0.17940952255126036,-5.454596194620768,-1.381052849211791,0.5523720664701879,19404,23297,2157,44,ripple,0.025,1080,True,False,,19.860000000000014,40.0,19.860000000000014,0.5002193700924621,0.02518727946084903,1.007491178433961,0.0005267537119830554,0.020760852297824716,0.1810898965763516,15.028003383217401,15.191351268280581,0.29522599257647963,-0.1642028740764605,-15.02790782020928,15.191351268280581,0.3911254035651472,0.26770719979390073,0.17274704118516793,0.7474889603195866,6.482509480602344e-14,-1.5185491504250548e-13,0.011340493077323346,0.051511360848324264,0.012180046060962558,0.0,0.10036466544967923,0.011340493077323346,3.125754527162978,3.3269617706237424,4.0,94,0.0010667835761881668,0.0006428374496889586,0.0011511642884725359,0.12080037229335032,17.993778443374968,0.8844652813057052,0.6400948147140871,17.536844238742116,1.467142434247061,44.59399496191675,24.41624652109998,0.0,0.7342738841056436,20.117092715223112,3.142701263352772,95.52283475236388,57.731684595745605,0.0,0.7845022275140097,21.493211712712597,3.2830012305487886,99.78727144525193,65.1444465414464,0.00033534540576794097,116.31902913568629,0.9702413762724131
ripple_r15_pc_01,ripple_r15_pc,,common,1,661.2180000000001,1.3,0.5,0.1,0.02,1.0,True,"{""angle_deg"": 15.0, ""type"": ""ramp""}",,,14.999999999999998,,-5.45,-1.4,0.17940952255126036,-5.439364667431389,-1.4037122256608157,-1.8229805281903684,23094,27265,2566,52,ripple,0.025,1284,True,False,,23.980000000000018,40.0,23.980000000000018,0.5003652701518859,0.020865941207334676,0.834637648293387,-0.002255709612038484,-0.4170379949315499,0.2839655532993816,6.810181236182698,7.119751180463364,0.3013546071557228,0.2086776366812748,-6.807421792048224,7.119751180463364,8.596292835602041,0.17136157312461053,0.25650357970310783,0.7275255486392987,0.26569352759316256,-8.275643590832843,0.007425142224442567,0.06513612677999184,0.00825830230070209,0.0,0.10221618077488628,-0.012190237208012647,3.046666666666667,3.6933333333333334,4.0,149,0.0006540970213175806,0.0005425791442767907,0.0013941315605800204,0.16156890251486095,22.043579379836537,1.083202608632592,0.6325349088510223,17.329723530164994,2.6419477380990384,80.30236286015314,36.49879521142009,0.0,0.8475199722962672,23.219725268390885,2.997329289221815,91.10423371494878,58.61808125635188,0.0,0.8200015762683722,22.46579661009239,2.6894647383259422,81.74664858133563,63.073538182597126,0.0,115.2779797641421,0.9723095324911167
ripple_r20_nopc_01,ripple_r20_nopc,,common,1,697.3580000000001,1.3,0.5,0.1,0.02,1.0,False,"{""angle_deg"": 20.0, ""type"": ""ramp""}",,,20.0,,-5.45,-1.4,0.22101007166283437,-5.463128919396727,-1.4127517509507603,0.6228331035746315,19440,22667,2160,44,ripple,0.025,1081,True,False,,19.899999999999977,40.0,19.899999999999977,0.5004626032734231,0.025148874536352946,1.0059549814541178,0.001226831474815197,0.018151693031747858,0.2664883118241404,20.028309592572576,20.191219617281945,0.33265411091312636,-0.2550403347554693,-20.028236948133262,20.191219617281945,0.4817197125440228,0.2800956958627915,0.07747001803816751,0.5982668898280904,4.5486523695339495e-10,-2.5821772983064935e-09,0.01702560897141778,0.05113368487994258,0.01774468355586404,0.0,0.10036466544941026,0.01702560897141778,3.1305220883534135,3.320281124497992,4.0,94,0.0010480368394174043,0.0006514006263713039,0.001231953429657232,0.12234975088391682,17.171995014173596,0.8436590879684555,0.6350929512931913,17.39980688474497,1.5367637943981896,46.71014572638874,22.58517540343693,0.0,0.7321800813342172,20.05972825573198,2.693686603565893,81.87497275276269,53.85278171506623,0.0,0.781364541218781,21.407247704624137,2.8351601310900296,86.17507997234134,59.82336039539289,0.0,116.31790679811299,0.9705982579387132
ripple_r20_pc_01,ripple_r20_pc,,common,1,729.0970000000001,1.3,0.5,0.1,0.02,1.0,True,"{""angle_deg"": 20.0, ""type"": ""ramp""}",,,20.0,,-5.45,-1.4,0.22101007166283437,-5.465494685795547,-1.419203570046503,1.9979817851305233,24930,30375,2770,56,ripple,0.025,1386,True,False,,25.940000000000055,40.0,25.940000000000055,0.5000291725393058,0.019276375194267722,0.7710550077707088,0.0052227736171124965,0.07666506370594629,0.46331322726532975,11.728282602686429,12.013682249721489,0.33311703961372874,-0.4263264994451092,-11.726761027936387,12.013682249721489,8.662858652039702,0.1723922223084848,0.5297526261127945,1.4700939123837211,-0.30897615861531097,-8.35252396436949,0.01306111775952405,0.07458290288904694,0.013917172260466855,0.0,0.10272556023711872,-0.017345513282332466,3.0808936825885977,3.7865947611710324,4.0,144,0.0012374255144873042,0.0013896899555116376,0.0027485633503214458,0.4001855040952606,24.24385890750797,1.1920702836306571,0.6376745643333241,17.470536009132168,3.2829160178890264,99.78468139480324,39.881765517218646,0.0008988186954288649,0.8475674663690216,23.221026475863606,3.2702713984142364,99.40034645635977,59.05129170386958,0.0008988186954288649,0.8277980432813009,22.67939844606304,3.282864586049246,99.78311811699835,56.72469327066901,0.002182845403184386,115.24702662456593,0.9705785725551038
ripple_r25_nopc_01,ripple_r25_nopc,,common,1,767.378,1.3,0.5,0.1,0.02,1.0,False,"{""angle_deg"": 25.0, ""type"": ""ramp""}",,,25.0,,-5.45,-1.4,0.26130913087034974,-5.466023555282694,-1.4019766185779294,-0.06900856149618373,19830,23055,2202,45,ripple,0.025,1102,True,False,,20.32000000000005,40.0,20.32000000000005,0.5002964096107168,0.024620886299739936,0.9848354519895974,0.0003115190073115707,-0.02539660583651034,0.07170820925099144,25.028759786510115,25.18960632219044,0.36792383144861157,0.019718871698706952,-25.028702608466542,25.18960632219044,0.25611243523769145,0.2594380798586646,0.16305249676568478,0.7821474378016944,-4.334681439283205e-10,-3.5360727665991833e-09,0.02268069191731755,0.05160923593785919,0.023547005873480555,0.0,0.10077122526237677,0.02268069191731755,3.1327433628318584,3.326450344149459,4.0,96,0.0009659359399003072,0.0006769680326478948,0.0013289464776982077,0.12990082830284766,16.032997196232795,0.7879640689101105,0.6364030685357306,17.435700507828237,1.4150842764739742,43.011680135987056,25.43339754599914,0.0,0.7289691627067405,19.971757882376455,2.4054201820066377,73.11307544093124,48.761930757363444,0.0,0.7810704853794778,21.399191380259666,2.18651228695966,66.459340029169,53.88855527654802,0.0,116.31865296972526,0.9702237206745146
ripple_r25_pc_01,ripple_r25_pc,,common,1,799.7080000000001,1.3,0.5,0.1,0.02,1.0,True,"{""angle_deg"": 25.0, ""type"": ""ramp""}",,,25.0,,-5.45,-1.4,0.26130913087034974,-5.445189103664657,-1.399839420703936,2.6240588623738086,27702,33724,3079,62,ripple,0.025,1540,True,False,,28.899999999999977,40.0,28.899999999999977,0.5000012782650854,0.017301082292909546,0.6920432917163818,0.010325115228846049,0.29618339243660147,0.7987245376913168,16.80386593227393,17.094622039840615,0.37779508708541376,-0.7813452032709417,-16.80281916915921,17.094622039840615,8.585955039867242,0.1600945800124531,0.2930425572100953,0.9127131421868209,-0.42842093143846804,-8.257039517058299,0.018311094846033837,0.08595164952680417,0.019200891029432454,0.0,0.10270593629228175,-0.02221691945212973,3.0802213001383127,3.939142461964039,4.0,158,0.0018750451960796188,0.0021566528687491145,0.0032897625119155394,0.6813552643050942,25.502107223868485,1.253809396295578,0.6360759928223169,17.426739529378544,2.9147271254152747,88.59352964788069,36.486650413734885,0.0,0.8421310096778754,23.072082456928094,3.0036467435113985,91.29625360217017,53.5211591034155,0.0,0.8126179960589077,22.26350674133994,3.2825006889546637,99.77205741503536,50.09397150456246,0.0012678653757491932,115.26742983933686,0.9691030396745169
wave_r00_nopc_01,wave_r00_nopc,,capped,1,846.138,2.4,0.5,0.1,0.02,1.0,False,"{""angle_deg"": 0.0, ""type"": ""ramp""}",,,0.0,,-5.45,-1.4,0.05,-5.439984136225469,-1.3970213400846814,0.7036328202316995,20358,23640,2262,46,wave,0.0245,1132,True,False,,19.840000000000032,40.816326530612244,19.840000000000032,0.5004819400568765,0.02522590423673769,1.0296287443566403,0.0026480889370888716,0.2999565175212011,0.04240484042261758,0.04956897609423064,0.2473678309198768,0.1662749976033008,-0.006052456313814245,0.015375571573300169,0.2473678309198768,0.2473678309198768,0.18229334289984003,0.22600056778990305,0.8793819777777936,3.3754292063890707e-15,-3.50855879139952e-14,0.09974432339450386,0.1377099675105266,0.10161610708502679,0.0,0.09835964853525227,-0.005853649495618163,2.97079556898288,5.2034239677744205,5.0,119,0.0006601951855747989,0.00039636165140820214,0.0019156228266115323,0.09424191469039712,15.237262984530085,0.7485686674624601,1.3689717563705717,37.50607551700196,2.1035523066014266,63.93776007907072,12.890498138400574,0.0,0.8720046110753337,23.89053728973517,3.2915367586699595,100.04670998996838,99.99695618975487,0.11379657603222558,1.4080176809595217,38.57582687560334,3.077293929168275,93.53476988353418,89.21900441133391,0.0,116.3177339176636,0.9754245445145509
wave_r00_pc_01,wave_r00_pc,,capped,1,878.9430000000001,2.4,0.5,0.1,0.02,1.0,True,"{""angle_deg"": 0.0, ""type"": ""ramp""}",,,0.0,,-5.45,-1.4,0.05,-5.449737940335721,-1.3814095276449858,-1.6402436198451797,20403,22990,2267,46,wave,0.0245,1134,True,False,,19.840000000000032,40.816326530612244,19.840000000000032,0.5002292617093227,0.02521316843292953,1.0291089156297768,0.0016040671587412396,0.3342544338564685,0.1549350537115299,0.20244829325413222,0.48738701909258975,0.16624465698357233,-0.05438477394562559,-0.12761132549081677,0.48738701909258975,0.48738701909258975,0.19464040150941306,0.2671428805890684,1.0517868756090256,0.04716709373107156,0.1404186634989788,0.09954393201507553,0.1373784407727429,0.10181113685296257,0.0,0.09824077619087292,-0.005700906550274643,2.8992950654582073,5.207452165156092,5.0,122,0.0006377689236534061,0.0003485662893821557,0.001761804069998061,0.08501075791681967,15.775561989158334,0.7754122990705945,1.3716800447297834,37.58027519807626,3.2871056838658683,99.91202686522396,13.097542167967411,0.00016784155756965425,0.8672274367421989,23.759655801156136,3.2932556450660924,100.09895577708487,99.98278881075694,0.09516616314199396,1.4337063363957185,39.27962565467722,3.2851702585571676,99.85319934824219,89.05440228661044,0.000671366230278617,116.31814001999281,0.9771383125778316
wave_r05_nopc_01,wave_r05_nopc,,capped,1,911.801,2.4,0.5,0.1,0.02,1.0,False,"{""angle_deg"": 5.0, ""type"": ""ramp""}",,,5.0,,-5.45,-1.4,0.09357787137382909,-5.4424389145140575,-1.3977961328440853,-2.7479292655878833,20538,23312,2282,46,wave,0.0245,1142,True,False,,20.0,40.816326530612244,20.0,0.5004978027419786,0.02502489013709893,1.0214240872285278,-0.0014302482891245527,-0.3333969438341595,0.2726994948513967,5.030886651238115,5.346935235434402,0.21367284674985595,0.26492771144320515,-5.0304241170106705,5.346935235434402,0.5548603389678273,0.1437888656384687,0.11740320038119599,0.5715742622151043,8.099748619456597e-11,-6.800189780872058e-11,-0.0008035328923842747,0.08260399001012733,0.00038131579490520434,0.029970029970029972,0.09835964853546716,-0.005026652641054515,3.086913086913087,4.699300699300699,5.0,122,0.0011070752341999304,0.0007892245595374981,0.0031487662502860114,0.1923784715088092,15.188982248808083,0.7461804971555899,1.372919873238402,37.61424310242197,3.2844334592921425,99.83080423380373,15.184027789086544,0.0008325008325008325,0.8710778918322419,23.86514772143129,3.291537943958723,100.04674601698245,97.83071327206761,0.04928404928404929,1.4191772373274607,38.88156814595783,3.2816116622336127,99.74503532624962,85.74523142972777,0.0001665001665001665,116.31856596113519,0.9723671901068264
wave_r05_pc_01,wave_r05_pc,,capped,1,944.801,2.4,0.5,0.1,0.02,1.0,True,"{""angle_deg"": 5.0, ""type"": ""ramp""}",,,5.0,,-5.45,-1.4,0.09357787137382909,-5.458154000008651,-1.3829133225839363,1.707389144579999,27450,32354,3050,62,wave,0.0245,1526,True,False,,27.579999999999927,40.816326530612244,27.579999999999927,0.5002531714273339,0.0181382585724197,0.7403370845885592,0.03914340727306487,5.6444153935458745,0.25252012769058324,0.4172312201451865,0.9686653897211412,0.21103212964646959,0.10040066928148297,-0.18092818684959416,0.9686653897211412,5.674220286709997,0.2363117112834278,0.3892393796743272,1.5394522772885293,-0.5708014716303466,-4.873592107133262,0.0005370898106746454,0.12851053301672788,0.10227875769312474,0.0,0.09940117704324031,-0.0049502787979233825,3.2905797101449274,5.105072463768116,5.0,154,0.0016769816366125612,0.001987916981590877,0.006988284672611283,0.6101027995371465,22.179554529957098,1.0868160514263574,1.384877553080418,37.94185076932653,3.2938139314904906,100.11592496931583,14.20892396514113,0.0010869565217391304,1.0180476864304138,27.891717436449692,3.296389228814018,100.19420148370875,96.54740646430004,0.04855072463768116,1.489950386094727,40.820558523143205,3.2955292080973377,100.16806103639325,99.70834090518295,0.051207729468599035,115.9601033718532,0.9695616684576862
wave_r10_nopc_01,wave_r10_nopc,,capped,1,985.8960000000001,2.4,0.5,0.1,0.02,1.0,False,"{""angle_deg"": 10.0, ""type"": ""ramp""}",,,10.0,,-5.45,-1.4,0.13682408883346517,-5.469486756258784,-1.40813494681349,-2.941167905720617,20556,23925,2284,46,wave,0.0245,1143,True,False,,20.040000000000077,40.816326530612244,20.040000000000077,0.5004911811100906,0.02497460983583277,1.0193718300339905,-0.0021556278926654106,-0.4184458816185434,0.5767848675901921,10.024199477322005,10.337892555147848,0.2548211297927443,0.5728741537922977,-10.023969751628895,10.337892555147848,0.8809591266676498,0.2626594702522348,0.3425220594743408,1.0968238213627073,5.966607540440447e-11,-4.01499013226212e-11,0.0036161701084012924,0.08036533354388259,0.005449651111341172,0.0,0.09835964853571313,0.0036161701084012924,3.153539381854437,4.688933200398804,5.0,103,0.0013921962930127996,0.0008915759724897456,0.002801261252731521,0.18348269286091645,14.656210873090291,0.7200131050199728,1.3807748097503227,37.829446842474596,2.5724685536073544,78.19053354429649,17.733928398381757,0.0,0.8790323875908563,24.08307911207826,3.29151955180595,100.04618698498328,89.09424033778798,0.005483549351944167,1.405280263437278,38.50082913526789,3.2837729590206393,99.8107282377094,79.35380878978857,0.00033233632436025255,116.31837720260884,0.9697610341906544
wave_r10_pc_01,wave_r10_pc,,capped,1,1019.1560000000001,2.4,0.5,0.1,0.02,1.0,True,"{""angle_deg"": 10.0, ""type"": ""ramp""}",,,10.0,,-5.45,-1.4,0.13682408883346517,-5.436901322280877,-1.4155852963076374,-2.6552689273510834,35423,40313,3935,79,wave,0.0245,1968,True,False,,36.340000000000146,40.816326530612244,36.340000000000146,0.5000937702901979,0.013761523673368076,0.5616948438109418,0.04477414636772971,7.010137482288839,0.3457259412895044,1.85719083202212,2.635463318863303,0.2578445448163531,0.048828256961897104,-1.8066262396757713,2.635463318863303,9.24701810177157,0.2517620910419423,0.6986721311947811,1.7337747412877005,-0.30184382943632965,-8.264870194068754,0.0031231259946080886,0.1325896325932198,0.09924872635991915,0.0,0.10003857923079192,-0.011495311967753039,3.046204620462046,5.145214521452146,5.0,213,0.0017813843732801546,0.001997352108859169,0.006787677140909476,0.8473228936617523,30.760205085298427,1.5063403268155469,1.3709446251166388,37.560126715524355,3.297158884820585,100.21759528330044,12.396711406438502,0.0014668133480014668,1.1551813453439161,31.648803982025104,3.2965318988520185,100.19853795902792,99.62387437168661,0.05372203887055372,1.53911849455561,42.16762998782493,3.2961416547041202,100.18667643477569,99.72847742386617,0.05344701136780345,115.27709156229002,0.971043142741402
wave_r15_nopc_01,wave_r15_nopc,,capped,1,1069.721,2.4,0.5,0.1,0.02,1.0,False,"{""angle_deg"": 15.0, ""type"": ""ramp""}",,,14.999999999999998,,-5.45,-1.4,0.17940952255126036,-5.430724666272196,-1.4021652048233915,-1.0896420056179439,20574,24175,2286,46,wave,0.0245,1144,True,False,,20.039999999999964,40.816326530612244,20.039999999999964,0.5000095804822701,0.024950577868376796,1.0183909334031345,-0.0008515202630273808,-0.34153760166380437,0.4037561045701435,15.031553697367611,15.347853346098338,0.30469066293483593,0.3981322595610989,-15.03141118015073,15.347853346098338,0.7150874656191532,0.18241220581820675,0.2948033780563422,0.8273916155909748,2.2616019948441556e-11,-2.2366231117089756e-10,0.009056153055742188,0.07570096083671805,0.01101932530979639,0.0,0.09835964853600564,0.009056153055742188,3.1744765702891327,4.64506480558325,5.0,102,0.001342122712871527,0.0008797290338722332,0.0026643362705529652,0.17946102289142152,14.657204037478774,0.7207611121166383,1.3803459070467625,37.817696083472946,3.2844564863922203,99.83150414566019,21.13423109326519,0.001163177135260884,0.8745569174090841,23.96046349065984,3.2916772390424454,100.05097991010473,82.50615690819832,0.0026586905948820204,1.4090364140502576,38.60373737123993,3.26718870477745,99.30664756162463,74.20500105166214,0.00016616816218012627,116.31877370805603,0.9702171528670306
wave_r15_pc_01,wave_r15_pc,,capped,1,1102.941,2.4,0.5,0.1,0.02,1.0,True,"{""angle_deg"": 15.0, ""type"": ""ramp""}",,,14.999999999999998,,-5.45,-1.4,0.17940952255126036,-5.468039464417476,-1.404416188628047,-0.8037656564271705,35856,41773,3984,80,wave,0.0245,1993,True,False,,36.92000000000007,40.816326530612244,36.92000000000007,0.5002014490309328,0.013548251598887643,0.5529898611790874,0.05039079525152253,6.378070146979487,0.5543500898918523,6.848533028298474,7.628527702869156,0.2936436157290451,-0.4369309873156693,-6.83544386777287,7.628527702869156,9.19053870489646,0.2623007352436077,0.7848078587435477,1.9005967597071578,-0.44939838297248846,-8.203928317080907,0.08924609138028244,0.13117480427501912,0.09041865919876761,0.0,0.10013163475888964,-0.018773646077796025,3.100162425554954,5.15592853275582,5.0,202,0.0020284785631470115,0.0022854195498535493,0.008357401650787698,0.9182896200167349,30.83377923677343,1.5080241543473893,1.3861412226530387,37.97647185350791,3.2962473843477804,100.18989010175625,15.524586329922775,0.000992600613607652,1.1812525425971088,32.363083358824895,3.293471099386691,100.10550454062891,93.01091314455115,0.00785056848944234,1.534827725239246,42.050074664088925,3.2986404613601024,100.26262800486633,99.78183865449104,0.05224688684353005,115.25003249485337,0.9712852640454672
wave_r20_nopc_01,wave_r20_nopc,,capped,1,1158.557,2.4,0.5,0.1,0.02,1.0,False,"{""angle_deg"": 20.0, ""type"": ""ramp""}",,,20.0,,-5.45,-1.4,0.22101007166283437,-5.449060768477781,-1.4197285813407405,-2.112222718258689,20610,24326,2290,46,wave,0.0245,1146,True,False,,20.09999999999991,40.816326530612244,20.09999999999991,0.5000451909085781,0.024877870194456735,1.015423273243132,-0.0009675649012490413,-0.3460010562627542,0.3977389397376133,20.032972163320185,20.349445545663325,0.34499968880278764,0.3913773378267563,-20.03286466759777,20.349445545663325,0.7225367507350535,0.1264574117561194,0.24139009983961163,1.1385396796703133,-2.6795414455249194e-15,-1.8627935540598567e-14,0.014459102764583637,0.07263867229145851,0.016468083504364087,0.0,0.0983596485362905,0.014459102764583637,3.1630218687872764,4.634194831013916,5.0,104,0.0012573255782673991,0.0008370060232449036,0.002539594605550608,0.17408119294323318,14.726367119447747,0.724110301540819,1.3710725133536135,37.56363050283873,1.643870024359669,49.96565423585619,25.516335515913795,0.0,0.8757004699147923,23.99179369629568,3.2901089541191886,100.00331167535528,74.52877301881055,0.0009940357852882703,1.4053330851621295,38.50227630581177,3.0788437624107616,93.58187727692284,67.9024556821377,0.0,116.31772052661482,0.9693977815639012
wave_r20_pc_01,wave_r20_pc,,capped,1,1191.755,2.4,0.5,0.1,0.02,1.0,True,"{""angle_deg"": 20.0, ""type"": ""ramp""}",,,20.0,,-5.45,-1.4,0.22101007166283437,-5.461604538970064,-1.402379819250052,-1.186179802140802,36216,41374,4023,81,wave,0.0245,2012,True,False,,37.24000000000001,40.816326530612244,37.24000000000001,0.5002726175664927,0.013433743758498725,0.5483160717754582,0.05245596359488407,5.649170985550675,0.9116832041131643,11.88762109571447,12.67206686340334,0.33652316955759926,-0.8113132662308284,-11.879525445707191,12.67206686340334,9.210033386678749,0.25477773338070303,0.8361427336783429,2.275639744113308,-0.5768165739064893,-8.13704603069961,0.07823931471079616,0.12874253062561677,0.08047235332701479,0.0,0.10022037164484429,-0.02720160114363422,3.1159420289855073,5.1760601180891035,5.0,219,0.0018314702601940696,0.002098690397791281,0.00811157786378888,0.9137162293787925,31.86112798699776,1.557396402536809,1.379431405979694,37.79264125971765,3.2962316052557754,100.1894104940965,20.952945612540773,0.0011629987475398104,1.1651453632966389,31.92179077525038,3.2934881171867847,100.10602179899041,86.77904275734906,0.007156915369475756,1.5361132438691556,42.0852943525796,3.299091839926961,100.27634771814472,99.78080254227763,0.05188763642869923,115.25841927645448,0.9697921991810212
wave_r25_nopc_01,wave_r25_nopc,,capped,1,1243.0600000000002,2.4,0.5,0.1,0.02,1.0,False,"{""angle_deg"": 25.0, ""type"": ""ramp""}",,,25.0,,-5.45,-1.4,0.26130913087034974,-5.445466892940384,-1.4085826957784282,2.4577980605065193,20718,24650,2302,47,wave,0.0245,1152,True,False,,20.180000000000064,40.816326530612244,20.180000000000064,0.5000292719198943,0.02477845747868646,1.0113656113749574,-0.0007902195212430956,-0.3601672738008107,0.8438099731531098,25.02439376734452,25.341046822387316,0.3820122145551965,-0.840260588161832,-25.024305738814448,25.341046822387316,1.116626068720434,0.13075351952458214,0.38289016355945127,1.4180579598655696,-2.419473929412681e-11,-4.311119811334955e-10,0.021715060550891355,0.0706507305292399,0.023023671694478904,0.0,0.09835964853659115,0.02050534995659306,3.1683168316831685,4.646534653465347,5.0,104,0.001241991159531918,0.0008412965243016085,0.0023890533391125054,0.1749792101437063,15.138400534310774,0.7443945433027147,1.3801768423031635,37.81306417268941,2.6939791036949305,81.88386333419241,30.68848871139116,0.0,0.881035686715913,24.137964019614056,3.291672389417511,100.0508325050915,65.78736021880017,0.0016501650165016502,1.409066326738893,38.60455689695598,3.1117898417758023,94.5832778655259,64.08154646722608,0.0,116.31866770081946,0.9670707297214765
wave_r25_pc_01,wave_r25_pc,,capped,1,1276.3000000000002,2.4,0.5,0.1,0.02,1.0,True,"{""angle_deg"": 25.0, ""type"": ""ramp""}",,,25.0,,-5.45,-1.4,0.26130913087034974,-5.431525201672077,-1.4176226053825638,-1.7456416850701253,37530,44546,4170,84,wave,0.0245,2086,True,False,,38.559999999999945,40.816326530612244,38.559999999999945,0.5000127253408135,0.012967134993278378,0.5292708160521786,0.06490951433880848,8.21075461321266,1.125067713044983,16.821161151323455,17.5559377534635,0.38368961211745295,-0.8742917753233296,-16.815554547260053,17.5559377534635,9.185945239932273,0.24048794783499644,0.9035105187154425,2.6161879288956396,-0.42543086219147574,-8.20702379718979,0.06709042309153124,0.1235165209788176,0.06949067968640331,0.0,0.10010030134279771,-0.024691726872820625,3.123898392949715,5.191809227579056,5.0,213,0.002258650796735983,0.002591905431727418,0.011581315262678674,1.0949357887960485,34.55988304844395,1.685315952149803,1.38217428046424,37.86778850586959,3.2765370815581965,99.59079275252876,26.23812793298384,0.0007776049766718507,1.1902894794133279,32.6106706688583,3.2934978194889686,100.10631670179235,79.70154705934084,0.003196820459650942,1.537534974847643,42.12424588623679,3.3004182411536904,100.31666386485381,79.618498647259,0.044582685329186106,115.27220546650315,0.9687602112430894
tripod_r00_nopc_02,tripod_r00_nopc,,common,2,1329.431,0.95,0.5,0.1,0.02,1.0,False,"{""angle_deg"": 0.0, ""type"": ""ramp""}",,,0.0,,-5.45,-1.4,0.05,-5.447479072669764,-1.3891735908206406,-2.615854612053713,21348,24855,2373,48,tripod,0.025,1187,True,False,,22.319999999999936,40.0,22.319999999999936,0.5004055382382481,0.02241960296766351,0.8967841187065403,0.001193531305701899,0.1018724144171127,0.001147266254992233,0.0005986987709289697,0.006177881138661552,0.1651712318055405,-3.057668046020654e-05,6.510077493136978e-05,0.002154567081926905,0.006177881138661552,0.07192934054113707,0.07758412463490176,0.5435147563829519,-1.3519149392922724e-09,-9.735240580562873e-09,0.09941153260216096,0.12826225713065442,0.10013072135612207,0.0,0.09762456529454626,0.09849108856258616,3.146821844225604,3.8039391226499553,3.0,144,0.00033246498756584625,0.0005772917555765947,0.0009561833187771974,0.16612481276726915,25.984460499338446,1.2767607781371215,0.3789029521770046,10.38090279936999,2.0576462261070887,62.54243848349814,42.485501686402564,0.0,0.666171411716429,18.251271553874766,3.282589983295603,99.77477152874174,68.2865570387782,0.005222321695016413,0.5799875802774546,15.890070692533001,3.1400169270837304,95.4412439843079,65.07238789943914,0.0,116.3181732800181,0.959773652637482
tripod_r00_pc_02,tripod_r00_pc,,common,2,1363.621,0.95,0.5,0.1,0.02,1.0,True,"{""angle_deg"": 0.0, ""type"": ""ramp""}",,,0.0,,-5.45,-1.4,0.05,-5.462607892622805,-1.4017311951323723,1.01214455130104,21312,25011,2368,48,tripod,0.025,1185,True,False,,22.279999999999973,40.0,22.279999999999973,0.5003009342386003,0.022455158628303454,0.8982063451321382,0.0008556274121250262,-0.017518522428478366,0.025716715440576216,0.047895441842405094,0.26425524879189005,0.16516491913552592,-0.006751357475387704,0.00731602905642695,0.26425524879189005,0.26425524879189005,0.044453032091076435,0.035157074138123995,0.4413440639630572,0.006891385542162682,-0.008644257758613721,0.0993870857122573,0.128561728110003,0.10010600831715046,0.0,0.09758833244559319,0.0984847276518837,3.1443946188340806,3.8125560538116594,3.0,144,0.00036567366129775647,0.0005694258122019011,0.0009508111080940536,0.16389575039736828,25.483636547773767,1.2524160509978275,0.3791061085643916,10.38646872779155,2.0705405550225677,62.93436337454613,41.791072303888974,0.0,0.6720151876730925,18.41137500474226,3.282621845869053,99.77573999601984,68.6403300098498,0.004484304932735426,0.581705173724303,15.937128047241178,3.1391143890492534,95.41381121730252,65.52963450048286,0.0,116.31793962269431,0.9724884194119912
tripod_r05_nopc_02,tripod_r05_nopc,,common,2,1397.517,0.95,0.5,0.1,0.02,1.0,False,"{""angle_deg"": 5.0, ""type"": ""ramp""}",,,5.0,,-5.45,-1.4,0.09357787137382909,-5.433866882920448,-1.3853210814583379,1.762532492509546,21348,24721,2372,48,tripod,0.025,1187,True,False,,22.299999999999955,40.0,22.299999999999955,0.5000640039960896,0.02242439479803097,0.8969757919212388,0.0006579691088818458,-0.05654386794609861,0.15273818835894007,4.997576406238152,4.998124769464593,0.21153500954019663,-0.15271047449371775,-4.997576370496821,4.998124769464593,0.15847493368309606,0.064856326585255,0.030782517633497077,0.40440194181984523,1.715622096109222e-09,1.0383781708939688e-09,0.0953847142189948,0.1143655091381422,0.0958435814603564,0.0,0.09762456529378036,0.09501801985045945,3.1460573476702507,3.474910394265233,3.0,144,0.0003524280261323917,0.000579320229280092,0.0010257677880449042,0.16682272539991055,25.098109650689402,1.2340541300410717,0.3807906350099262,10.432620137258253,2.1214339093169823,64.48127383942196,36.83228478830704,0.0,0.6688954643590046,18.325903133123415,3.2828300182403547,99.78206742371898,65.82893538721572,0.005973715651135006,0.5849109608246306,16.024957830811797,3.2432714723491585,98.57968001061272,64.58834366906865,0.00014934289127837514,116.31820670053418,0.9687872652597059
tripod_r05_pc_02,tripod_r05_pc,,common,2,1431.5600000000002,0.95,0.5,0.1,0.02,1.0,True,"{""angle_deg"": 5.0, ""type"": ""ramp""}",,,5.0,,-5.45,-1.4,0.09357787137382909,-5.4678907142649384,-1.3809345402683124,0.6877676949069409,21420,26425,2379,48,tripod,0.025,1190,True,False,,22.38000000000011,40.0,22.38000000000011,0.5004435877645808,0.022361196951053545,0.8944478780421418,0.0007209348558306263,0.016123405452081695,0.06291306105193872,0.061108296009324825,0.163061604713359,0.2090263834238224,0.05000245735293353,-0.04636867856818097,0.163061604713359,5.047711564697495,0.08379273837444222,0.08911784649169746,0.3934825309217829,-0.11000371364168858,-4.952428133338387,0.1002768415584499,0.11933584639825093,0.1008654475651133,0.0,0.09875650661231877,0.09997027337131084,3.15,3.517857142857143,3.0,144,0.00040410880256322375,0.0005932044593879404,0.000962616479066238,0.17069127202151735,26.646444289361934,1.309190519948657,0.37879547254040935,10.377958151792038,2.0206138020893034,61.41683289025238,41.407967418416185,0.0,0.6847699068834899,18.760819366670958,3.3050143737806574,100.45636394470084,62.52872886957577,0.003273809523809524,0.613735969966929,16.814684108682986,2.343345759938401,71.2263148917447,68.87138438676585,0.0,115.96809424894283,0.9676130115094684
tripod_r10_nopc_02,tripod_r10_nopc,,common,2,1465.518,0.95,0.5,0.1,0.02,1.0,False,"{""angle_deg"": 10.0, ""type"": ""ramp""}",,,10.0,,-5.45,-1.4,0.13682408883346517,-5.466555367391942,-1.4098028489844092,0.7245245073977453,21348,25260,2372,48,tripod,0.025,1187,True,False,,22.299999999999955,40.0,22.299999999999955,0.5000268932837735,0.022422730640528004,0.8969092256211201,0.0008966053052095512,0.008886329307893301,0.1261851324303847,9.99914833596957,9.999659316492602,0.2503269143604349,-0.1260935043991987,-9.999148318345046,9.999659316492602,0.13400368220091222,0.05217672503986024,0.07709359835607459,0.41543113937952597,-7.705157457321565e-11,-2.1567828392610476e-09,0.08672148327331426,0.10248577728699036,0.08723082756639979,0.0,0.09762456529300709,0.08640617307512236,3.149641577060932,3.3754480286738353,3.0,144,0.00037022920735493674,0.0005961705760220009,0.0011010602208246355,0.17168761495507898,24.45641275652455,1.2025907657119894,0.3791109056324024,10.386600154312395,2.1928360177120347,66.6515506903354,31.141785723408262,0.0,0.6682183828529138,18.30735295487435,3.282589236403105,99.7747488268421,62.75361271754802,0.005675029868578256,0.5804631189310359,15.903099148795503,2.3351243516957734,70.97642406370132,63.581928376951524,0.0,116.3178237190123,0.9704934961593141
tripod_r10_pc_02,tripod_r10_pc,,common,2,1499.351,0.95,0.5,0.1,0.02,1.0,True,"{""angle_deg"": 10.0, ""type"": ""ramp""}",,,10.0,,-5.45,-1.4,0.13682408883346517,-5.454574395324655,-1.4021358609803782,1.827510393592498,21726,25053,2415,49,tripod,0.025,1208,True,False,,22.720000000000027,40.0,22.720000000000027,0.5002613838538387,0.02201854682455273,0.8807418729821093,0.0010089538610844658,0.05419515179327394,0.05241177731029344,1.6084241931575822,1.6711287789216376,0.2539014512318319,-0.04512956770169169,-1.6082929293315507,1.6711287789216376,8.434793867321469,0.04367426347505198,0.06608103934158532,0.3754321507718139,-0.27390645088349114,-8.384126939705737,0.09806719892764328,0.11466529644541029,0.09842992406336865,0.0,0.09961528120676026,0.0977682041001237,3.156552330694811,3.4160070360598067,3.0,147,0.00040211179243169,0.0006095738678155313,0.0008980029542078915,0.1791207046899634,27.876031099298473,1.370099871210867,0.3791929434703874,10.388847766311985,1.3235913635387158,40.23074053309166,39.519390024796294,0.0,0.7376484774196241,20.209547326565044,2.4351497349000675,74.01670926747926,57.448299381186914,0.0,0.6376143644315921,17.46888669675595,2.548839376149279,77.47232146350392,71.03467514356099,0.0,115.24798888269035,0.9721454842604742
tripod_r15_nopc_02,tripod_r15_nopc,,common,2,1533.8770000000002,0.95,0.5,0.1,0.02,1.0,False,"{""angle_deg"": 15.0, ""type"": ""ramp""}",,,14.999999999999998,,-5.45,-1.4,0.17940952255126036,-5.437038760903409,-1.3981285207927876,1.7547066243266685,21366,25127,2374,48,tripod,0.025,1188,True,False,,22.320000000000164,40.0,22.320000000000164,0.500215710353353,0.022411098134110633,0.8964439253644253,0.0005570310476082554,-0.03691862337383173,0.46277399579040673,14.992944093253051,14.993661639483998,0.2985151146029547,-0.4627126267413218,-14.992944079896766,14.993661639483998,0.478696504692047,0.07017515312129,0.12810769601204572,0.44426618005134877,-2.2990142142476956e-10,-2.045674966377327e-09,0.07733014252232866,0.09284425563178968,0.07790388597956087,0.0,0.09762456529224227,0.07703954610516707,3.155774395702775,3.376007162041182,3.0,144,0.0003405944752311481,0.000632514561190595,0.0011525897777136026,0.18208552281189969,23.948993150277822,1.1771961380085667,0.37764271591349,10.346375778451781,2.2584696641821997,68.64649435204255,25.607324470672086,0.0,0.6681545860562204,18.305605097430696,3.2825669378842903,99.77407106031278,58.98037075463094,0.006117576842733513,0.5789364198045935,15.861271775468317,3.2909281888780635,100.02821242790466,62.18395590670253,0.00014920919128618324,116.31881412763096,0.9708877063809064
tripod_r15_pc_02,tripod_r15_pc,,common,2,1567.952,0.95,0.5,0.1,0.02,1.0,True,"{""angle_deg"": 15.0, ""type"": ""ramp""}",,,14.999999999999998,,-5.45,-1.4,0.17940952255126036,-5.453759802836278,-1.3810207265072636,0.6309549925562152,21744,24630,2417,49,tripod,0.025,1209,True,False,,22.74000000000001,40.0,22.74000000000001,0.5002523479585699,0.021998783991142027,0.879951359645681,0.0005896619505986597,-0.0007199334774292867,0.0734345372740068,6.479588289954286,6.515025234820159,0.2964483337852147,-0.07030867260120878,-6.479578788494272,6.515025234820159,8.543720443764833,0.03948057270697429,0.044887729103536216,0.23133244571960754,-0.09977609021495935,-8.514842857892253,0.08898311258557569,0.10561516684592615,0.08934984248118495,0.0,0.09960621434022636,0.08873790487230862,3.1555360281195077,3.421792618629174,3.0,147,0.00040405941205092974,0.0006258848509617344,0.0009117905491520267,0.18391718902650286,27.136242281634345,1.3337653340759745,0.37890431462601465,10.380940126740127,1.12662540782577,34.243933368564434,33.924880820775016,0.0,0.7371500543210942,20.19589189920806,3.302297540690938,100.3737854313355,54.06120388130167,0.0005858230814294083,0.6383395728436736,17.48875542037462,2.5140076885766685,76.41360755552184,68.86902376533736,0.0,115.21305131874367,0.9725026788892834
tripod_r20_nopc_02,tripod_r20_nopc,,common,2,1607.2920000000001,0.95,0.5,0.1,0.02,1.0,False,"{""angle_deg"": 20.0, ""type"": ""ramp""}",,,20.0,,-5.45,-1.4,0.22101007166283437,-5.431292080692527,-1.418240492317744,2.2961559170562023,21420,26220,2381,48,tripod,0.025,1191,True,False,,22.40000000000009,40.0,22.40000000000009,0.5004376826785326,0.022340967976720114,0.8936387190688045,0.0006305712316915235,-0.060252306748600985,0.8205917899670998,19.983796009675046,19.984924242017023,0.3413543474887456,-0.8205200971140537,-19.983795996372763,19.984924242017023,0.8449223190002176,0.07338950438059813,0.14449166624171855,0.4373863286528342,-5.275763041261134e-14,-2.6092519757980224e-13,0.06726857397949651,0.08234264113066497,0.06791927010497076,0.0,0.09762456529144384,0.06700743882354139,3.1400535236396077,3.369313113291704,3.0,144,0.0003267396969629629,0.000637158562283013,0.0011842395930894542,0.18334102429641266,23.09702922913023,1.1348146481200454,0.38064500135930973,10.428630174227663,2.31837290409106,70.46726152252462,19.656773353548378,0.0,0.6708619954259503,18.379780696601376,3.2825573977758866,99.77378108741296,55.09039284000804,0.004014272970561998,0.5801101215948634,15.893427988900369,3.290996624891829,100.03029254990363,59.91724160386956,0.0001486767766874814,116.31763217306725,0.9698798135683353
tripod_r20_pc_02,tripod_r20_pc,,common,2,1641.3580000000002,0.95,0.5,0.1,0.02,1.0,True,"{""angle_deg"": 20.0, ""type"": ""ramp""}",,,20.0,,-5.45,-1.4,0.22101007166283437,-5.447624912498205,-1.391454438761648,-1.8444301477258798,21852,26780,2428,49,tripod,0.025,1215,True,False,,22.860000000000127,40.0,22.860000000000127,0.5000675491776525,0.021875220873912936,0.8750088349565174,0.001131637678855487,0.16524078293340272,0.3151350993828561,11.681239986687197,11.709757243733247,0.33902427506253513,0.3149189612692177,-11.68123794730322,11.709757243733247,8.337209177533735,0.013478551158125688,0.10279513547108758,0.1531692522910808,0.2238995940036438,-8.305160623896747,0.07826963582737843,0.09477406209039638,0.0788096445847155,0.0,0.09949406586768549,0.0780779585733122,3.1547202797202796,3.416958041958042,3.0,147,0.0002860895389852744,0.0006357637316177062,0.0009765790981682094,0.1868887651488123,26.27612159596108,1.2919643944547725,0.3790386196096402,10.38461971533261,0.9225469619138439,28.040941091606197,27.68301452438109,0.0,0.7335721630932275,20.097867482006233,2.36699469622847,71.9451275449383,51.69863367221281,0.0,0.6438222842917884,17.63896669292571,2.270835233442414,69.02234752104602,67.41269324344091,0.0,115.2727950290519,0.969308251687306
tripod_r25_nopc_02,tripod_r25_nopc,,common,2,1675.6750000000002,0.95,0.5,0.1,0.02,1.0,False,"{""angle_deg"": 25.0, ""type"": ""ramp""}",,,25.0,,-5.45,-1.4,0.26130913087034974,-5.44805234496036,-1.408428883035123,-2.3671171387997587,22716,26274,2524,51,tripod,0.025,1263,True,False,,23.799999999999955,40.0,23.799999999999955,0.5002125715054618,0.02101733493720432,0.8406933974881727,0.002697247674482286,0.33150750954154484,1.0251913446195353,24.980242409496203,24.983890900450564,0.37148983522051837,1.024215912135409,-24.980242343013085,24.983890900450564,1.1247540270398955,0.0520637926840306,0.21215760286210716,0.468560628784133,1.546068429457796e-10,-8.20259197032602e-09,0.05623404689418908,0.07154447298895873,0.05692807645451042,0.0,0.09761765678046355,0.05602417447167989,3.152812762384551,3.371116708648195,3.0,150,0.0004964844219755175,0.0009862414090856112,0.001543245662449476,0.295742274394624,22.166603286188483,1.0895752673389354,0.3800953956272743,10.41357248293902,2.4708757409018816,75.10260610644016,12.36109371686007,0.0,0.6682685239848634,18.308726684516806,3.282569607802705,99.77415221284818,50.41004489174224,0.006297229219143577,0.5788052631244349,15.85767844176534,3.290954187624831,100.02900266336873,57.11297620971227,0.000279876854184159,116.31866826436467,0.9704070886108122
tripod_r25_pc_02,tripod_r25_pc,,common,2,1711.1170000000002,0.95,0.5,0.1,0.02,1.0,True,"{""angle_deg"": 25.0, ""type"": ""ramp""}",,,25.0,,-5.45,-1.4,0.26130913087034974,-5.469872529175276,-1.3837263992054158,1.0254258902149642,22734,27829,2526,51,tripod,0.025,1264,True,False,,23.820000000000164,40.0,23.820000000000164,0.5001203364260829,0.020995815970868154,0.8398326388347261,0.0010784840429979526,-0.01373333643827679,0.2736171125619128,16.50509939839767,16.510755496488393,0.36813797287241407,-0.27340539174228523,-16.505099147472112,16.510755496488393,8.50613369052767,0.009244737580045155,0.028042210787852302,0.11017087277307827,-0.13937390266698654,-8.482427256146094,0.06848891332675863,0.08420833434596389,0.06879031364642399,0.0,0.0996146116045932,0.06832213198728448,3.161073825503356,3.4354026845637584,3.0,153,0.0002904254991934903,0.0007821646101779809,0.0012386885837170837,0.2392842249739878,23.66797302430789,1.1636026792712149,0.380055191403016,10.412470997342904,0.6756841170510539,20.53751115656699,14.160711510330191,0.0,0.7379788717429571,20.218599225834442,2.289982783161019,69.60433991370878,46.2032282329221,0.0,0.6399347713370068,17.532459488685117,2.07974411655106,63.214106886050466,62.371155509703335,0.0,115.22392590297477,0.9669803050781995
ripple_r00_nopc_02,ripple_r00_nopc,,common,2,1746.691,1.3,0.5,0.1,0.02,1.0,False,"{""angle_deg"": 0.0, ""type"": ""ramp""}",,,0.0,,-5.45,-1.4,0.05,-5.46179913073334,-1.4096872528974902,-0.20643413086950924,19206,20328,2135,43,ripple,0.025,1068,True,False,,19.6400000000001,40.0,19.6400000000001,0.5000368694482621,0.025460125735654763,1.0184050294261904,0.0001650962471378115,0.0012361041785564745,0.07375470175570333,0.062192900799239136,0.22936434616075896,0.16622317259670502,-0.0014807679646297708,0.0068516141083234065,0.18790114705312375,0.22936434616075896,0.2294412249016459,0.2348327562620617,0.9119178105056625,-4.3698711457985716e-10,-5.1971010649995424e-09,0.10223571255425139,0.11222887769144592,0.10324534099753906,0.0,0.10073349914715622,-0.004498437574086481,2.74059003051882,4.398779247202442,4.0,93,0.0005811058244067626,0.00033290803908835503,0.0006770855095727551,0.06191632625382998,20.672259924401054,1.0164946031698636,0.6346908327459891,17.38878993824628,3.2935493678810825,100.10788352222136,40.35148211802878,0.002034587995930824,0.7286428786315061,19.962818592644002,3.294234714406512,100.12871472360219,67.21968145865414,0.012546625974906748,0.7821752767754478,21.4294596376835,3.2825210324918475,99.77267575963063,81.97823770826527,0.00033909799932180403,116.31817371168638,0.9798416844858109
ripple_r00_pc_02,ripple_r00_pc,,common,2,1778.219,1.3,0.5,0.1,0.02,1.0,True,"{""angle_deg"": 0.0, ""type"": ""ramp""}",,,0.0,,-5.45,-1.4,0.05,-5.437268509869221,-1.4152949758848608,2.8067089809823793,19224,20110,2135,43,ripple,0.025,1068,True,False,,19.6400000000001,40.0,19.6400000000001,0.5001994160411688,0.02546840203875592,1.0187360815502366,0.0005454837265940066,-0.1102582366693973,0.18141695724534893,0.24009611982101817,0.6061702213442302,0.16620241238057426,-0.0009476266377422068,0.07731315556254086,0.6061702213442302,0.6061702213442302,0.23045721407597752,0.35003889619951173,0.9957018234238211,0.002119149736122469,-0.07035356498946162,0.10217186344861194,0.11239473529106235,0.10321681748486872,0.0,0.10064167457998088,-0.004671266474123681,2.718209562563581,4.389623601220753,4.0,92,0.0005977580149157201,0.00035064861586273305,0.0006967384919198101,0.06449358484286095,21.067313156151066,1.0355829313552325,0.6390779541337474,17.508985044760202,3.2935558804909357,100.10808147388862,39.45451219650542,0.00033909799932180403,0.7605703616691442,20.83754415531902,3.2965105860071025,100.19789015219156,66.99722207434871,0.01102068497795863,0.7918322204638716,21.694033437366347,3.296488430679559,100.19721673798051,84.03984362540866,0.001186842997626314,116.31816009813066,0.9798508352601429
ripple_r05_nopc_02,ripple_r05_nopc,,common,2,1809.815,1.3,0.5,0.1,0.02,1.0,False,"{""angle_deg"": 5.0, ""type"": ""ramp""}",,,5.0,,-5.45,-1.4,0.09357787137382909,-5.4322435693429165,-1.4102135961722946,0.8446911570115847,19350,22907,2150,44,ripple,0.025,1076,True,False,,19.800000000000182,40.0,19.800000000000182,0.500305334796578,0.025267946201847143,1.0107178480738856,0.0005387364300600351,-0.02503139794200521,0.10620971080538523,5.026354240410798,5.185538763043294,0.21273610601472806,-0.07371813107952323,-5.026049563522157,5.185538763043294,0.2998331404384453,0.253328619092252,0.22898269936714502,0.9300538538885142,-6.497487815162393e-10,-1.1187378657101295e-09,0.0006496939891589512,0.04912460916433537,0.001188411884509351,0.0,0.100733499146909,-0.0053581939645246,2.942482341069627,3.301715438950555,4.0,123,0.0007579832112231028,0.00045224040557928274,0.0012678777544929741,0.11118317671005033,19.774993480658672,0.9718519838517221,0.6379504473032384,17.478094446664066,1.7487482630134223,53.153442644784874,35.24316952694079,0.0,0.7261977080106108,19.895827616729065,3.2913166406026573,100.04001947120538,64.4776748067698,0.011772620248906828,0.7797500685028783,21.363015575421322,3.0434159602975455,92.50504438594363,77.04652856536771,0.0,116.31856523917916,0.9702515631929511
ripple_r05_pc_02,ripple_r05_pc,,common,2,1841.537,1.3,0.5,0.1,0.02,1.0,True,"{""angle_deg"": 5.0, ""type"": ""ramp""}",,,5.0,,-5.45,-1.4,0.09357787137382909,-5.455596098689357,-1.3921070662197765,-2.4785033991134795,21528,23273,2392,48,ripple,0.025,1197,True,False,,22.160000000000082,40.0,22.160000000000082,0.5002922421563119,0.022576364718245038,0.9030545887298015,-0.0017962509855040491,-0.1065287080838478,0.2196273103182288,0.1810763436541612,0.6403742832140865,0.2110060341715377,-0.016145930044267225,0.034277694458966994,0.40700174800320504,5.396524791661153,0.26415428549524167,0.2493121871351284,0.9909037240787285,0.2463561097992285,-5.074759773391334,-0.0009523768098426903,0.07502894952743112,-4.891077089170133e-05,0.057709648331830475,0.1017676390036065,-0.0037713603270017135,2.7781785392245264,3.7962128043282237,4.0,122,0.0005974967452566857,0.00036377317802105066,0.001193766106057082,0.08870823079832449,21.105378913475477,1.037255479912884,0.6331410881608786,17.346331182489823,3.218819466392199,97.83645794505165,38.02074216869667,0.0,0.7518762882382963,20.59935036269305,3.1611693752615557,96.08417553986492,68.41549209968632,0.0,0.8169902226001399,22.383293769866846,3.2889717067993427,99.96874488751801,77.29187982730527,0.0010519987977156598,115.95538711233411,0.9728196542976368
ripple_r10_nopc_02,ripple_r10_nopc,,common,2,1875.7610000000002,1.3,0.5,0.1,0.02,1.0,False,"{""angle_deg"": 10.0, ""type"": ""ramp""}",,,10.0,,-5.45,-1.4,0.13682408883346517,-5.451201364791743,-1.3964603678523961,0.7588544155480965,19404,23035,2156,44,ripple,0.025,1079,True,False,,19.840000000000146,40.0,19.840000000000146,0.5004288263174463,0.025223227132935618,1.0089290853174246,0.0006884232589976797,-0.030120293006790498,0.1421245888166729,10.028401155708812,10.18325333602527,0.25464047870101575,-0.11946785122469128,-10.028254432163337,10.18325333602527,0.3482073584180259,0.1811377046401339,0.2921055424797504,0.813214676270788,3.655903169647946e-10,-3.8692599581780005e-10,0.006056852370686639,0.050054086900929884,0.0066027441038691475,0.0,0.10073349914665472,-0.010688928557807072,3.079556898288016,3.309164149043303,4.0,109,0.0009317860791048011,0.0005690906770733512,0.0013938270121988659,0.12395533643608549,19.332499596070974,0.9498705889324118,0.6356389298194061,17.414765200531672,2.903862349978313,88.26329331241074,29.98964251543456,0.0,0.728603419343548,19.961737516261593,3.2912768007591984,100.03880853371423,61.56257536245573,0.003524672708962739,0.7820389152966468,21.42572370675745,3.2827913426609245,99.78089187419224,72.02163047682616,0.0030211480362537764,116.31801513591624,0.9691078222730588
ripple_r10_pc_02,ripple_r10_pc,,common,2,1912.6380000000001,1.3,0.5,0.1,0.02,1.0,True,"{""angle_deg"": 10.0, ""type"": ""ramp""}",,,10.0,,-5.45,-1.4,0.13682408883346517,-5.442288181033137,-1.3843447450799597,-1.5524987405554442,23058,25412,2562,52,ripple,0.025,1282,True,False,,23.899999999999864,40.0,23.899999999999864,0.5001736679343316,0.02092776853281734,0.8371107413126936,0.00024758128794607126,0.3792197918139196,0.2683814373038346,1.6517349434736797,2.0314384333869837,0.25666730985045594,0.06965269220442032,-1.6395228187528574,2.0314384333869837,8.730701379489757,0.28322333697338953,0.5386122317365776,1.4469357413502175,-0.09008220402070242,-8.44638280504996,0.0022859264408638096,0.06397882330470019,0.0029140833138956174,0.0,0.10270363510236809,-0.006632461097247024,2.9130434782608696,3.70066889632107,4.0,150,0.0005694782774701627,0.0004287799495319548,0.0014754365099356726,0.12858928035507594,22.60228531994864,1.111093385819721,0.6346791012645933,17.388468527797077,3.2831251692617074,99.79103857938321,41.46932186873472,0.00013935340022296544,0.8476123802132601,23.22225699214411,3.293139874755526,100.09543692266037,74.09130651573489,0.003483835005574136,0.8249693279553886,22.601899396038043,3.290335246473019,100.0101898624018,70.68742971220648,0.0019509476031215162,115.84924809832064,0.9719846434838619
ripple_r15_nopc_02,ripple_r15_nopc,,common,2,1948.757,1.3,0.5,0.1,0.02,1.0,False,"{""angle_deg"": 15.0, ""type"": ""ramp""}",,,14.999999999999998,,-5.45,-1.4,0.17940952255126036,-5.463872227306672,-1.4043757225114808,0.4129688861347083,19406,22761,2157,44,ripple,0.025,1079,True,False,,19.860000000000127,40.0,19.860000000000127,0.5001939904396343,0.025186001532710528,1.0074400613084211,-5.201172965290952e-05,-0.0050041398567137185,0.12402132037018972,15.029553103104808,15.183768616904382,0.29403738201177604,-0.09670452088843355,-15.029454101072039,15.183768616904382,0.32781298854953095,0.268448797145955,0.32933545837613776,0.8222595909583541,4.149698022710125e-10,-1.535958208703086e-09,0.011532875909369382,0.050000250373860355,0.012141948094161317,0.0,0.10070960293508198,0.011532875909369382,3.096579476861167,3.3078470824949697,4.0,94,0.0010643990378804492,0.000646235296142201,0.0013147867002264483,0.12144511654925215,18.143611013225833,0.8918758934101553,0.635361456254377,17.407163185051424,2.5912264581115108,78.76068261737115,24.452585318304713,0.0,0.73620603351196,20.170028315396163,3.2906147251244495,100.01868465423858,57.93013304011397,0.001676727028839705,0.7854254787813458,21.51850626798208,3.20985534870442,97.56399236183647,65.20582729431548,0.0,116.31820241888047,0.9702355059073584
ripple_r15_pc_02,ripple_r15_pc,,common,2,1980.518,1.3,0.5,0.1,0.02,1.0,True,"{""angle_deg"": 15.0, ""type"": ""ramp""}",,,14.999999999999998,,-5.45,-1.4,0.17940952255126036,-5.431578849563178,-1.3915797765753433,1.430655304017775,23274,26254,2586,52,ripple,0.025,1294,True,False,,24.160000000000082,40.0,24.160000000000082,0.5002192143733588,0.020704437681016437,0.8281775072406574,0.0038854534289705263,0.44770435840709494,0.30105569464144644,6.708852162540824,7.086242013232927,0.3039492902780983,-0.16925760783993327,-6.705666256718277,7.086242013232927,8.71361595713077,0.3081835185043696,0.7067187630409328,1.3725047563195492,-0.2649506914982847,-8.380715352543108,0.0076328078825787585,0.06411847715285925,0.008481079156657181,0.0,0.10269916002526586,-0.011660817062220134,3.069478908188586,3.678246484698098,4.0,150,0.0006888831181243627,0.0006093000555184566,0.0015591812721853897,0.18270439844538747,22.312543861471475,1.0967175281840715,0.6341159431710829,17.373039538933778,3.283138306090797,99.7914378751002,35.53628747133194,0.0006892748828232699,0.8420518254639735,23.069913026410234,3.289090436447255,99.97235369140593,59.7758471568457,0.0011028398125172319,0.8197010875771149,22.457564043208627,3.284779572115946,99.8413243804239,62.757883016726,0.0013785497656465398,115.23585565490967,0.9722689292491861
ripple_r20_nopc_02,ripple_r20_nopc,,common,2,2021.9370000000001,1.3,0.5,0.1,0.02,1.0,False,"{""angle_deg"": 20.0, ""type"": ""ramp""}",,,20.0,,-5.45,-1.4,0.22101007166283437,-5.431091317847575,-1.4092902734896564,-1.4432302468447324,19440,22330,2160,44,ripple,0.025,1081,True,False,,19.90000000000009,40.0,19.90000000000009,0.5000516699544557,0.025128224620826804,1.005128984833072,0.00012402562951826547,0.0905245965002802,0.5288624235483448,20.0233916582222,20.179742913984047,0.3445737155559567,0.5230478193992004,-20.02331727712648,20.179742913984047,0.7718926740874941,0.2511784387788132,0.14986027761500154,0.5818957595370865,1.4586613367063352e-14,-8.294893482660663e-14,0.01626916657757194,0.05017060997249064,0.017361294324255865,0.0,0.10073349914611796,0.01626916657757194,3.0993975903614457,3.3032128514056227,4.0,94,0.001030526242383934,0.0006281587414266436,0.001301493764965182,0.11808163632719801,17.254172087891885,0.8483955816728094,0.6353434954465764,17.406671108125384,1.4946410202393332,45.42981824435663,23.028906458357607,0.0,0.7262595691088338,19.897522441337916,2.913371248313013,88.55231757790314,53.81033717323601,0.0,0.7797610076538496,21.36331527818766,2.9822892253587994,90.64708891668083,59.88409333223669,0.0,116.3178806645599,0.9684126088198769
ripple_r20_pc_02,ripple_r20_pc,,common,2,2053.578,1.3,0.5,0.1,0.02,1.0,True,"{""angle_deg"": 20.0, ""type"": ""ramp""}",,,20.0,,-5.45,-1.4,0.22101007166283437,-5.453098366497244,-1.4081831997032106,0.9066203113708147,24912,29053,2768,56,ripple,0.025,1385,True,False,,25.859999999999673,40.0,25.859999999999673,0.5003965291274395,0.01935021381003271,0.7740085524013083,0.0038935425332147864,0.22889990353578132,0.32096029549128907,11.633056730305087,11.936742442268491,0.3379466915665298,-0.2472375482080012,-11.631469709880832,11.936742442268491,8.733122088762498,0.211427009313001,0.9127950407877969,1.580557865754656,-0.16250708667434471,-8.458948893430009,0.01320965120096589,0.07484435855533557,0.013912129133507731,0.0,0.1027370319678409,-0.017001945566036906,3.1043276661514683,3.811437403400309,4.0,142,0.0012535384305739359,0.0013808816777994555,0.002853445835827761,0.39184764690581103,24.28383096923524,1.1931878000471547,0.6322682589795894,17.322418054235325,2.1307599038059832,64.76473871750709,39.01784607585662,0.0,0.8404406090355675,23.025770110563496,3.2888054455730167,99.96369135480295,59.852061672793745,0.0039927872230808865,0.817624709367522,22.400676968973205,3.282016612878243,99.75734385648154,56.72661300805839,0.0024471921689850594,115.22275238572998,0.9696212780099288
ripple_r25_nopc_02,ripple_r25_nopc,,common,2,2091.7740000000003,1.3,0.5,0.1,0.02,1.0,False,"{""angle_deg"": 25.0, ""type"": ""ramp""}",,,25.0,,-5.45,-1.4,0.26130913087034974,-5.431931443167219,-1.413859540298559,0.10768609332080858,19836,23823,2204,45,ripple,0.025,1103,True,False,,20.340000000000146,40.0,20.340000000000146,0.5004126120058809,0.02460238997079043,0.9840955988316171,0.001552446783666393,0.13172113815527192,0.09276106256952114,25.02898334254609,25.185974886797474,0.38362390995488105,-0.06148887161705916,-25.028924343546205,25.185974886797474,0.2824094709373746,0.24385297791765823,0.081936485871572,0.5553756225748564,-1.7170538536183657e-10,-4.724761902470682e-09,0.022756505752108643,0.05024172254039409,0.0235324401625272,0.0,0.10073349914583542,0.022756505752108643,3.0972495088408643,3.2907662082514735,4.0,96,0.0009498983630509946,0.0006873282162340651,0.0013350123347368494,0.13185757040598522,16.404615236757056,0.8060368243572722,0.6356498475412832,17.41506431619954,1.4187916167916694,43.12436525202642,25.61923409737951,0.0,0.7323821354642978,20.065263985323227,2.6036029420712223,79.13686754015873,49.16406076511866,0.0,0.7768680796781134,21.28405697748256,2.8245933936864387,85.85390254366075,56.49700145951648,0.0,116.31866229470286,0.9685872272751596
ripple_r25_pc_02,ripple_r25_pc,,common,2,2124.036,1.3,0.5,0.1,0.02,1.0,True,"{""angle_deg"": 25.0, ""type"": ""ramp""}",,,25.0,,-5.45,-1.4,0.26130913087034974,-5.442896876048071,-1.4002728933367545,2.4824630453641046,27685,33126,3077,62,ripple,0.025,1539,True,False,,28.960000000000036,40.0,28.960000000000036,0.5003136560356645,0.01727602403438066,0.6910409613752263,0.012764535780728496,0.2324040215796162,0.8830846469882645,16.750278615805804,17.041464259445707,0.37895640011960374,-0.858697991936454,-16.749136156344363,17.041464259445707,8.679515082675575,0.3403912463491216,1.016519867544767,1.7851741975337854,-0.3597971337777503,-8.310915467454995,0.018087362428716836,0.08680561191299145,0.019120146728324097,0.0,0.10267061527568258,-0.022214465522636954,3.0966183574879227,3.964113181504486,4.0,157,0.0019202772028911151,0.0022110676035818765,0.0034529186691450095,0.6936142559711751,26.642501200974216,1.3089121599325118,0.6388134294715034,17.50173779373982,3.2832004127646925,99.7933256159481,37.49257181626122,0.0013802622498274672,0.8410705952815521,23.04303000771376,3.2820105238806296,99.75715878056626,54.18923097951253,0.0024154589371980675,0.8157326622941506,22.348840062853444,3.292112265112147,100.06420258699535,50.34836002589336,0.004140786749482402,115.26824424728065,0.9694379658720004
wave_r00_nopc_02,wave_r00_nopc,,capped,2,2165.5950000000003,2.4,0.5,0.1,0.02,1.0,False,"{""angle_deg"": 0.0, ""type"": ""ramp""}",,,0.0,,-5.45,-1.4,0.05,-5.440524080551942,-1.3847129281755772,-2.329410071285357,20376,23554,2263,46,wave,0.0245,1132,True,False,,19.840000000000146,40.816326530612244,19.840000000000146,0.5003797494093348,0.025220753498454193,1.0294185101409874,0.002207130809823066,0.3533147269938507,0.042234056519918156,0.051276302467556996,0.2457648708624966,0.16627508202441074,-0.005174193949090635,0.017447704436858093,0.2457648708624966,0.2457648708624966,0.19069666655336615,0.1967775599595492,0.8316698809973665,2.2944683566965395e-11,-5.810765701938199e-10,0.09974967649950958,0.13718301156506205,0.10151535869405413,0.0,0.09836049462041505,-0.006125505602011184,2.9425981873111784,5.206445115810674,5.0,120,0.000635301383852518,0.0003756661100951497,0.0019748313229713075,0.09009056567591162,15.219858603276295,0.7478695294740241,1.3703104062768925,37.542750856901165,1.2419684640467623,37.749801338807366,12.881984230991867,0.0,0.8712060664525106,23.868659354863304,3.291531251981097,100.0465426134072,99.99672139837729,0.1104397448808325,1.426719094272937,39.08819436364212,3.065784148164803,93.1849285156475,89.23533756604643,0.0,116.31817369762678,0.9755049192227924
wave_r00_pc_02,wave_r00_pc,,capped,2,2198.541,2.4,0.5,0.1,0.02,1.0,True,"{""angle_deg"": 0.0, ""type"": ""ramp""}",,,0.0,,-5.45,-1.4,0.05,-5.462169459860132,-1.4173718309758554,1.9759169907881082,20376,22423,2264,46,wave,0.0245,1133,True,False,,19.800000000000182,40.816326530612244,19.800000000000182,0.5003306455663127,0.025269224523550914,1.0313969193286088,0.00034913734505229166,0.1942735454587155,0.10846919081978766,0.10476687578889265,0.34839806576231946,0.1662669920914538,0.019842828591191543,-0.0002545285421913408,0.34839806576231946,0.34839806576231946,0.15499587245377172,0.16930011020110486,0.6030170576433765,-0.02611132516464038,0.016231794556031527,0.09965461442900399,0.13769954309490778,0.10170835714934476,0.0,0.0983271122802326,-0.006482822895260399,2.891019172552977,5.209889001009082,5.0,118,0.0006703578509771324,0.0003683941307764293,0.0019362228859593896,0.0868835383820692,15.876830810337244,0.7802356285613202,1.3863203019422006,37.98137813540276,2.345759383020068,71.29967729544279,13.114976171127728,0.0,0.8780578147229072,24.0563784855591,3.2919333708312566,100.05876507085885,99.98931685140066,0.10729902455432223,1.4300616664764843,39.17977168428724,3.291003929307929,100.03051456863007,89.0850579542259,0.0008409014463504877,116.31811959540926,0.9784867794387505
wave_r05_nopc_02,wave_r05_nopc,,capped,2,2231.414,2.4,0.5,0.1,0.02,1.0,False,"{""angle_deg"": 5.0, ""type"": ""ramp""}",,,5.0,,-5.45,-1.4,0.09357787137382909,-5.431487253527767,-1.4194403591588625,1.735521863229455,20502,24938,2278,46,wave,0.0245,1140,True,False,,19.980000000000018,40.816326530612244,19.980000000000018,0.5002545749249577,0.025037766512760625,1.0219496535820662,-0.0006965475309837037,-0.3163011618574627,0.17882549104119394,5.033870476070582,5.349190074200889,0.21423566986826667,-0.1670528085531318,-5.033447477028498,5.349190074200889,0.3964333225266107,0.150639605353433,0.12999246702132353,0.7594955101370351,-1.9023185664169015e-10,-6.33277336416027e-11,-0.0007640501997814121,0.08216971453487958,0.00034926631043482855,0.029,0.09836049461744552,-0.0056175322549018615,3.078,4.691,5.0,117,0.0011203083416697493,0.0007566242597646087,0.0033416324140966725,0.17695980583967524,15.217462825465349,0.7479454598184526,1.3779321734453258,37.75156639576235,3.2843764815452787,99.82907238739449,15.733668978619724,0.001,0.8752202412158799,23.978636745640546,3.2915113078931184,100.04593641012518,98.04396892562056,0.053,1.4187967447958287,38.8711436930364,3.2817239846731168,99.7484493821616,87.54960764048019,0.0003333333333333333,116.31819432033816,0.9692732917374641
wave_r05_pc_02,wave_r05_pc,,capped,2,2264.3430000000003,2.4,0.5,0.1,0.02,1.0,True,"{""angle_deg"": 5.0, ""type"": ""ramp""}",,,5.0,,-5.45,-1.4,0.09357787137382909,-5.440886752058881,-1.3836725282245848,-1.377687160443596,27594,34175,3066,62,wave,0.0245,1534,True,False,,27.559999999999945,40.816326530612244,27.559999999999945,0.5003891892943108,0.018156356650737,0.7410757816627347,0.045037144190580726,7.841027168178853,0.23398376308190444,0.4430692523300542,0.9476084180903978,0.2131133682326332,-0.004296900585704504,-0.21647360968521562,0.9476084180903978,5.629601845463574,0.17764314454397395,0.41668023768469714,1.571199093346425,-0.24719657748484772,-4.838909554995815,0.0003070933511761525,0.12827740033574855,0.10231633072499748,0.0,0.09927051978958804,-0.006124375889244278,3.307469180565627,5.1029731689630164,5.0,157,0.0017110035846936782,0.0020082602550714865,0.0070791204542255655,0.6275664945898543,22.17096107452364,1.085035116174655,1.3740616977586733,37.645525965991055,3.29543618672792,100.16523363914649,14.238604399120995,0.0010877447425670776,0.9634767137069435,26.396622293340922,3.2952597664530194,100.15987132076047,99.49903839575467,0.05051970026589316,1.4841698234279725,40.66218694323213,3.295519772617723,100.1677742436998,99.77706132339796,0.05233260817017162,115.97694344330405,0.9652866611616076
wave_r10_nopc_02,wave_r10_nopc,,capped,2,2305.737,2.4,0.5,0.1,0.02,1.0,False,"{""angle_deg"": 10.0, ""type"": ""ramp""}",,,10.0,,-5.45,-1.4,0.13682408883346517,-5.441408912667336,-1.4105030847412312,-2.5438007997314003,20538,24093,2282,46,wave,0.0245,1142,True,False,,20.0,40.816326530612244,20.0,0.500014360542611,0.025000718027130546,1.0204374704951242,-0.001797127464070493,-0.34829850521935507,0.3692484009552962,10.030885658279226,10.348814304812505,0.25998972620921,0.36346377967897175,-10.030671520362647,10.348814304812505,0.6686677141376093,0.1922965534860033,0.3225956840357628,0.9396405947898762,-7.39041014210689e-11,-4.6973929272731206e-11,0.0038728417150163505,0.08136302814235435,0.006099359674122709,0.0,0.0983604946138091,0.0038728417150163505,3.154845154845155,4.683316683316684,5.0,102,0.001391397370993518,0.0008937430031604715,0.002997939365314971,0.1823171570586956,14.642493086207093,0.7200272161635644,1.3722910922344358,37.59701622560098,2.454220024819886,74.59635333799046,17.7824197576721,0.0,0.8727982430747497,23.912280632184924,3.291522836668022,100.04628682881525,89.71354829859109,0.005661005661005661,1.4175677246672023,38.837471908690475,3.283325184242326,99.79711806207678,79.39552149814757,0.000333000333000333,116.3185181148463,0.9694123901727177
wave_r10_pc_02,wave_r10_pc,,capped,2,2343.1580000000004,2.4,0.5,0.1,0.02,1.0,True,"{""angle_deg"": 10.0, ""type"": ""ramp""}",,,10.0,,-5.45,-1.4,0.13682408883346517,-5.440191837491869,-1.4183114811438775,1.1975667789457445,34920,41890,3880,78,wave,0.0245,1941,True,False,,35.70000000000027,40.816326530612244,35.70000000000027,0.5005903959370436,0.014022139942213999,0.5723322425393469,0.05967534782420749,4.829178827359113,0.43102786861809256,2.130112567171068,2.850498620091342,0.25850663536385543,-0.22070820403920421,-2.0999015099443525,2.850498620091342,8.74217650263584,0.2774234435505589,0.7689736316992278,1.7573601167019908,-0.8761367428493995,-7.912570334150058,0.09844918842882319,0.13227734637472105,0.09928250507493985,0.0,0.10022587020175734,-0.01181050385731299,3.049272116461366,5.141097424412094,5.0,212,0.001713541136469786,0.0019330096470661193,0.00695362466552486,0.8128736482083464,29.697806090090218,1.4484272974677825,1.3760441183294156,37.69983885834016,3.2882147855251875,99.9457381618598,12.201464125156246,0.0012131392310563644,1.168940597993981,32.02576980805428,3.296042029031784,100.18364829883842,98.81232348722699,0.05365808137364688,1.5088939210079442,41.33955947966971,3.298282768341471,100.25175587664044,99.78109800813463,0.05589772303098171,115.21511214909012,0.9688460812698995
wave_r15_nopc_02,wave_r15_nopc,,capped,2,2392.994,2.4,0.5,0.1,0.02,1.0,False,"{""angle_deg"": 15.0, ""type"": ""ramp""}",,,14.999999999999998,,-5.45,-1.4,0.17940952255126036,-5.458661501411906,-1.4005030641966167,2.349198923228098,20574,24620,2286,46,wave,0.0245,1144,True,False,,20.059999999999945,40.816326530612244,20.059999999999945,0.5002199170660859,0.024936187291430073,1.017803562915513,-0.0017211035384822188,-0.4264030269738916,0.45923409053983355,15.032588898212552,15.346161149696528,0.2994296080254657,-0.45385334620166967,-15.032435875819516,15.346161149696528,0.7117000634302629,0.13808552749498168,0.30295525351747044,1.118267284710061,6.292974251957729e-12,-1.435789558026947e-10,0.010283119650083147,0.07690619862405401,0.011492493177072008,0.0,0.0983604946095661,0.009835787374679264,3.153386454183267,4.663346613545817,5.0,102,0.001392280617769351,0.0008969018565740815,0.0026346049839383883,0.1828864546294946,14.802721872604074,0.7276075500294359,1.3769452265130366,37.724526753781824,3.2843912491253464,99.82952125001053,21.255027284705506,0.00149402390438247,0.8725718139710431,23.90607709509707,3.291685540893032,100.05123224598881,81.91574575084104,0.00298804780876494,1.4068231295908538,38.54309944084531,2.990393890125189,90.89343131079603,75.66389863718206,0.0,116.31880766180055,0.9690165267139272
wave_r15_pc_02,wave_r15_pc,,capped,2,2426.1200000000003,2.4,0.5,0.1,0.02,1.0,True,"{""angle_deg"": 15.0, ""type"": ""ramp""}",,,14.999999999999998,,-5.45,-1.4,0.17940952255126036,-5.460263684839991,-1.4012670247257313,-0.8697033177585327,35982,41061,3998,80,wave,0.0245,2000,True,False,,36.820000000000164,40.816326530612244,36.820000000000164,0.5002577792755182,0.013586577383908635,0.5545541789350463,0.05039882233929014,5.855796080222178,0.482342479879651,6.843503393754859,7.5830627527637455,0.2947888039003773,-0.3496663695428777,-6.829288880300955,7.5830627527637455,9.216631216134454,0.22866646216754422,0.7620964319629765,1.9594906363624724,-0.38568202678910635,-8.224080542684991,0.0893250726379652,0.13109005369513782,0.09036567408188594,0.0,0.1000729288824463,-0.019909697549222945,3.0977198697068404,5.155266015200868,5.0,203,0.00199584351776771,0.0022609196127869264,0.00827524311141606,0.9128395185645363,30.791046208171743,1.5057639349837229,1.3829176160107641,37.88815386330861,3.296240821231103,100.18969061492714,15.51802626278639,0.0010857763300760044,1.1798459398561518,32.32454629742882,3.293471974762976,100.10553114781082,93.09178756050709,0.007419471588852696,1.5284882001974711,41.876389046506056,3.298703976117753,100.26455854461254,99.78586827409393,0.05428881650380022,115.25108547511866,0.9698784968886174
wave_r20_nopc_02,wave_r20_nopc,,capped,2,2481.453,2.4,0.5,0.1,0.02,1.0,False,"{""angle_deg"": 20.0, ""type"": ""ramp""}",,,20.0,,-5.45,-1.4,0.22101007166283437,-5.462384764524921,-1.401053941266295,-1.9102180379314486,20646,23872,2294,46,wave,0.0245,1147,True,False,,20.11999999999989,40.816326530612244,20.11999999999989,0.5003087193366984,0.024866238535621327,1.0149485116580133,-0.0020443194148046517,-0.44716736080675806,0.8148409318141197,20.024371675274597,20.338539913471955,0.33901646404179314,0.8114345523291148,-20.024256836734423,20.338539913471955,1.152863121485843,0.1069880862084843,0.23276250265640383,1.2412387909344822,-1.640714503088921e-10,-2.717594891341335e-10,0.013917919420230764,0.0746240708144905,0.015853266410492086,0.0,0.09836049460534035,0.013917919420230764,3.1638530287984112,4.669314796425025,5.0,103,0.0013696176320511623,0.0009064900892249032,0.0025612573042887556,0.1866201658148308,14.808140254433921,0.7277428992095478,1.3731873650617055,37.62157164552618,3.2843306029653867,99.82767790168349,25.71497023385453,0.00033101621979476995,0.8713233516410712,23.87187264770058,3.290109739465371,100.0033355460599,74.34201096477344,0.0014895729890764648,1.4021989707576108,38.41641015774276,3.2837617019271694,99.81038607681366,67.81046678757419,0.00016550810989738498,116.31790691202504,0.9696167077556763
wave_r20_pc_02,wave_r20_pc,,capped,2,2517.0950000000003,2.4,0.5,0.1,0.02,1.0,True,"{""angle_deg"": 20.0, ""type"": ""ramp""}",,,20.0,,-5.45,-1.4,0.22101007166283437,-5.438039700333658,-1.3954071343348848,-1.3012154829848894,36648,43972,4073,82,wave,0.0245,2037,True,False,,37.48000000000002,40.816326530612244,37.48000000000002,0.5001067431709879,0.0133432962425557,0.5446243364308448,0.049319212884905705,6.227558002912615,0.6335258759802034,11.787343952545255,12.591352609050837,0.3429109676794055,-0.4558934379325698,-11.778488087268174,12.591352609050837,9.216502382788686,0.24369987317943695,0.8300336126195453,2.1183524450708804,-0.33519195893915554,-8.26600356505853,0.0786078583669377,0.1286362141119632,0.08054659374364832,0.0,0.1001470807406963,-0.018288934840102262,3.1216,5.1792,5.0,212,0.0019060919324907608,0.002193248470390078,0.011703468292803769,0.9252505359175399,33.05622625081067,1.617365194909314,1.3806972033507172,37.82732063974568,3.287602247842608,99.92711999521605,20.954731803291775,0.0016888888888888889,1.1794528667749202,32.313777171915625,3.29352854202126,100.10725051736354,86.69170699716804,0.006933333333333333,1.5459516663181196,42.35484017309917,3.299062953926669,100.27546972421486,99.78640317667741,0.054844444444444446,115.26120952199126,0.9685227053807743
wave_r25_nopc_02,wave_r25_nopc,,capped,2,2568.8520000000003,2.4,0.5,0.1,0.02,1.0,False,"{""angle_deg"": 25.0, ""type"": ""ramp""}",,,25.0,,-5.45,-1.4,0.26130913087034974,-5.43107580018944,-1.4061889262212501,1.0275399671935836,20700,25065,2301,47,wave,0.0245,1151,True,False,,20.179999999999836,40.816326530612244,20.179999999999836,0.5001077244428664,0.02478234511609864,1.0115242904530055,-0.0005085553127319262,-0.3357665355691068,0.5448217116678135,25.032832718344377,25.348257112662584,0.38905961754604457,-0.539380002851646,-25.03274569326336,25.348257112662584,0.8200611717790055,0.14372004303491476,0.379214994195428,1.4287168753593609,-1.0388835116963299e-10,-3.384413498735389e-10,0.021214802654556046,0.071805042986498,0.023150010513433697,0.0,0.0983604946010945,0.020811519677832742,3.1643564356435645,4.665346534653465,5.0,102,0.0012898775265946583,0.0008634774464530243,0.003011281192353552,0.1761113641794264,15.152924034170693,0.7449923759769344,1.378722242614226,37.77321212641716,1.6410970500481012,49.881369302373905,30.718827401272378,0.0,0.8699913053199525,23.835378227943906,3.291109365936246,100.03371932936916,65.79170077215812,0.0013201320132013201,1.405950651232285,38.519195924172195,3.1062494673359833,94.41487742662564,63.885033965499574,0.0,116.31866203537534,0.9663239812368375
wave_r25_pc_02,wave_r25_pc,,capped,2,2602.159,2.4,0.5,0.1,0.02,1.0,True,"{""angle_deg"": 25.0, ""type"": ""ramp""}",,,25.0,,-5.45,-1.4,0.26130913087034974,-5.44067105094063,-1.4093909443929342,-2.9294171904731385,37332,42366,4148,83,wave,0.0245,2075,True,False,,38.440000000000055,40.816326530612244,38.440000000000055,0.5001747438222373,0.013011829964158079,0.5310951005778808,0.07475875580883065,7.639406257862345,1.393552851522931,16.85033750386312,17.63037191926847,0.38108718494916416,-1.202997782456926,-16.84449679819233,17.63037191926847,9.211537925125032,0.23081621710304226,0.7299709564225951,2.337415022846669,-0.548645696607561,-8.149679805279627,0.06674532461036058,0.12361673896194993,0.06919301120781855,0.0,0.1001933044078164,-0.03531014353931825,3.12272490899636,5.196047841913677,5.0,212,0.002240654112897713,0.0025635561579787376,0.011374536880076684,1.0746304245701672,34.2190487493748,1.6636713562071233,1.3714897694561257,37.57506217688015,3.276342582954372,99.58488094086236,26.22733483156761,0.0006066909343040389,1.161852529778859,31.831576158324904,3.293490548462661,100.10609569795322,79.7477437707809,0.0042468365401282715,1.5478319767969686,42.406355528684074,3.3004193550660443,100.31669772237217,80.79917441464187,0.046021840873634944,115.29808726687313,0.9704209290918155
tripod_r00_nopc_03,tripod_r00_nopc,,common,3,2655.114,0.95,0.5,0.1,0.02,1.0,False,"{""angle_deg"": 0.0, ""type"": ""ramp""}",,,0.0,,-5.45,-1.4,0.05,-5.434295364934675,-1.3817433394563348,-1.9786314994920535,21348,24034,2372,48,tripod,0.025,1187,True,False,,22.300000000000182,40.0,22.300000000000182,0.5000691662507359,0.022424626289270486,0.8969850515708194,0.001087939688458637,0.11489330524844703,0.0015686617048981596,0.0005992768924970808,0.006191165579952623,0.16518615233545916,0.00013808701944937845,6.917043529975986e-05,0.0019180693497268522,0.006191165579952623,0.15830721132877687,0.03252485598037372,0.5206832973372214,-1.5343816740897783e-09,-1.025460700189398e-08,0.09948532659158267,0.1285309734682067,0.10005798222028706,0.0,0.09766803333622691,0.09851905044975785,3.14336917562724,3.815412186379928,3.0,144,0.00036432609395280175,0.0005693685305422875,0.0009583767908646079,0.16395506841695293,25.566800551742954,1.2570844374772723,0.3787889372883597,10.377779103790676,1.394182432630713,42.376365733456325,42.29298668885828,0.0,0.6705419803463072,18.3710131601728,3.2826990555069586,99.77808679352458,68.25548573616776,0.00044802867383512545,0.5776473490190864,15.825954767646206,3.1323640150412566,95.20863267602603,65.16539197040709,0.0,116.31817300675696,0.9680466112510951
tripod_r00_pc_03,tripod_r00_pc,,common,3,2689.1600000000003,0.95,0.5,0.1,0.02,1.0,True,"{""angle_deg"": 0.0, ""type"": ""ramp""}",,,0.0,,-5.45,-1.4,0.05,-5.463855791555046,-1.402693303222264,0.5854174088984497,21330,25807,2370,48,tripod,0.025,1186,True,False,,22.2800000000002,40.0,22.2800000000002,0.5000349676080122,0.022443221167325302,0.897728846693012,0.0009502616386681964,0.01729175641262247,0.12886585806233644,0.03584175687984434,0.25031321094359454,0.1651838601463147,-0.10881911731650915,-0.024418357166791055,0.13485865985583376,0.25031321094359454,0.16857986934896724,0.039249195193988805,0.522626492502968,0.10947255559761215,0.02393239319324331,0.09954616445530359,0.12790814947581333,0.1001591001301349,0.0,0.097611354921193,0.09857196799237258,3.1515695067264575,3.799103139013453,3.0,144,0.00036458880894489967,0.0005706656816677805,0.0009638053119948899,0.1643399263961091,25.55190873780487,1.2564388571740013,0.3796288428579627,10.40079021528665,1.37275880186727,41.72519154611763,41.524430453051835,0.0,0.6694643224778751,18.341488287065072,3.2830092107942472,99.78751400590417,68.51213488349244,0.001195814648729447,0.585646069164693,16.045097785334054,3.1722994158232254,96.42247464508284,65.3555673433971,0.0,116.31815358311655,0.9702922481014608
tripod_r05_nopc_03,tripod_r05_nopc,,common,3,2723.194,0.95,0.5,0.1,0.02,1.0,False,"{""angle_deg"": 5.0, ""type"": ""ramp""}",,,5.0,,-5.45,-1.4,0.09357787137382909,-5.430440694905701,-1.3814601553057624,2.9271170396758177,21349,27203,2372,48,tripod,0.025,1187,True,False,,22.320000000000164,40.0,22.320000000000164,0.5004277638927345,0.022420598740713744,0.8968239496285497,0.0005644796424371448,-0.0485145215949975,0.2512724762409079,4.9936124339880985,4.994753982475236,0.21200253548543124,-0.25125077831284914,-4.993612397438512,4.994753982475236,0.2589555601087569,0.13568045268410878,0.0436130954753068,0.4844557027467428,-1.0477694858777436e-09,7.027661361647948e-10,0.0952468527818854,0.11315801317452376,0.09571852762932034,0.0,0.09766803333817142,0.09489844597356001,3.1405550581915844,3.4341987466427932,3.0,144,0.0003720556739693526,0.0005742273100698058,0.0010351678755176747,0.16523599391785374,24.84760080860823,1.2208490066022823,0.3787365068795848,10.3763426542352,1.2239940882118308,37.20346772680337,37.10648094137516,0.0,0.6758117726589604,18.51539103175234,3.2826076679286973,99.7753090555835,65.55235167073735,0.0004476275738585497,0.584369280418869,16.010117271749838,3.244328042493602,98.61179460466875,64.46118489798565,0.00014920919128618324,116.31874633661123,0.9554073414596221
tripod_r05_pc_03,tripod_r05_pc,,common,3,2757.1420000000003,0.95,0.5,0.1,0.02,1.0,True,"{""angle_deg"": 5.0, ""type"": ""ramp""}",,,5.0,,-5.45,-1.4,0.09357787137382909,-5.460177223390503,-1.3960446719283284,-0.3847851377176108,21402,25997,2378,48,tripod,0.025,1190,True,False,,22.38000000000011,40.0,22.38000000000011,0.5004226953918265,0.022360263422333514,0.8944105368933405,0.0008042535593659928,0.04791007626853726,0.07523770260318477,0.11626072953405958,0.21471529657277508,0.20985909341334683,-0.04958393777974759,-0.11334009715536812,0.16592567579579723,4.986451100247035,0.09869806183213063,0.135209265876443,0.4410735561952615,0.08018081055321209,-4.885647544439093,0.10011430419383179,0.11821247287765875,0.10082942791890108,0.0,0.09874940579804084,0.10002350580605056,3.132142857142857,3.4794642857142857,3.0,144,0.00041351622870894556,0.0005938195178960964,0.0009279115840957815,0.17087534342811625,26.454426576548393,1.2998102696572253,0.377864337114279,10.352447592172028,3.292707136970175,100.08228379848555,41.47747189240024,0.00014880952380952382,0.6824559119410537,18.697422244960375,3.280366490726253,99.70718816797121,62.63860642469704,0.004315476190476191,0.6149440527778834,16.84778226788722,3.287810282143696,99.93344322625215,68.80260164059506,0.00014880952380952382,115.96559947049747,0.9602722484291201
tripod_r10_nopc_03,tripod_r10_nopc,,common,3,2791.3120000000004,0.95,0.5,0.1,0.02,1.0,False,"{""angle_deg"": 10.0, ""type"": ""ramp""}",,,10.0,,-5.45,-1.4,0.13682408883346517,-5.460743908170485,-1.4173849051713312,-1.9876297574636588,21362,28446,2373,48,tripod,0.025,1187,True,False,,22.31999999999971,40.0,22.31999999999971,0.5002749648796362,0.022413752906794027,0.8965501162717611,0.0009087590987577297,0.09858315945962265,0.3437478713852781,9.99411003003924,9.995974211790994,0.25170616548497116,0.34368248963201303,-9.994110010388004,9.995974211790994,0.35925413033297504,0.16679887804281102,0.07854812819272224,0.5474572646023651,-1.5790630762902644e-10,-1.0298989207295215e-09,0.08638604695638459,0.10277453562283426,0.08715469694927856,0.0,0.0976680333401038,0.08604529296041956,3.146821844225604,3.3831692032229186,3.0,144,0.00037191332384858063,0.0005978673904212525,0.0010899826048663321,0.17209088521107352,24.31046088289302,1.19482107395882,0.379196368462433,10.388941601710494,1.0374085623152096,31.532175146358956,31.424001230029234,0.0,0.6719190082012423,18.408739950718967,3.282825310480687,99.78192433071996,62.27611520291318,0.000596836765144733,0.5812412575702135,15.924418015622287,3.290890264923914,100.02705972413112,63.53135217331361,0.0002984183825723665,116.31812430233754,0.9658688021752747
tripod_r10_pc_03,tripod_r10_pc,,common,3,2825.335,0.95,0.5,0.1,0.02,1.0,True,"{""angle_deg"": 10.0, ""type"": ""ramp""}",,,10.0,,-5.45,-1.4,0.13682408883346517,-5.455661930848552,-1.4164791307809936,-2.0955660517802683,21726,26610,2413,49,tripod,0.025,1207,True,False,,22.7199999999998,40.0,22.7199999999998,0.5004553361301111,0.02202708345643114,0.8810833382572455,0.0005699863223985156,-0.05155551171980224,0.074249744454623,1.7386579143013379,1.8074778871649773,0.253805189353758,0.06757330171529255,-1.738501150490192,1.8074778871649773,8.333652621219859,0.05421182152516333,0.07417241395301577,0.3573628079521764,0.299971840185641,-8.251925121128615,0.09774957740008755,0.11442446934906005,0.09826336235796494,0.0,0.09948771145431236,0.09747046809199957,3.156552330694811,3.4133685136323657,3.0,147,0.0003943223644598614,0.0006046704786768581,0.0008806734184508356,0.17761125161155075,27.72121985548128,1.3619647979039287,0.37764485013718296,10.34643425033378,1.3225631489053318,40.1994878086727,39.59952647037362,0.0,0.7407581018455516,20.294742516316482,2.4479339349653215,74.40528677706145,57.56967095407222,0.0,0.6386648736084027,17.497667770093226,2.6762068946530237,81.3436746095144,70.8852475722265,0.0,115.28525920534699,0.9681012859912747
tripod_r15_nopc_03,tripod_r15_nopc,,common,3,2859.876,0.95,0.5,0.1,0.02,1.0,False,"{""angle_deg"": 15.0, ""type"": ""ramp""}",,,14.999999999999998,,-5.45,-1.4,0.17940952255126036,-5.4682139405932055,-1.395083749052313,-0.04370112080338728,21348,24854,2372,48,tripod,0.025,1187,True,False,,22.31999999999971,40.0,22.31999999999971,0.5002543968764456,0.022412831401274737,0.8965132560509894,0.0008538324471139229,0.013563635027671422,0.007687507554638573,14.999929163378273,15.001524869231181,0.29028274223709716,0.0029743467125786212,-14.999929152082114,15.001524869231181,0.01771998456810639,0.15787802016803038,0.10527483780867426,0.54656145926314,6.876932186407401e-10,-1.4687631978198263e-09,0.07741352217628032,0.09259565388271453,0.07794438105789232,0.0,0.09766803334202918,0.07711498521898912,3.1405550581915844,3.368845120859445,3.0,144,0.0003792427696035902,0.0006200045811868136,0.0011492955789433506,0.1784702546161593,23.404532499191276,1.1503436372846019,0.3778667910888645,10.352514824352452,0.839403996315781,25.513799280114924,25.451496054257976,0.0,0.6708119058603044,18.378408379734363,2.742836776866732,83.36889899290978,58.87816923888656,0.0,0.576867651159171,15.804593182443043,2.2991311987941314,69.88240725818028,62.20669397086137,0.0,116.31889003997513,0.9698030435624285
tripod_r15_pc_03,tripod_r15_pc,,common,3,2893.9170000000004,0.95,0.5,0.1,0.02,1.0,True,"{""angle_deg"": 15.0, ""type"": ""ramp""}",,,14.999999999999998,,-5.45,-1.4,0.17940952255126036,-5.460257879876004,-1.398946050419108,-0.4533193340641318,21726,25594,2414,49,tripod,0.025,1208,True,False,,22.73999999999978,40.0,22.73999999999978,0.5004083412972188,0.022005643856518188,0.8802257542607275,0.0007065755107289232,0.01174733539105003,0.036637607045024216,6.580822505294648,6.6468432382733775,0.2951042845803109,0.02568340025008344,-6.580795124595763,6.6468432382733775,8.467485319379895,0.07268094276150724,0.07205065959540702,0.36413558378490074,0.08314180974650126,-8.413794053989276,0.08877096220870954,0.10515528774525046,0.08917524796198496,0.0,0.09957793519234888,0.08847871759326854,3.1528998242530757,3.4112478031634446,3.0,147,0.0003972296470176927,0.0006334060418646735,0.0009499029282495829,0.18606922877506946,27.007852252132245,1.327040696758609,0.3798090144311205,10.405726422770424,1.1214744118075897,34.08736814004832,33.870435113888725,0.0,0.7375983314531873,20.20817346447089,3.3023857134440235,100.37646545422564,54.10905877944061,0.002050380785002929,0.6449184785038024,17.66899941106308,2.7383129636017913,83.23139706996326,68.79121832800621,0.0,115.2376393130956,0.9715570133006528
tripod_r20_nopc_03,tripod_r20_nopc,,common,3,2928.518,0.95,0.5,0.1,0.02,1.0,False,"{""angle_deg"": 20.0, ""type"": ""ramp""}",,,20.0,,-5.45,-1.4,0.22101007166283437,-5.443633871051797,-1.3826933112100817,-0.880247361158502,21420,26348,2380,48,tripod,0.025,1191,True,False,,22.40000000000009,40.0,22.40000000000009,0.5003700812136306,0.022337950054179847,0.8935180021671938,0.0011110088184930408,0.11245912301599857,0.31325117802924946,19.997607068119827,19.99843368741755,0.3370097141788361,0.3130610236241986,-19.997607059126132,19.99843368741755,0.3386078323770178,0.12366797017409023,0.08045708736651755,0.48441441345091085,5.013869157935799e-10,-5.404134627988271e-09,0.06730784562428915,0.08185444503313322,0.06796313743278862,0.0,0.09766803334395932,0.06704638214287309,3.1471900089206066,3.3568242640499553,3.0,144,0.0003438961688128887,0.000641498470245382,0.0011856300613729666,0.18461445533331003,22.83491039414789,1.1220858075937987,0.3800879706192908,10.413369058062761,0.648212497857292,19.70250753365629,19.609431855875556,0.0,0.6680054733768629,18.301519818544186,3.2816253390780896,99.74545103580819,55.05418040367669,0.0001486767766874814,0.5805415939285258,15.905249148726734,3.290816963159059,100.02483170696227,59.96829747378773,0.0001486767766874814,116.31790987087548,0.9682748832700812
tripod_r20_pc_03,tripod_r20_pc,,common,3,2967.7920000000004,0.95,0.5,0.1,0.02,1.0,True,"{""angle_deg"": 20.0, ""type"": ""ramp""}",,,20.0,,-5.45,-1.4,0.22101007166283437,-5.4441939386930045,-1.4112433304715872,2.639396394095905,21870,26780,2431,49,tripod,0.025,1216,True,False,,22.879999999999654,40.0,22.879999999999654,0.5002168292545139,0.021862623656229086,0.8745049462491634,0.00046757767081537227,-0.3449452016055405,0.7397522438526181,11.7540192931337,12.285008532916613,0.3358131419355882,-0.7388725958024052,-11.75393866222694,12.285008532916613,8.350432743196402,0.04614188412232513,0.11469014156700034,0.37650576598813457,-0.49713962375627485,-8.20545662667197,0.07801540772859486,0.09460954544166565,0.07856507827226368,0.0,0.0996574219528379,0.012186838259969118,3.1589519650655022,3.420960698689956,3.0,147,0.0003171314385552369,0.0006584080730627187,0.002823127944540308,0.19348788493758762,26.326734524280873,1.2940690807166713,0.37827039528099254,10.363572473451852,2.2542024939731586,68.51679312988324,27.95605748223275,0.0,0.7358577764671252,20.160487026496583,3.02932719254436,92.07681436305046,51.688736086055115,0.0,0.6336612381960484,17.360581868384887,2.6235456979308482,79.74303033224462,67.20257074312953,0.0,116.12079061124584,0.9695316166677934
tripod_r25_nopc_03,tripod_r25_nopc,,common,3,3002.2780000000002,0.95,0.5,0.1,0.02,1.0,False,"{""angle_deg"": 25.0, ""type"": ""ramp""}",,,25.0,,-5.45,-1.4,0.26130913087034974,-5.445292300780715,-1.413650102495984,-1.4576936345938771,22716,28096,2524,51,tripod,0.025,1263,True,False,,23.800000000000182,40.0,23.800000000000182,0.5002197532517981,0.02101763669125186,0.8407054676500744,0.0017347022594545146,0.27158510073984465,0.6134356787551793,24.99288825294756,24.994803561947343,0.37278156682082614,0.6123864895136344,-24.992888231711206,24.994803561947343,0.6895035221926522,0.11950849838475534,0.1030004108375702,0.48262942070963805,-1.3083594532817587e-09,-5.703808762912311e-09,0.05666004888862062,0.07107514485456749,0.05725025158582191,0.0,0.09766803334591542,0.05641294339914634,3.141057934508816,3.3618807724601174,3.0,153,0.0004829676363565614,0.0009571422587407991,0.0015058094000049002,0.2927550964351948,21.610967837180674,1.062257804771594,0.3771251190303021,10.332195041926086,0.6837860112710983,20.78376933954706,12.414368710041256,0.0,0.6672974324063958,18.282121435791666,3.2816104860260604,99.7449995752602,50.03265043641343,0.0001399384270920795,0.5795188413622447,15.877228530472458,3.275637421214459,99.56344745332702,57.06639182829575,0.000279876854184159,116.3186676832976,0.9677532030928285
tripod_r25_pc_03,tripod_r25_pc,,common,3,3038.02,0.95,0.5,0.1,0.02,1.0,True,"{""angle_deg"": 25.0, ""type"": ""ramp""}",,,25.0,,-5.45,-1.4,0.26130913087034974,-5.463633945575459,-1.4128346386212123,-1.15920685998948,22769,27088,2529,51,tripod,0.025,1265,True,False,,23.840000000000146,40.0,23.840000000000146,0.5000883716175895,0.0209768612255699,0.8390744490227959,-0.0006060201777870703,-0.34025070381936984,0.3982879033840737,16.66020482925512,16.67931238001745,0.37035153073483745,0.3970819928106353,-16.66020206988008,16.67931238001745,8.36119457122624,0.00890865568101239,0.024011157780645255,0.05538300080087341,0.19615881218195938,-8.323970504431196,0.06764981130630585,0.0840100578910493,0.06812787152150122,0.0,0.09954323483473815,0.06745137339382136,3.160100586756077,3.4316848281642915,3.0,153,0.0002796000513048857,0.0007669429941774789,0.001269834623663649,0.23464270609781673,23.571155894759087,1.1589176973427244,0.3788934611394264,10.38064277094319,0.7018135068263984,21.331717532717278,14.147935312435234,0.0,0.7383246333839257,20.228072147504815,2.3013115843985736,69.94868037685634,46.278694959972746,0.0,0.6440803914236483,17.646038121195843,2.080673729263971,63.24236259161006,62.1696211815231,0.0,115.25597887062318,0.9710836495707874
ripple_r00_nopc_03,ripple_r00_nopc,,common,3,3073.731,1.3,0.5,0.1,0.02,1.0,False,"{""angle_deg"": 0.0, ""type"": ""ramp""}",,,0.0,,-5.45,-1.4,0.05,-5.43707718227348,-1.401717647934755,-1.3369801952460112,19224,20412,2136,43,ripple,0.025,1068,True,False,,19.659999999999854,40.0,19.659999999999854,0.500417806204812,0.025453601536358887,1.0181440614543553,0.0008067815438817464,0.05844565136381124,0.07288769054105897,0.061692896514839064,0.2289491749450912,0.16621715100474088,0.004767087696763396,0.007722666797443381,0.19113997658861098,0.2289491749450912,0.14342023748249375,0.3048382372660259,0.8632378095388387,1.7258280002622744e-10,-5.534224139594787e-09,0.10243524424825921,0.11259524073991356,0.1032363634707215,0.0,0.10069576712414213,-0.004522051638380263,2.75,4.395325203252033,4.0,93,0.000592818898064193,0.0003407496493950922,0.0006552584349040181,0.06332643606263204,20.882043454133374,1.026027137259098,0.6386788130641131,17.498049672989403,2.03627674838507,61.89291028526048,39.91322424920804,0.0,0.7259341315561605,19.888606344004398,3.2945036649854975,100.136889513237,67.39699805667188,0.018462059620596206,0.7887180570264343,21.608713891135185,3.2966519784768864,100.20218779565005,83.33706375220395,0.0023712737127371273,116.31817345275392,0.9790139173460913
ripple_r00_pc_03,ripple_r00_pc,,common,3,3105.2760000000003,1.3,0.5,0.1,0.02,1.0,True,"{""angle_deg"": 0.0, ""type"": ""ramp""}",,,0.0,,-5.45,-1.4,0.05,-5.453236965569299,-1.4093040707960722,1.402094497039762,19242,21191,2138,43,ripple,0.025,1070,True,False,,19.720000000000255,40.0,19.720000000000255,0.5004296449694581,0.025376756844292678,1.015070273771707,9.198183640228216e-05,-0.03609566418138114,0.12824493974170323,0.1464980686567702,0.5423767116891473,0.16621666270891486,-0.023767608177303216,0.06181687537020997,0.5423767116891473,0.5423767116891473,0.18253354611809486,0.2545298831607888,0.8211957125146794,0.02671735191896188,-0.04795193041055531,0.1023220496496563,0.11221813776356555,0.1031964862618751,0.0,0.10065903236353402,-0.00462415913277952,2.711246200607903,4.38500506585613,4.0,92,0.0005948846546521829,0.00034601574988443176,0.000676588810843811,0.06361223554925739,21.125901666060013,1.0379857446387897,0.6322795938743373,17.322728599296912,3.293628222444985,100.11028031747675,40.119338167303724,0.00016886187098953058,0.7497181176079789,20.5402224002186,3.29611590754953,100.18589384649027,67.2143342259202,0.012833502195204323,0.7952885283887853,21.7887268051722,3.2966766299618353,100.20293708090685,82.12728298638811,0.001519756838905775,116.31807543598997,0.9790520919295994
ripple_r05_nopc_03,ripple_r05_nopc,,common,3,3136.739,1.3,0.5,0.1,0.02,1.0,False,"{""angle_deg"": 5.0, ""type"": ""ramp""}",,,5.0,,-5.45,-1.4,0.09357787137382909,-5.467648750119588,-1.4084308575941087,-1.060523471014152,19350,23394,2150,44,ripple,0.025,1076,True,False,,19.800000000000182,40.0,19.800000000000182,0.5004894772514719,0.02527724632583168,1.0110898530332673,0.0009239267530664671,0.056196256686279984,0.11998803384348507,5.026352461828325,5.178143807467117,0.2096595643982933,0.09205297325291113,-5.026045903478645,5.178143807467117,0.320252312061633,0.1556890957648066,0.3381449767612267,0.8247065576559355,-3.855180635699979e-10,-6.170953919410786e-10,0.00041356773700323204,0.048578363725090404,0.001267446698261955,0.0,0.10067186691406194,-0.0055783501097102116,2.94853683148335,3.2956609485368316,4.0,125,0.000747758267231016,0.0004581967873315832,0.0015185700560975924,0.1144369728744714,20.199180246579527,0.9923325210557378,0.6410671209967792,17.563482767035048,1.2517060981080865,38.04577805799655,35.01695352309185,0.0,0.730290367810888,20.00795528249008,3.2913660901826,100.04152249795136,64.71851360813378,0.015472586612848975,0.7785141826386974,21.329155688731436,2.88153031175306,87.58450795602006,78.28214511570317,0.0,116.31882086455168,0.9686621282625022
ripple_r05_pc_03,ripple_r05_pc,,common,3,3172.8790000000004,1.3,0.5,0.1,0.02,1.0,True,"{""angle_deg"": 5.0, ""type"": ""ramp""}",,,5.0,,-5.45,-1.4,0.09357787137382909,-5.46273921925282,-1.3904737686647102,-1.9185158243477334,21402,23256,2378,48,ripple,0.025,1190,True,False,,22.080000000000382,40.0,22.080000000000382,0.5001055953290771,0.02264970993338172,0.9059883973352687,-0.0003363480021589399,-0.1021555494834994,0.20768494964245654,0.20509848104319234,0.7460650763857182,0.21042336172928428,0.02502468700059708,-0.05708632499541089,0.7460650763857182,5.404501990094829,0.234903053924814,0.26473218584132296,1.1491415528734632,0.16214671029079725,-4.983086407962759,-0.000941510414015002,0.076479605755797,-2.144188843154981e-06,0.05067873303167421,0.10169521105148292,-0.0036572745498677714,2.751131221719457,3.8036199095022623,4.0,120,0.0005928634892851043,0.00036373690772715167,0.0011169807428958265,0.08727840563325646,20.983252736834004,1.0316447460805447,0.6346881185606676,17.388715577004593,3.2879572849457523,99.93791139652744,29.32810643219519,0.00045248868778280545,0.7692697491094964,21.075883537246476,3.288703835060033,99.9606028893627,68.16053568761777,0.0006033182503770739,0.8174284244970694,22.395299301289572,3.2836604109745835,99.80730732445544,77.28293487658765,0.0006033182503770739,115.96783122276466,0.9738303986296588
ripple_r10_nopc_03,ripple_r10_nopc,,common,3,3206.98,1.3,0.5,0.1,0.02,1.0,False,"{""angle_deg"": 10.0, ""type"": ""ramp""}",,,10.0,,-5.45,-1.4,0.13682408883346517,-5.4579807462763315,-1.4177409375148926,1.5335138230073238,19386,23119,2154,44,ripple,0.025,1078,True,False,,19.83999999999969,40.0,19.83999999999969,0.5004643623662749,0.02522501826442957,1.0090007305771826,0.0011529963957823963,-0.054813861806661535,0.28686266439138375,10.025797412916287,10.180933561061934,0.2540087288045046,-0.2761510326229648,-10.025650019622834,10.180933561061934,0.5211731569802243,0.1396987761402596,0.15617612736602898,0.62950493210696,-1.1721076425373184e-10,-5.852019786571356e-10,0.005813244617798088,0.04913485354069679,0.006691411676411127,0.0,0.10069576712364058,-0.010879805705364686,3.0715005035246725,3.29607250755287,4.0,100,0.0009976109207489876,0.0005773321334226564,0.0010144670250519078,0.1153589821700271,19.174755509038963,0.9420516005062279,0.6369823416491179,17.451571004085423,1.7460591194615918,53.071705758711,29.788302144099255,0.0,0.7286335566800856,19.962563196714672,3.2911787164645783,100.03582724816347,61.394277214270616,0.0011748909029875797,0.781395296672399,21.408090319791754,3.2829705165001095,99.78633788754131,72.05894865736354,0.0005035246727089627,116.31840836814082,0.9678317436622922
ripple_r10_pc_03,ripple_r10_pc,,common,3,3238.614,1.3,0.5,0.1,0.02,1.0,True,"{""angle_deg"": 10.0, ""type"": ""ramp""}",,,10.0,,-5.45,-1.4,0.13682408883346517,-5.455445479335102,-1.3937628642894357,-1.696583386819459,23022,24749,2559,52,ripple,0.025,1280,True,False,,23.759999999999764,40.0,23.759999999999764,0.5002151093165536,0.021052824466185123,0.8421129786474049,-0.003563569082861824,0.049631098886745384,0.2534122137120191,1.8049398719660603,2.193066852300104,0.2552885374445631,0.056765293538558866,-1.7926907952551514,2.193066852300104,8.664253836968495,0.2532843203193511,0.5104140756055583,1.0390232605971108,0.24900476487019055,-8.290616783080134,0.0022284662806544534,0.06367983404074497,0.003013958927883115,0.0,0.10254157288453969,-0.006411207772907619,2.9411269974768715,3.7014297729184187,4.0,147,0.0005990126674121934,0.0004678395675908789,0.0013233331096690545,0.1374821662637995,22.546504836641986,1.108231475738192,0.638685367497952,17.498229246519234,3.2833461799543935,99.79775622961682,40.74446057424252,0.0008410428931875525,0.8543862417146403,23.40784223875727,3.292947716544114,100.08959624754146,73.0211681589892,0.003504345388281469,0.82923451104236,22.718753727187945,3.289999037326992,99.99997073942224,70.04856138891252,0.0030838239416876925,115.26657272064722,0.9743667791244793
ripple_r15_nopc_03,ripple_r15_nopc,,common,3,3279.02,1.3,0.5,0.1,0.02,1.0,False,"{""angle_deg"": 15.0, ""type"": ""ramp""}",,,14.999999999999998,,-5.45,-1.4,0.17940952255126036,-5.469127992211445,-1.4071032736596119,1.674383116782081,19386,22120,2154,44,ripple,0.025,1078,True,False,,19.859999999999673,40.0,19.859999999999673,0.5004096840585658,0.025196862238598895,1.0078744895439558,0.0007156836209423704,-0.07921852082146232,0.43567109012678,15.022725302862137,15.178084727187443,0.29174713786302825,-0.42885504317075573,-15.022628884666041,15.178084727187443,0.6755019815756004,0.09746990400394293,0.37165478771510835,0.8172720839074362,2.585782180992494e-09,-3.009680826124732e-09,0.011160123516674727,0.0507464092971771,0.012077441834848992,0.0,0.1006957671233792,0.011160123516674727,3.0925553319919517,3.300804828973843,4.0,94,0.0010488938103490036,0.000620761987543629,0.0010857264261245633,0.11660758970970228,18.3256390066011,0.9004345457202042,0.6368785904719771,17.448728506081565,1.5705197261082067,47.73616188778743,24.321833916422197,0.0,0.7308823291130153,20.024173400356585,3.1242892425154087,94.96319886065072,57.7796261956886,0.0,0.7789478934403969,21.34103817644923,3.1804403237043006,96.66991865362615,65.13944418614442,0.0,116.31914656103764,0.971788423277908
ripple_r15_pc_03,ripple_r15_pc,,common,3,3315.518,1.3,0.5,0.1,0.02,1.0,True,"{""angle_deg"": 15.0, ""type"": ""ramp""}",,,14.999999999999998,,-5.45,-1.4,0.17940952255126036,-5.4365021687814,-1.4060464097413534,2.08164467124952,23328,27671,2592,52,ripple,0.025,1297,True,False,,24.09999999999991,40.0,24.09999999999991,0.5003132483847991,0.020759885825095477,0.830395433003819,0.0038256418319726135,0.30592922655639665,0.4096663389810366,6.6645644050969866,7.014302352073566,0.30184942519094676,-0.3450277560422856,-6.661508837705843,7.014302352073566,8.725231781872225,0.2920548632568486,0.4278834096752391,1.0444873232204284,-0.2225052660973137,-8.420544121248462,0.007536017258571945,0.0645084759243558,0.008415806030154876,0.0,0.10268216769145473,-0.011615955963055272,3.0696517412935322,3.6865671641791047,4.0,149,0.0006778824078198641,0.0005884970298586427,0.0015099860912665601,0.1752571900104645,22.745900524518028,1.1178090137980223,0.6385037959000085,17.493254682192013,3.22781780671164,98.10996372983709,36.1768214080634,0.0002763957987838585,0.8761478192731154,24.004049843099054,3.2893302818144785,99.97964382414828,65.61162707789613,0.0012437810945273632,0.8226807094117279,22.539197518129534,3.2819165395690564,99.75430211456097,63.03767433147573,0.0006909894969596462,115.25628447209488,0.9711893401977375
ripple_r20_nopc_03,ripple_r20_nopc,,common,3,3351.8190000000004,1.3,0.5,0.1,0.02,1.0,False,"{""angle_deg"": 20.0, ""type"": ""ramp""}",,,20.0,,-5.45,-1.4,0.22101007166283437,-5.467986042965052,-1.399115418557061,-1.455465502011924,19440,23569,2160,44,ripple,0.025,1081,True,False,,19.90000000000009,40.0,19.90000000000009,0.5001175391570463,0.025131534631007237,1.0052613852402894,0.0012821050561146932,0.09175349675101081,0.5192407550149735,20.022229403932233,20.17760938463243,0.33033790936534596,0.5136739582299029,-20.022157794902686,20.17760938463243,0.7570962608482293,0.12103877705780154,0.2664483342202345,0.5489939563954401,-7.683158341493874e-10,-3.079868102651241e-09,0.016243670592636473,0.050440691652322484,0.01744106284120046,0.0,0.10067186688660587,0.016243670592636473,3.0913654618473894,3.291164658634538,4.0,94,0.0010023002661916794,0.000596016634171152,0.0009972281505037106,0.11202442450668101,17.827476857398928,0.8764669416113222,0.6363820604337794,17.435124943391216,3.0782721012158603,93.56450155671307,23.09699197767644,0.0,0.7287486694751865,19.965716971922916,3.2948926211764267,100.14871188986099,54.05646181025013,0.0025100401606425703,0.7883908526974348,21.599749388970817,3.283361955187999,99.79823571999997,59.90059229012339,0.002175368139223561,116.31790077733231,0.9698826278998774
ripple_r20_pc_03,ripple_r20_pc,,common,3,3388.5950000000003,1.3,0.5,0.1,0.02,1.0,True,"{""angle_deg"": 20.0, ""type"": ""ramp""}",,,20.0,,-5.45,-1.4,0.22101007166283437,-5.452436892451977,-1.4111343271348915,2.361399730795678,24984,29543,2776,56,ripple,0.025,1389,True,False,,25.920000000000073,40.0,25.920000000000073,0.5002680650116701,0.019300465471129194,0.7720186188451678,0.006709081867739358,0.21197004594401114,0.5112650873227493,11.718697876503624,12.002350651492433,0.33614129016905187,-0.46956276933413443,-11.717122817639703,12.002350651492433,8.695050349791495,0.21203094352155633,0.9074865171556221,1.5151393871935155,-0.297506698049661,-8.361685740595512,0.012878551480090369,0.0765408798778774,0.013857786293646443,0.0,0.10267724961650539,-0.016750165579158968,3.107170393215112,3.8319198149575944,4.0,141,0.0012890497497867514,0.001421440731902175,0.002885940200171217,0.400595436003282,24.350033029936952,1.196676752893251,0.6392092359171939,17.512581805950518,3.139040819707745,95.4115750671047,39.762053385341865,0.0,0.8445146399429218,23.137387395696486,3.271578700943495,99.44008209554696,59.71008565118704,0.004112053456694937,0.817860122507227,22.407126644033614,3.2844225946536314,99.83047400163012,56.817433666350944,0.0021845283988691853,116.13205951827943,0.9698494401332799
ripple_r25_nopc_03,ripple_r25_nopc,,common,3,3426.7520000000004,1.3,0.5,0.1,0.02,1.0,False,"{""angle_deg"": 25.0, ""type"": ""ramp""}",,,25.0,,-5.45,-1.4,0.26130913087034974,-5.457913013379848,-1.3821883229185699,-2.3454589264775025,19800,23520,2201,45,ripple,0.025,1101,True,False,,20.300000000000182,40.0,20.300000000000182,0.500275146674056,0.024644095895273475,0.985763835810939,0.0002850076614170083,0.07255517336035178,1.0585188917718704,25.008183382472925,25.16115497781993,0.3708097576882623,1.056243232707563,-25.008126065370277,25.16115497781993,1.2801292326208207,0.15989864299362433,0.2357152304493152,0.5855405930039642,-2.3056858836822705e-10,-4.7459197927844845e-09,0.02128555474033229,0.05048221396549465,0.022508603534965022,0.0,0.10069576712282821,0.02128555474033229,3.091535433070866,3.2874015748031495,4.0,96,0.000940318916909467,0.0006889998622438366,0.0013092499363087148,0.13221518795844187,16.582418456533837,0.8150007725282332,0.6352250395426327,17.403425740894047,1.6480400088701104,50.09240148541369,26.473561538627905,0.0,0.724026354268885,19.836338473120136,3.294247519571145,100.12910393833268,48.48000108605648,0.0026246719160104987,0.7868956165646361,21.55878401546948,3.2834158092254,99.79987262083283,53.98270947616058,0.0024606299212598425,116.31866867797841,0.9695377180740029
ripple_r25_pc_03,ripple_r25_pc,,common,3,3458.8570000000004,1.3,0.5,0.1,0.02,1.0,True,"{""angle_deg"": 25.0, ""type"": ""ramp""}",,,25.0,,-5.45,-1.4,0.26130913087034974,-5.4528067597548135,-1.4022622026781384,1.256608758133909,28008,33675,3112,63,ripple,0.025,1557,True,False,,29.220000000000255,40.0,29.220000000000255,0.5001634840202063,0.01711716235524305,0.6846864942097219,0.005320002134183663,0.3901894752102446,0.42231736403847603,16.63100276240877,16.94452574493832,0.37407344541515436,-0.37132191086470084,-16.629883462755153,16.94452574493832,8.726918606970594,0.259862707981286,0.645081398158631,1.7050886782807915,-0.17049740274371036,-8.455680888880897,0.01886909698455958,0.08645329544380173,0.01968823929589937,0.0,0.10270018729773246,-0.022760480362442798,3.1169630642954855,3.9596443228454175,4.0,151,0.002146765411576707,0.002447259345669199,0.003592779970817397,0.7387889576400747,26.695640592291483,1.3122693059488384,0.6366876515663444,17.44349730318752,3.156595994149339,95.94516699542064,37.518248279120364,0.0,0.8429103502506942,23.09343425344368,3.2888555856994373,99.96521537080356,57.61646177949171,0.002279981760145919,0.8286806028842812,22.703578161213187,3.2917112570580866,100.05201389234306,49.88682330765352,0.001709986320109439,115.23129806566851,0.9684983570386706
wave_r00_nopc_03,wave_r00_nopc,,capped,3,3505.5600000000004,2.4,0.5,0.1,0.02,1.0,False,"{""angle_deg"": 0.0, ""type"": ""ramp""}",,,0.0,,-5.45,-1.4,0.05,-5.456199109208276,-1.4003002014556856,-2.5773056367727105,20358,23323,2262,46,wave,0.0245,1132,True,False,,19.820000000000164,40.816326530612244,19.820000000000164,0.500536409751267,0.02525410745465504,1.030779896108369,0.0031487506841942174,0.3175397537916528,0.04207530558742054,0.05121228924467238,0.23411787477770798,0.16627967061591362,-0.006457817783783308,0.01291451910132842,0.23411787477770798,0.23411787477770798,0.15420236716514582,0.18962304094200638,0.753747154467997,-6.573465081095298e-16,-1.555365681199776e-14,0.09968599349341593,0.1378134376100537,0.1014382516225623,0.0,0.09838081715117494,-0.005972391077490533,2.931451612903226,5.205645161290323,5.0,123,0.0006029385244895039,0.0003511002181653234,0.0016824715928606313,0.08627638573272907,15.2169558107885,0.7474853470080784,1.371961072258137,37.58797458241472,1.8996303861058996,57.73952541355318,13.101144690615874,0.0,0.867030775008347,23.754267808447864,3.2912145421710868,100.03691617541297,99.99261141637128,0.10483870967741936,1.3973007635344807,38.28221269957482,3.297793365434916,100.2368804083561,89.26147739697812,0.0006720430107526882,116.31774000139023,0.9769462469855915
wave_r00_pc_03,wave_r00_pc,,capped,3,3538.451,2.4,0.5,0.1,0.02,1.0,True,"{""angle_deg"": 0.0, ""type"": ""ramp""}",,,0.0,,-5.45,-1.4,0.05,-5.457558741653378,-1.3910006272853805,-2.36453164853085,20376,21996,2265,46,wave,0.0245,1133,True,False,,19.859999999999673,40.816326530612244,19.859999999999673,0.5001411916533349,0.025183342983552022,1.027891550349062,0.003136060589160959,0.4445252010418056,0.13771428788106455,0.19261788421300832,0.4601547417096994,0.16623450913101454,0.023774937887773212,-0.004623785359216972,0.4601547417096994,0.4601547417096994,0.18826259320558192,0.2723238920244093,0.8474861191892341,-0.029811285654809692,0.016264985384342345,0.0994261737551199,0.13812996373301317,0.1016683182587264,0.0,0.09831405072108283,-0.00595033101132972,2.908450704225352,5.216297786720322,5.0,116,0.0006041311215668636,0.00034628193849396303,0.0021734646072798704,0.08031315135906626,15.86654127173981,0.7800101879224467,1.3803710322278349,37.818384444598216,2.6659295565226597,81.03129351132704,12.861721256254041,0.0,0.8774419805866849,24.039506317443422,3.2929480346085023,100.08960591515205,99.96733672733079,0.09926224010731052,1.4311917130587208,39.21073186462249,3.297170448859772,100.21794677385326,89.05706781252624,0.0030181086519114686,116.31807924569198,0.9784810529534024
wave_r05_nopc_03,wave_r05_nopc,,capped,3,3571.342,2.4,0.5,0.1,0.02,1.0,False,"{""angle_deg"": 5.0, ""type"": ""ramp""}",,,5.0,,-5.45,-1.4,0.09357787137382909,-5.451498573129793,-1.4105309218172675,-2.0070929991799096,20520,23757,2280,46,wave,0.0245,1141,True,False,,19.979999999999563,40.816326530612244,19.979999999999563,0.5001273760903024,0.02503140020472039,1.0216898042743014,-0.0017761156949589636,-0.3595330779047048,0.22044817104150566,5.0341260384723645,5.305314591555752,0.2128991546523268,0.21045321915099444,-5.03366646700739,5.305314591555752,0.5196727093686024,0.19086922200853132,0.1643222439838943,0.7159139458220325,-1.819590524385522e-10,-1.184290482899346e-10,-0.0009621954966345852,0.08205495682466196,0.0004876373137856483,0.027,0.09840386518672185,-0.007823341390676235,3.062,4.695,5.0,121,0.0010893707464551703,0.0008063020411169497,0.0034315563625603672,0.1950741671872499,14.636109785863052,0.7195508025294894,1.3749640688107974,37.670248460569795,1.2373070564677775,37.608117217865576,13.471864151082086,0.0,0.879527064313252,24.096631898993206,3.291332338170183,100.04049660091742,97.32328278354188,0.04616666666666667,1.4044643796653962,38.478476155216335,3.2955051080738436,100.16732851288278,86.01084367658478,0.00016666666666666666,116.31879706452688,0.9710132199576987
wave_r05_pc_03,wave_r05_pc,,capped,3,3604.4190000000003,2.4,0.5,0.1,0.02,1.0,True,"{""angle_deg"": 5.0, ""type"": ""ramp""}",,,5.0,,-5.45,-1.4,0.09357787137382909,-5.465147379495658,-1.3874453629046428,1.1199421172383288,27180,33012,3020,61,wave,0.0245,1511,True,False,,27.299999999999727,40.816326530612244,27.299999999999727,0.5000271853026034,0.01831601411364866,0.7475924128019861,0.03765700980390058,5.53839353192518,0.25453396574138126,0.4350441940931624,0.8509582747598385,0.21053041946811088,0.006245050193870808,-0.3048562139305375,0.8509582747598385,5.337912547135458,0.18492402620991644,0.3865634336215418,0.8952431466937733,-0.3822537265327601,-4.758923884397193,0.0005664886832617259,0.1285059562468328,0.10235784542858467,0.0,0.09938253556140479,-0.004803731808699402,3.2620790629575405,5.098828696925329,5.0,149,0.0017620728016912012,0.002061081747349834,0.006972606759442443,0.6124345416397305,21.362269064216562,1.047477598259462,1.3818508251301027,37.85892671589322,2.188561649631182,66.52163068787787,13.593729969071243,0.0,0.9706468186643747,26.593063525051363,3.294334481017696,100.13174714339502,95.98718320254586,0.04660810151293314,1.4952071255217283,40.96457878141722,3.2956385151989815,100.17138344069852,98.87162010633878,0.05100048804294778,115.96805679845642,0.9669914709353812
wave_r10_nopc_03,wave_r10_nopc,,capped,3,3645.277,2.4,0.5,0.1,0.02,1.0,False,"{""angle_deg"": 10.0, ""type"": ""ramp""}",,,10.0,,-5.45,-1.4,0.13682408883346517,-5.454821755988314,-1.4043343622870612,1.3707448528897213,20538,25795,2282,46,wave,0.0245,1142,True,False,,20.0,40.816326530612244,20.0,0.500006794966227,0.02500033974831135,1.0204220305433205,-0.001456824546723948,-0.37594349432152857,0.16158899507366686,10.037083935088411,10.312043574725248,0.25704056795216734,-0.1466399254950349,-10.036869261969478,10.312043574725248,0.40582792273050805,0.17191981871980594,0.17833255570870662,0.6895131228137024,-4.393577631357152e-11,-9.856437657220786e-11,0.004702435300988242,0.07853140976300757,0.006087617839691657,0.0,0.09840386518096582,0.004702435300988242,3.145854145854146,4.667332667332667,5.0,101,0.001413949717566096,0.0008979727157171647,0.0031153795040051446,0.18138725344851536,14.16499250761761,0.6965587794637638,1.3725598262495466,37.60437880135744,1.1546074478019135,35.094451300970015,16.47845655608669,0.0,0.8756703522628864,23.99096855514757,3.29123138128344,100.03742800253617,91.22664830465521,0.00333000333000333,1.4133198753852485,38.72109247630818,3.283875021882696,99.81383045236157,78.37739489077843,0.000333000333000333,116.31832608951613,0.9692609684888732
wave_r10_pc_03,wave_r10_pc,,capped,3,3682.791,2.4,0.5,0.1,0.02,1.0,True,"{""angle_deg"": 10.0, ""type"": ""ramp""}",,,10.0,,-5.45,-1.4,0.13682408883346517,-5.44584175401522,-1.383359389457908,2.516482117392454,34992,41147,3889,78,wave,0.0245,1945,True,False,,35.64000000000033,40.816326530612244,35.64000000000033,0.5001877316080077,0.014034448137149358,0.5728346178428309,0.042915114524801984,4.7281894641168645,0.3698842560732911,2.063951380820372,2.7770682563005544,0.2559532503028469,-0.13642008118389468,-2.0189716754665326,2.7770682563005544,9.18170259635984,0.2684812909176437,0.7036458839938722,1.6944126925341134,-0.7350371547905024,-8.01639725657808,0.09843019780298548,0.13156145758879997,0.09922021032863525,0.0,0.10023143027847548,-0.011689024831074916,3.0353337072349973,5.133482893998878,5.0,211,0.0017320401576739245,0.001953321445123471,0.006858681223885649,0.8209754289747311,28.685154097949,1.4049159548596113,1.3771654116188794,37.73055922243505,3.29556240732369,100.16907013141915,12.095907398616054,0.0008412787436904094,1.1532693475423588,31.59642048061257,3.2950717330658272,100.1541560202379,99.17937091842636,0.05524397083567022,1.539806383861771,42.18647627018551,3.29825241565176,100.2508333024851,99.77958004166646,0.055804823331463825,115.26102448234417,0.9707922288640272
wave_r15_nopc_03,wave_r15_nopc,,capped,3,3732.655,2.4,0.5,0.1,0.02,1.0,False,"{""angle_deg"": 15.0, ""type"": ""ramp""}",,,14.999999999999998,,-5.45,-1.4,0.17940952255126036,-5.450713011886976,-1.3936345897212323,0.26800628361293244,20592,24007,2287,46,wave,0.0245,1144,True,False,,20.039999999999964,40.816326530612244,20.039999999999964,0.5000269662276465,0.02495144542054129,1.0184263436955627,-0.0012766231015266566,-0.3228484223822392,0.09639981297903064,15.037096971699679,15.308885027986062,0.30156460075992414,-0.06751268711242125,-15.036955833856203,15.308885027986062,0.33880554501991117,0.21376598120155688,0.20480841732889377,0.8371179212314959,-3.539425022601958e-11,-1.6856831719362147e-10,0.009828105684012338,0.07968141007840501,0.011759664359197328,0.0,0.09841246578994577,0.009828105684012338,3.152542372881356,4.67098703888335,5.0,102,0.001385053205783256,0.0009065872958361088,0.002972999054518635,0.18493323168001438,14.333200637940546,0.7048026201630592,1.3740951916995665,37.6464436082073,1.456091087215063,44.25808775729674,21.308221864266848,0.0,0.8670312268118546,23.754280186626154,3.2900099012594035,100.00030095013385,83.12284563688381,0.0004985044865403788,1.4039698986777958,38.464928730898514,2.8149611586498984,85.56112944224616,75.3146932129456,0.0,116.31851807274249,0.9693031747922325
wave_r15_pc_03,wave_r15_pc,,capped,3,3765.8790000000004,2.4,0.5,0.1,0.02,1.0,True,"{""angle_deg"": 15.0, ""type"": ""ramp""}",,,14.999999999999998,,-5.45,-1.4,0.17940952255126036,-5.457588578331878,-1.4018594630065768,1.3270551852647217,35316,41303,3924,79,wave,0.0245,1963,True,False,,36.23999999999978,40.816326530612244,36.23999999999978,0.50011516595252,0.013800087360720834,0.5632688718661565,0.06352959118867825,6.367482289279986,0.9086101850101402,7.109719076341078,7.834908403021097,0.2976617887155637,-0.8361803822431838,-7.099106415712152,7.834908403021097,8.796281773309182,0.2342791823480483,0.6598698624684071,1.5618688306043924,-0.9470817354347101,-7.85580805477289,0.08840185763305859,0.130007450393219,0.09011254112649186,0.0,0.10027582521360269,-0.020205464860143588,3.077220077220077,5.143408714837286,5.0,213,0.001719975844759898,0.0019673040667705977,0.007276433731874544,0.8311980135324684,29.620921962100805,1.444678291458372,1.3865681666890284,37.98816895038434,3.2815367623916107,99.74275873530732,15.634007171247255,0.000827357970215113,1.1520908204708804,31.564132067695354,3.2919727822481573,100.05996298626617,93.15551621666127,0.0072623644052215485,1.514959888467155,41.50575036896315,3.297727902047257,100.23489063973426,99.78111069719078,0.05221548078690936,115.22778208531517,0.9690471753879624
wave_r20_nopc_03,wave_r20_nopc,,capped,3,3820.7210000000005,2.4,0.5,0.1,0.02,1.0,False,"{""angle_deg"": 20.0, ""type"": ""ramp""}",,,20.0,,-5.45,-1.4,0.22101007166283437,-5.447892713892752,-1.3947037453421356,-0.0775602133897384,20646,24522,2294,46,wave,0.0245,1148,True,False,,20.140000000000327,40.816326530612244,20.140000000000327,0.500455442257391,0.024848830300763798,1.014237971459747,-0.0007734906161981098,-0.3749690053309249,0.6568261400268947,20.030128682699015,20.29601086618442,0.34662205134377577,0.6526797522202787,-20.03001716443805,20.29601086618442,1.008790075693955,0.1950560039164961,0.11999135257946797,0.5821405492157479,4.1172320984728076e-15,-2.9275764661746296e-14,0.014310344826730319,0.0766671622509685,0.016464564061413847,0.0,0.09841246578287483,0.014310344826730319,3.169642857142857,4.693452380952381,5.0,103,0.0013888236941399378,0.0009338995635740139,0.0032188740188953124,0.19220799863241708,14.523488261289888,0.7135496031816377,1.3741301779251616,37.64740213493593,1.449372576410659,44.05387770245164,25.578490620482082,0.0,0.8752123151564936,23.978419593328592,3.054014702193997,92.82719459556222,74.42928961411964,0.0,1.4029860308521884,38.43797344800517,2.7111191225962377,82.40483655307713,67.87791491799567,0.0,116.31730531049408,0.9677965161211194
wave_r20_pc_03,wave_r20_pc,,capped,3,3858.378,2.4,0.5,0.1,0.02,1.0,True,"{""angle_deg"": 20.0, ""type"": ""ramp""}",,,20.0,,-5.45,-1.4,0.22101007166283437,-5.431880894282233,-1.3889415419865732,-2.215289797691894,36792,42297,4088,82,wave,0.0245,2045,True,False,,37.51999999999998,40.816326530612244,37.51999999999998,0.5002262722435685,0.013332256722909615,0.5441737437922292,0.053285977182239326,8.297156534487653,0.5239850760011433,11.744229229770088,12.667012407487384,0.3472081339514498,-0.13543701413821996,-11.734819817320995,12.667012407487384,9.224148626318225,0.2663970606193891,0.7631660788960507,2.0459897902752395,0.013296727097927284,-8.307932871586443,0.07877288740118929,0.12713749225228216,0.08038559207076826,0.0,0.10002299202531001,-0.028601713103756966,3.090037293553543,5.164624400639318,5.0,206,0.0018280320616870815,0.002146083372806633,0.008095648472745399,0.8788141380106536,31.801827850676812,1.5543702615130741,1.3772007955500511,37.731528645206886,3.2938679236047474,100.11756606701361,20.771727971665573,0.0009767359261232463,1.1697511533104556,32.04797680302619,3.293593260349653,100.10921763980708,86.80182922994453,0.004706091280412005,1.5490260786687458,42.43907064845879,3.2991132310086972,100.27699790299991,99.78868505916809,0.053454093411472205,115.28510259954774,0.9707425360876416
wave_r25_nopc_03,wave_r25_nopc,,capped,3,3910.5600000000004,2.4,0.5,0.1,0.02,1.0,False,"{""angle_deg"": 25.0, ""type"": ""ramp""}",,,25.0,,-5.45,-1.4,0.26130913087034974,-5.43743561967858,-1.3832968969435837,1.8999491454510549,20736,24438,2304,47,wave,0.0245,1153,True,False,,20.199999999999818,40.816326530612244,20.199999999999818,0.5001229057162482,0.0247585596889234,1.010553456690751,-0.0005696911308257745,-0.29550002971936157,1.0423879369287474,25.015793062601137,25.28482485553906,0.3889823279088205,-1.0398446529983927,-25.01570865114405,25.28482485553906,1.320947455115622,0.25584562626851937,0.15923009537759583,0.78580509027156,-2.1630518193389043e-12,-3.6185738843299865e-10,0.021987518977186635,0.07227934222983444,0.023102742832994433,0.0,0.09841246578624888,0.020303426585123775,3.1760633036597428,4.657764589515331,5.0,104,0.0012572263779728151,0.0008664236361735326,0.002623897936165654,0.1801716978946645,14.941521932991158,0.7345763613566917,1.3725950899251156,37.60534492945523,1.7354129335704591,52.748113482384774,30.566712419114253,0.0,0.8741105619606198,23.948234574263555,2.958135032680147,89.91291892644824,65.79886948394035,0.0,1.404584417649003,38.481764867095976,2.653585558456705,80.65609600172355,64.02945373107315,0.0,116.31866245655392,0.9646232053601294
wave_r25_pc_03,wave_r25_pc,,capped,3,3943.715,2.4,0.5,0.1,0.02,1.0,True,"{""angle_deg"": 25.0, ""type"": ""ramp""}",,,25.0,,-5.45,-1.4,0.26130913087034974,-5.456275670088905,-1.4052836401469075,-1.540713778103786,37152,42778,4128,83,wave,0.0245,2064,True,False,,38.26000000000022,40.816326530612244,38.26000000000022,0.5000225585580327,0.013069068441140351,0.5334313649445042,0.07514057838246724,7.535479043245573,1.8523463310714658,16.958322778026222,17.63565627868561,0.3771600146870625,-1.724662714551039,-16.953178443954133,17.63565627868561,9.080468004813554,0.26649254738401545,0.8067969589592804,2.3811059582187926,-0.7789899233930689,-7.983187048404288,0.0661565113062567,0.12229303055293671,0.06827392958674064,0.0,0.100271429935796,-0.02557921288532786,3.1039707419017764,5.182340647857889,5.0,220,0.002067509040469997,0.00238777893069027,0.011048073134755493,1.0389101047268896,34.073287851008885,1.6568927110423288,1.3791794118766572,37.78573731168924,3.292908120021471,100.08839270581979,26.468598135657768,0.0004353883664228492,1.1589197294216045,31.751225463605603,3.293785468275213,100.11505982599431,78.7647661524269,0.004528039010797631,1.5332932223317484,42.00803348854105,3.298438840428343,100.25649970906818,80.68980255290217,0.04319052594914664,115.26597367355946,0.9636493773930754
tripod_r00_nopc_04,tripod_r00_nopc,,common,4,3996.3550000000005,0.95,0.5,0.1,0.02,1.0,False,"{""angle_deg"": 0.0, ""type"": ""ramp""}",,,0.0,,-5.45,-1.4,0.05,-5.467771811599115,-1.4011175461753724,2.1028810710295707,21348,25881,2372,48,tripod,0.025,1187,True,False,,22.299999999999727,40.0,22.299999999999727,0.5001711052267902,0.022429197543802525,0.8971679017521009,0.00039234010968977953,-0.061397734763375025,0.0012760102628527614,0.0006833843522350107,0.006251305872076452,0.16516144082029136,-8.533620367264546e-05,1.9497686493637076e-05,0.0022868932940198314,0.006251305872076452,0.08187966193552686,0.026959991132724532,0.4256617133893039,-2.0849391675942563e-09,-9.537297379967502e-09,0.0995915716850028,0.12982141811170675,0.10015541361254006,0.0,0.0975955835911061,0.09849917288413959,3.1550179211469533,3.8557347670250897,3.0,144,0.0003449424460726688,0.000577096552859234,0.0009611391039728106,0.16614689888509956,25.483717567519577,1.2527465690960529,0.3804134804757851,10.422287136322879,3.2936277970568626,100.11026738774657,42.14393504991362,0.00044802867383512545,0.670392564750753,18.366919582212414,3.1485550644866906,95.70076183850124,68.39028127462248,0.0,0.5775126491361666,15.822264359894977,3.2889287441759993,99.96743903270516,65.2295607475252,0.00014934289127837514,116.31817354196606,0.9732366715586388
tripod_r00_pc_04,tripod_r00_pc,,common,4,4034.699,0.95,0.5,0.1,0.02,1.0,True,"{""angle_deg"": 0.0, ""type"": ""ramp""}",,,0.0,,-5.45,-1.4,0.05,-5.439247536553639,-1.3935120439388147,2.0831440165996975,21348,25800,2372,48,tripod,0.025,1187,True,False,,22.300000000000182,40.0,22.300000000000182,0.5002244843812941,0.022431591227860537,0.8972636491144215,0.00047853245113495604,-0.0690991925697708,0.042109320134427745,0.011030536179373506,0.1517661815573905,0.16516057942452608,-0.01591169368559943,0.0027690236154694252,0.03986570510972431,0.1517661815573905,0.06463369175153368,0.019256684783049594,0.41957149743724653,0.016234378457223878,-0.002789545140990497,0.09957893690320427,0.12967442950099964,0.10017340887315254,0.0,0.09762384283541278,0.09849069676501773,3.1586021505376345,3.850358422939068,3.0,144,0.00035369905059640566,0.0005773924360426021,0.0009620100268259652,0.1662143204527369,25.47862517566231,1.252362391570757,0.3788830249386394,10.380356847633957,3.2936693179101493,100.11152941976137,42.16646111264193,0.0002986857825567503,0.6672964215496668,18.28209374108676,3.190391159056682,96.9723756552183,68.28395218005141,0.0,0.5783443605740965,15.845050974632782,2.206419805678535,67.06443178354209,65.26765991540039,0.0,116.31816168905245,0.9714801022863736
tripod_r05_nopc_04,tripod_r05_nopc,,common,4,4068.8390000000004,0.95,0.5,0.1,0.02,1.0,False,"{""angle_deg"": 5.0, ""type"": ""ramp""}",,,5.0,,-5.45,-1.4,0.09357787137382909,-5.443635445004142,-1.4110666633910107,1.818930460902495,21348,26374,2372,48,tripod,0.025,1187,True,False,,22.299999999999727,40.0,22.299999999999727,0.5000188221975888,0.022422368708412327,0.8968947483364931,0.00042193945701293756,-0.062270652815579926,0.15713199371723754,4.997448540132767,4.999485188146522,0.21032001285851495,-0.15710557239281062,-4.997448501399443,4.999485188146522,0.16316535148142394,0.05059784661158263,0.036758615342605334,0.41067587899340496,-2.0317171011982497e-09,5.768877907106946e-10,0.095365460652781,0.11517468784873729,0.09583600203120222,0.0,0.09763318509163572,0.09500990396583828,3.1559139784946235,3.503584229390681,3.0,144,0.00036527097985360635,0.0005828595983803001,0.0010274300804887489,0.16785718509370504,24.806657579585995,1.219834506273495,0.3787802211924941,10.377540306643674,3.293597771766023,100.10935476492472,36.82977542388517,0.00014934289127837514,0.6660335579646949,18.247494738758764,3.282487651657959,99.7716611446188,65.70684631478275,0.0005973715651135006,0.5804731371017519,15.90337361922608,3.2889042942258127,99.966695873125,64.52500793382737,0.0002986857825567503,116.31820331605326,0.967216962708022
tripod_r05_pc_04,tripod_r05_pc,,common,4,4102.888,0.95,0.5,0.1,0.02,1.0,True,"{""angle_deg"": 5.0, ""type"": ""ramp""}",,,5.0,,-5.45,-1.4,0.09357787137382909,-5.455299199821612,-1.3843975211889847,-1.041104814871742,21384,26653,2377,48,tripod,0.025,1189,True,False,,22.359999999999673,40.0,22.359999999999673,0.5000054447385915,0.02236160307417705,0.894464122967082,0.0004323206293355992,-0.04731681345962292,0.006630840698992424,0.01371381673981294,0.044471390021152114,0.20988321598466958,-0.0021231604838612837,-0.0072818507789552955,0.044471390021152114,5.015746889595674,0.01066251181962883,0.017579375090206156,0.12107265065654872,0.0890125186715834,-4.99153172675384,0.10007759130440004,0.11926842806738457,0.10076822416221098,0.0,0.09874982664037826,0.09995231858625085,3.155495978552279,3.514745308310992,3.0,144,0.00041007930824025834,0.000589842311949254,0.0009127467476540526,0.16987267015222993,26.27876997298487,1.292258218565044,0.3790131848260264,10.383922871945929,2.380310087079258,72.34985067110208,41.816235499545314,0.0,0.6834451661265867,18.724525099358537,2.994778524844361,91.02670288280731,62.40459155797707,0.0,0.6107730099303799,16.73350712138027,2.8783261223142373,87.48711617976406,68.87309705008897,0.0,115.96943160684562,0.9651677900503634
tripod_r10_nopc_04,tripod_r10_nopc,,common,4,4136.777,0.95,0.5,0.1,0.02,1.0,False,"{""angle_deg"": 10.0, ""type"": ""ramp""}",,,10.0,,-5.45,-1.4,0.13682408883346517,-5.466323921976657,-1.390804072197677,-2.354119487280079,21366,25357,2374,48,tripod,0.025,1188,True,False,,22.32000000000062,40.0,22.32000000000062,0.500213872897416,0.022411015810815508,0.8964406324326203,0.0007455261273064673,0.059095641286085195,0.4058572105794437,9.991794845254752,9.993778479484467,0.2500075647851108,0.4057916753837818,-9.991794824184487,9.993778479484467,0.4221664666980619,0.05326624151485162,0.03622197017356059,0.4288748012324908,9.711874923515686e-10,8.027620899389016e-10,0.08637791246732461,0.10262801968341045,0.08716008132476998,0.0,0.09763318508827384,0.08602440615834414,3.1602506714413607,3.378692927484333,3.0,144,0.00036963379498417524,0.0006008664425452316,0.0010823229074663685,0.17297535204910916,24.357273153459595,1.1972686725984005,0.37859649372467974,10.372506677388484,3.2936047134027726,100.10956575692319,31.478859268184582,0.0002984183825723665,0.6719236571236377,18.408867318455826,3.282468313874293,99.77107337003929,62.1963957815738,0.00014920919128618324,0.5802048785719048,15.896024070463145,2.1394648519477433,65.02932680692228,63.512731854954545,0.0,116.31779887257301,0.9684657108288808
tripod_r10_pc_04,tripod_r10_pc,,common,4,4170.9800000000005,0.95,0.5,0.1,0.02,1.0,True,"{""angle_deg"": 10.0, ""type"": ""ramp""}",,,10.0,,-5.45,-1.4,0.13682408883346517,-5.435191422836924,-1.4035230579562625,1.6807271942553716,21726,26365,2414,49,tripod,0.025,1208,True,False,,22.720000000000255,40.0,22.720000000000255,0.5001793394165578,0.0220149357137567,0.8805974285502679,0.0006837001683395461,0.010126062920637573,0.047402831040458,1.566661836651433,1.5915197811742827,0.2572692759706672,-0.04473638514759155,-1.5666172439326345,1.5915197811742827,8.49382551555849,0.027359605424870617,0.038918611347819126,0.35828435799213515,-0.21785419768757028,-8.42790472976791,0.09817179726986565,0.1150812720433757,0.09847721851995352,0.0,0.09961415094713044,0.09788821819184372,3.156552330694811,3.4230430958663147,3.0,144,0.00040432517840994565,0.0006124186318029602,0.0008796299685564278,0.17631313585968758,27.878652510635117,1.370454852295135,0.3767423273909838,10.321707599752981,1.321966846348905,40.18136311090896,39.56217616517205,0.0,0.7447473577934002,20.404037199819186,2.4293277288288664,73.83974859662207,57.436417446329166,0.0,0.6413488976770725,17.57120267608418,2.394584736006993,72.78373057772015,71.09347240605771,0.0,115.27517130002325,0.9699693375684451
tripod_r15_nopc_04,tripod_r15_nopc,,common,4,4205.434,0.95,0.5,0.1,0.02,1.0,False,"{""angle_deg"": 15.0, ""type"": ""ramp""}",,,14.999999999999998,,-5.45,-1.4,0.17940952255126036,-5.467897261780142,-1.3982464896996878,1.0613642684209494,21348,25736,2372,48,tripod,0.025,1187,True,False,,22.32000000000062,40.0,22.32000000000062,0.5003676037698239,0.02241790339470475,0.89671613578819,0.0009581220123507216,0.02247993738127802,0.2843655447731185,14.997311519724526,14.99984754005132,0.2897174847292163,-0.28428378867057197,-14.997311505950565,14.99984754005132,0.29664446727899524,0.08598634149062549,0.05517152777150169,0.4495837420525827,5.572988703299711e-10,-3.542779086706441e-09,0.07747659104672559,0.09308017359669568,0.07798231399956868,0.0,0.09763318508482167,0.0771864858776483,3.1602506714413607,3.3831692032229186,3.0,144,0.0003704753645692154,0.0006223640450064891,0.0011442214660194621,0.17910883376826411,23.679943940844964,1.163616472257009,0.3778425071170351,10.351849510055755,3.293600798931325,100.10944677602812,25.529746597814032,0.0008952551477170994,0.6720885827471471,18.413385828688963,3.2825173486932875,99.77256379006953,58.93952795941318,0.0004476275738585497,0.580301935092115,15.89868315320863,3.288929983585618,99.96747670473002,62.24200703074661,0.0002984183825723665,116.31909338562609,0.9683527222657762
tripod_r15_pc_04,tripod_r15_pc,,common,4,4239.376,0.95,0.5,0.1,0.02,1.0,True,"{""angle_deg"": 15.0, ""type"": ""ramp""}",,,14.999999999999998,,-5.45,-1.4,0.17940952255126036,-5.464819794849333,-1.39566408714414,-2.1418643079508524,21726,25599,2414,49,tripod,0.025,1208,True,False,,22.720000000000255,40.0,22.720000000000255,0.5001815772193967,0.02201503420859996,0.8806013683439984,0.00037021627200186855,-0.02907775897520015,0.26572573637536173,6.765770925260032,6.8116147771967,0.29351267542561393,0.2644517804490021,-6.765744337087216,6.8116147771967,8.266533559234345,0.059478002697097555,0.15988650485121095,0.7467798389207407,0.34253133238281935,-8.217681183953747,0.08813777118292725,0.10498570417966911,0.08871884946988408,0.0,0.09945243798870833,0.08790297622099835,3.150395778364116,3.415127528583993,3.0,147,0.00039966265194811145,0.000629274092890548,0.000999492276825177,0.18493936389045024,27.01161854039602,1.3278283958530512,0.377669498286022,10.347109542082794,3.2923084778137417,100.07016649889792,33.610609819515105,0.0001465845793022574,0.7336126231401439,20.098975976442297,3.277284475577375,99.61350989596885,54.3623655335553,0.0002931691586045148,0.6418211258042192,17.58414043299231,3.079221437885844,93.59335677464571,68.59086270553603,0.0,115.2794139054666,0.9702873933448977
tripod_r20_nopc_04,tripod_r20_nopc,,common,4,4273.962,0.95,0.5,0.1,0.02,1.0,False,"{""angle_deg"": 20.0, ""type"": ""ramp""}",,,20.0,,-5.45,-1.4,0.22101007166283437,-5.457840434916769,-1.4053885917788935,0.7175122223645021,21420,26329,2380,48,tripod,0.025,1191,True,False,,22.38000000000011,40.0,22.38000000000011,0.5000821345659141,0.022345046227252533,0.8938018490901013,0.0006846594869181688,-0.008719047232243992,0.24389974157911193,19.998555227989513,20.000892159771695,0.3311822655557245,-0.2437725484835295,-19.998555218200025,20.000892159771695,0.25797300468265666,0.08205952017212856,0.07187538549393965,0.4377381272012539,-4.985235285940006e-10,-4.915858569742335e-09,0.06777830405828314,0.08261228165744615,0.06812407771565211,0.0,0.09763318508148987,0.0675231016011831,3.1607142857142856,3.3776785714285715,3.0,144,0.000334341601083962,0.0006409405057000383,0.0011843320215878365,0.18456037506895487,22.986473025474258,1.1301855864105266,0.38161302273008246,10.455151307673493,3.293596075603932,100.10930320984596,19.596930105425052,0.0008928571428571428,0.6668175943537666,18.26897518777443,3.2825073151100836,99.77225881793568,55.19796232210953,0.0004464285714285714,0.5790146420223258,15.863414849926734,2.0172373928921674,61.31420647088655,60.092930952935475,0.0,116.31759056939936,0.9677977018946047
tripod_r20_pc_04,tripod_r20_pc,,common,4,4317.284000000001,0.95,0.5,0.1,0.02,1.0,True,"{""angle_deg"": 20.0, ""type"": ""ramp""}",,,20.0,,-5.45,-1.4,0.22101007166283437,-5.46479524620251,-1.4126069737199902,1.687539517858766,21870,25496,2430,49,tripod,0.025,1215,True,False,,22.900000000000546,40.0,22.900000000000546,0.5000793051988666,0.02183752424449147,0.8735009697796587,0.0005824537743318939,-0.09048347236640746,0.32098191153615896,11.579551406627482,11.600057504226044,0.33286967236515397,-0.3207062643854708,-11.57954937603626,11.600057504226044,8.437489196304092,0.034122198207304485,0.11210308074885872,0.22293433032865675,-0.24021693069388447,-8.406003025705278,0.0788084732823818,0.0952620949467222,0.07928721832417429,0.0,0.09962325264501662,0.07860239632924532,3.1596858638743455,3.4293193717277486,3.0,144,0.000303932295530718,0.0006480031350356497,0.0009560965926839473,0.1865951795931586,26.394068913723096,1.2977359594917708,0.377335496366497,10.337958804561561,0.9299562195568937,28.266146491090993,27.91658559364358,0.0,0.7377147374224979,20.211362669109533,2.3544296330817094,71.56321073196685,51.58754517427824,0.0,0.6379635155918018,17.47845248196717,2.6680092585649318,81.09450633935963,67.51940785767773,0.0,115.24246165115794,0.9674771247676154
tripod_r25_nopc_04,tripod_r25_nopc,,common,4,4352.036,0.95,0.5,0.1,0.02,1.0,False,"{""angle_deg"": 25.0, ""type"": ""ramp""}",,,25.0,,-5.45,-1.4,0.26130913087034974,-5.441364974366611,-1.401831773215966,-1.3079819087070195,22734,26314,2526,51,tripod,0.025,1264,True,False,,23.81999999999971,40.0,23.81999999999971,0.5001680838019599,0.020997820478671957,0.8399128191468782,0.001497311351103068,0.2365831807343271,0.53478261476079,24.994579838664734,24.997377583333055,0.3744408782547908,0.5336970204691032,-24.99457982127147,24.997377583333055,0.6074731771505579,0.04800077493853208,0.051311780291113815,0.42720423118406015,-6.921128125772053e-10,-6.026921377346544e-09,0.05674823403331708,0.0717187973375164,0.057339262235734594,0.0,0.0976331850780377,0.05650437254944061,3.1635906040268456,3.38255033557047,3.0,150,0.0004965746514707509,0.0009765761471428277,0.0015241599837470504,0.2928729170155718,21.590656328184117,1.061370120467683,0.37775930312917205,10.34956994874444,3.2868232154628663,99.90344119947922,12.443673884223479,0.00013982102908277405,0.6725703883484762,18.426585982150034,3.2826666346521884,99.77710135720938,49.93693298106967,0.0005592841163310962,0.5762353796704411,15.787270675902498,2.0467922863927988,62.21253150130087,57.06376265011545,0.0,116.31866448570467,0.9696259008345872
tripod_r25_pc_04,tripod_r25_pc,,common,4,4392.054,0.95,0.5,0.1,0.02,1.0,True,"{""angle_deg"": 25.0, ""type"": ""ramp""}",,,25.0,,-5.45,-1.4,0.26130913087034974,-5.442311814310427,-1.4012862238671637,-1.1308819614431873,22752,26616,2527,51,tripod,0.025,1264,True,False,,23.81999999999971,40.0,23.81999999999971,0.5002519707673758,0.021001342181670105,0.8400536872668042,-0.0008248659312269941,-0.3281671673150006,0.3990385313284915,16.659330316308118,16.69746935794714,0.38079207372809865,0.3975984995081354,-16.659326415617805,16.69746935794714,8.366195381449772,0.038369202966646886,0.1129363718518378,0.375632335795471,0.1955183800699219,-8.324489655405245,0.06764706317418573,0.08377435925863247,0.06813546016658789,0.0,0.09951140723603658,0.0674461369436914,3.1493288590604025,3.4278523489932886,3.0,153,0.0002892893558962619,0.0007759411537947758,0.0012241780441083368,0.2373180656065644,23.736656728972058,1.1666734192646944,0.37781431103736174,10.35107701472224,0.7016839378417332,21.327779265706177,14.14826454747303,0.0,0.7360142596498995,20.16477423698355,2.7158313468923665,82.54806525508712,46.3892711224057,0.0,0.6401627627452673,17.53870582863746,2.6879813792573675,81.70156167955524,62.19554943580239,0.0,115.25558291361186,0.9666002752108798
ripple_r00_nopc_04,ripple_r00_nopc,,common,4,4427.653,1.3,0.5,0.1,0.02,1.0,False,"{""angle_deg"": 0.0, ""type"": ""ramp""}",,,0.0,,-5.45,-1.4,0.05,-5.435012670673156,-1.4119263872807397,1.8256971265264184,19224,20955,2137,43,ripple,0.025,1069,True,False,,19.659999999999854,40.0,19.659999999999854,0.5001725707883102,0.025441127710494095,1.0176451084197637,8.287919140057866e-05,-0.05685487775526043,0.07315194237471644,0.061946713518683395,0.22050666162683139,0.16622081803935085,-0.0037657230974507375,0.008250533882882332,0.18209636646673522,0.22050666162683139,0.29816326207387667,0.30928297063759064,1.0422020511655177,2.596874874222965e-10,-5.441802000756096e-09,0.10253041673293518,0.11235466493818615,0.10321591463847164,0.0,0.10078730948454977,-0.004641304488535961,2.758130081300813,4.401422764227642,4.0,92,0.0005988590070894757,0.00034449048543617404,0.0006687125332373985,0.06336437876847183,20.560985660287507,1.0107487760648082,0.6354345705937025,17.409166317635684,2.011419055732365,61.13735731709316,39.96254399067881,0.0,0.7294869157348267,19.98594289684457,3.2939229687240585,100.11923917094403,67.06988566789379,0.013888888888888888,0.7850388892116655,21.507914772922344,3.2957941226447454,100.1761131502962,82.6468664354888,0.002540650406504065,116.31817297802192,0.9789925208529286
ripple_r00_pc_04,ripple_r00_pc,,common,4,4463.909000000001,1.3,0.5,0.1,0.02,1.0,True,"{""angle_deg"": 0.0, ""type"": ""ramp""}",,,0.0,,-5.45,-1.4,0.05,-5.445287283773222,-1.3941607949692807,1.0929147075768406,19206,20449,2135,43,ripple,0.025,1068,True,False,,19.659999999999854,40.0,19.659999999999854,0.5004641423158376,0.025455958408740657,1.0182383363496261,-0.0001103793283470135,-0.044466047206580005,0.13152914042808955,0.22960146023188113,0.6231939828717726,0.16621049898653206,0.00302280266413425,0.1796768764306855,0.6231939828717726,0.6231939828717726,0.181371333760473,0.32479375675599487,1.0347075457236647,2.2134309528305963e-05,-0.16880035204225036,0.10213730725849254,0.11270802249850413,0.10317300665410441,0.0,0.10076917503162348,-0.004809689883454585,2.733739837398374,4.389227642276423,4.0,92,0.0005857541453490493,0.0003567651660670565,0.0007072844260485931,0.06558390842544828,21.100877681225164,1.036684761074945,0.6343248157182678,17.37876207447309,3.2934234690168136,100.10405680902169,40.381991624625414,0.00033875338753387534,0.738807627945166,20.241304875210027,3.293726991718748,100.11328242306224,67.03141107527995,0.011856368563685637,0.7956110550384905,21.797563151739467,3.295644132752379,100.17155418700241,81.71470373005376,0.0020325203252032522,116.31817009001823,0.9793395952425847
ripple_r05_nopc_04,ripple_r05_nopc,,common,4,4499.735000000001,1.3,0.5,0.1,0.02,1.0,False,"{""angle_deg"": 5.0, ""type"": ""ramp""}",,,5.0,,-5.45,-1.4,0.09357787137382909,-5.440069158265629,-1.3847621161973047,2.5235031118925004,19368,21992,2152,44,ripple,0.025,1076,True,False,,19.800000000000182,40.0,19.800000000000182,0.5001643523297502,0.025260825875239677,1.010433035009587,0.0006886596716052483,-0.08561067601983449,0.22648321787177383,5.022325214527938,5.186598558239768,0.21218833581584712,-0.21288799109931195,-5.022015318739279,5.186598558239768,0.43323593660022613,0.2644143338244919,0.16212864551580008,0.6177342507423255,-1.1386630592763895e-09,-8.304906937283738e-10,0.0004951930282030718,0.050202426589038264,0.0012798313096538958,0.0,0.10078730949959415,-0.005221518325646731,3.005045408678103,3.323915237134208,4.0,124,0.0007838703383416554,0.00047571784792530176,0.001264313299358666,0.11793914718000402,20.020400511520087,0.9841896309643883,0.6354584135103678,17.409819548229255,1.7889278653497416,54.374707153487584,34.75716754284475,0.0,0.7300943286875461,20.002584347604003,3.2912146628706433,100.0369198440925,64.50596068191095,0.011436259670366633,0.7846954676600572,21.49850596328924,3.115335005313695,94.69103359616093,78.44137260550747,0.0,116.31841525571099,0.9695074804799553
ripple_r05_pc_04,ripple_r05_pc,,common,4,4531.279,1.3,0.5,0.1,0.02,1.0,True,"{""angle_deg"": 5.0, ""type"": ""ramp""}",,,5.0,,-5.45,-1.4,0.09357787137382909,-5.4597804381331025,-1.4134445518080883,2.37824450119439,21402,24149,2378,48,ripple,0.025,1190,True,False,,22.039999999999964,40.0,22.039999999999964,0.5003098368090478,0.022700083339793495,0.9080033335917398,0.0015078501883740263,0.17910040790777745,0.189197482728077,0.30329670983969137,0.6020522367613343,0.21029340550501943,0.02323790897707515,-0.22053725132644647,0.6020522367613343,5.508510475133654,0.22908674035283477,0.3319580209552734,0.9542030616102289,-0.2180935168045012,-4.821016729607408,-0.0007690537653702808,0.07250277747708453,3.192924973727624e-05,0.04895738893925657,0.101868597908953,-0.003515873718920169,2.770625566636446,3.757026291931097,4.0,124,0.0005771303621520957,0.0003573845270370833,0.0013654010798645304,0.08857607109443867,21.020518689350446,1.033050569283602,0.6351330739433633,17.40090613543461,3.1739116814281507,96.47147967866718,38.48057542890802,0.0,0.7704970048163721,21.109506981270467,3.0587086664991765,92.96986828264974,67.22093004373619,0.0,0.811877118454184,22.243208724772163,3.2259386521364513,98.05284656949699,77.37723581062438,0.0001511030522816561,115.95188706517389,0.9729971535228203
ripple_r10_nopc_04,ripple_r10_nopc,,common,4,4565.218,1.3,0.5,0.1,0.02,1.0,False,"{""angle_deg"": 10.0, ""type"": ""ramp""}",,,10.0,,-5.45,-1.4,0.13682408883346517,-5.461846828369508,-1.4111214024833802,1.8315419460087972,19368,22470,2152,44,ripple,0.025,1077,True,False,,19.81999999999971,40.0,19.81999999999971,0.5003527257461499,0.02524483984592115,1.0097935938368459,0.00027058989687534993,-0.06635384062072597,0.3475791750019276,10.023836927425798,10.182849547113513,0.25322043302067676,-0.3388424266236395,-10.023690535455051,10.182849547113513,0.5613347946256368,0.26514762873548225,0.14467434955988207,0.7797560347376823,2.149055918952576e-10,-9.689192061880339e-10,0.005796495363859577,0.05028789390570629,0.0066224357100596295,0.0,0.1007873095158458,-0.011000023180798263,3.1169354838709675,3.3276209677419355,4.0,97,0.0010412041647634603,0.0006410911218324854,0.001287893841542068,0.12428398206048889,18.753911589076303,0.9215835168298783,0.6324159465748742,17.32646428972258,1.7445625296504692,53.02621670670119,29.714431536556077,0.0,0.7319746466277499,20.054099907609586,3.2910430408174633,100.03170336831197,61.328726828282086,0.0030241935483870967,0.7813454751591594,21.406725346826285,3.2273408404716797,98.09546627573495,71.79733760705295,0.00016801075268817206,116.31817886595776,0.9685000595450143
ripple_r10_pc_04,ripple_r10_pc,,common,4,4596.939,1.3,0.5,0.1,0.02,1.0,True,"{""angle_deg"": 10.0, ""type"": ""ramp""}",,,10.0,,-5.45,-1.4,0.13682408883346517,-5.431355576460851,-1.3862181861749032,0.10038234937095192,23040,26188,2560,52,ripple,0.025,1281,True,False,,23.780000000000655,40.0,23.780000000000655,0.5001626811184074,0.021032913419612855,0.8413165367845141,-0.0003931614124389945,0.07828805820707617,0.23593218682149758,1.64688822484278,1.9801507420585185,0.2593039274433477,0.0008891794186007734,-1.6349480442938704,1.9801507420585185,8.720005808492482,0.21914407318530363,0.6900673788047347,1.359989494978085,-0.015843984311550752,-8.452437275075768,0.0024528597298209207,0.06379601682942221,0.0029631999958710967,0.0,0.10272003139473421,-0.006311922180317627,2.895798319327731,3.6781512605042015,4.0,149,0.0005710702387029582,0.00043528456237859874,0.0024032390673423745,0.12967254120296742,22.623046144690484,1.1121381565143487,0.6373925263746051,17.462808941770003,3.2828724614503892,99.7833574908933,41.65645264069395,0.0015406162464985994,0.8496008395597466,23.27673533040402,3.270058111206253,99.39386356250007,74.11525515335589,0.0015406162464985994,0.8347029589643151,22.868574218200415,3.290344680103061,100.01047659887723,69.99239964122587,0.002380952380952381,115.21975669474081,0.9725833089284839
ripple_r15_nopc_04,ripple_r15_nopc,,common,4,4632.8,1.3,0.5,0.1,0.02,1.0,False,"{""angle_deg"": 15.0, ""type"": ""ramp""}",,,14.999999999999998,,-5.45,-1.4,0.17940952255126036,-5.454975985273039,-1.3804579307119849,1.4164132952684747,19404,23593,2156,44,ripple,0.025,1079,True,False,,19.8799999999992,40.0,19.8799999999992,0.5005368457200544,0.025177909744470553,1.007116389778822,0.0012720545768261197,-0.03750266992441738,0.38563630078678607,15.024683314263882,15.184715529192582,0.2960133963971202,-0.3777586808481915,-15.02458456044477,15.184715529192582,0.599081292347604,0.2705705712617397,0.11100932262031596,0.5961765636505374,2.441337914629212e-10,-1.3667731813900825e-09,0.011308608112984998,0.05048627887583605,0.012115970038094061,0.0,0.10078730953228983,0.011308608112984998,3.120603015075377,3.3135678391959797,4.0,93,0.0010801576073679062,0.0006373945422941639,0.0009933484531577013,0.11842784682639251,18.032882868736774,0.8858228472351085,0.6380797393897948,17.481636695610817,1.5944159204459742,48.46248998316031,24.326305236293926,0.0,0.7295741438780167,19.988332708986757,3.1714210609280737,96.39577692790498,57.71602674723375,0.0,0.7818704814826594,21.421109081716693,3.1381411530124272,95.38422957484582,65.21595691632365,0.0,116.31886766332988,0.9696605126427635
ripple_r15_pc_04,ripple_r15_pc,,common,4,4664.459000000001,1.3,0.5,0.1,0.02,1.0,True,"{""angle_deg"": 15.0, ""type"": ""ramp""}",,,14.999999999999998,,-5.45,-1.4,0.17940952255126036,-5.444836259157359,-1.4195548492561854,-1.8288493265753463,23238,26948,2582,52,ripple,0.025,1292,True,False,,24.0,40.0,24.0,0.5000946096431513,0.020837275401797972,0.8334910160719189,-0.0038613781502389,-0.19765293948325002,0.3597509710466565,6.758300588202166,7.140795304915903,0.3001098584162725,0.3013603890562055,-6.755433091423633,7.140795304915903,8.639796742636031,0.2260857184223597,0.2289694720502234,0.8434683928505408,0.194718202746502,-8.329401383665925,0.007290338085572347,0.06440956521878524,0.008081271908179585,0.0,0.10261186052540099,-0.012185940319813831,3.0466278101582014,3.6702747710241463,4.0,149,0.0006779552035297971,0.0005783837849504753,0.002458513674936588,0.17232062380239307,21.865218321595677,1.0749985296674902,0.6347617879828718,17.390733917338952,2.121709009154507,64.48963553661115,35.63568328155596,0.0,0.8536225862996744,23.386920172593822,3.0691887127465556,93.2884107217798,60.24319477925684,0.0,0.8304222710784973,22.751295098041023,3.284371264312527,99.8289138088914,62.52469037709044,0.0002775464890369137,115.2709760711117,0.9708117035936916
ripple_r20_nopc_04,ripple_r20_nopc,,common,4,4700.749000000001,1.3,0.5,0.1,0.02,1.0,False,"{""angle_deg"": 20.0, ""type"": ""ramp""}",,,20.0,,-5.45,-1.4,0.22101007166283437,-5.469460329198225,-1.3837183834030087,-1.5812063405884575,19440,22859,2161,44,ripple,0.025,1082,True,False,,19.919999999999163,40.0,19.919999999999163,0.5005636666009725,0.025128698122539837,1.0051479249015933,0.0016532387720707298,0.11562707483163485,0.540568001204957,20.02256358805404,20.182751735646843,0.3302429790705627,0.5348895817467381,-20.022489470134836,20.182751735646843,0.8015415851059307,0.25420119750291154,0.09666992074615421,0.46828008127332554,-2.472755092815202e-10,-2.885394118248354e-09,0.01595360326930821,0.05093572088972706,0.017373486113681242,0.0,0.10078730954900159,0.01595360326930821,3.1334002006018054,3.3199598796389167,4.0,94,0.0010586430931884025,0.0006599215817696928,0.0009968532481930482,0.12392487595896265,17.202938762462054,0.84500664177495,0.6329369860263724,17.340739343188282,1.4944372458289703,45.42362449328177,22.98886938515729,0.0,0.7258966819573485,19.887580327598588,2.707170583194033,82.28482015787334,53.77453071818302,0.0,0.7821201038052423,21.427948049458696,3.0088256942032037,91.4536685168147,59.85939720195361,0.0,116.31790576571343,0.9637829128555334
ripple_r20_pc_04,ripple_r20_pc,,common,4,4732.4980000000005,1.3,0.5,0.1,0.02,1.0,True,"{""angle_deg"": 20.0, ""type"": ""ramp""}",,,20.0,,-5.45,-1.4,0.22101007166283437,-5.463159147580201,-1.3966972910440187,-1.7813888623135066,24984,28824,2776,56,ripple,0.025,1389,True,False,,25.920000000000073,40.0,25.920000000000073,0.5001640001034391,0.0192964506212746,0.771858024850984,-0.00486468057525726,-0.2503392194330104,0.4129686475614403,11.842248216593351,12.139223599992993,0.333701811883588,0.37439161518984826,-11.840728255312678,12.139223599992993,8.559850831420109,0.18522256203481302,0.2461236657359428,0.6120560022125896,0.3105322667008409,-8.239579155559873,0.012689419099847879,0.07526397161755483,0.013472113664229035,0.0,0.10263919192520034,-0.018024038637186046,3.0663068619892058,3.7933693138010796,4.0,160,0.0010036098393263184,0.0011621880407053382,0.002414238872448657,0.3717606456790256,23.746438678845593,1.1673059169111168,0.6385108426739711,17.493447744492357,2.9159034243205117,88.62928341399731,40.56162080265951,0.0,0.8496375263273317,23.27774044732416,3.282290883352911,99.76568034507329,59.27575090567089,0.0005140066820868671,0.827560584349284,22.672892721898194,3.289892281766636,99.9967258895634,56.79669926482863,0.00038550501156515033,115.27386576274297,0.9698366884915228
ripple_r25_nopc_04,ripple_r25_nopc,,common,4,4775.057000000001,1.3,0.5,0.1,0.02,1.0,False,"{""angle_deg"": 25.0, ""type"": ""ramp""}",,,25.0,,-5.45,-1.4,0.26130913087034974,-5.448138716275045,-1.3820083319582308,2.183452146039784,19818,22967,2202,45,ripple,0.025,1102,True,False,,20.32000000000062,40.0,20.32000000000062,0.5003460056497882,0.02462332704969355,0.9849330819877419,0.0003255226784320206,-0.05327919962331279,0.9945357313596358,25.010491639255463,25.16980621637237,0.37558691227621954,-0.9921376735332721,-25.010433402055035,25.16980621637237,1.194637154900226,0.25374499427649794,0.10694298988280236,0.4513572694572514,5.643138631958429e-10,-9.319617443783022e-10,0.02204670442427232,0.051655515240841374,0.023124749981659642,0.0,0.1007873095665633,0.02204670442427232,3.1376597836774827,3.32055063913471,4.0,96,0.0009790690844003538,0.0007051062316968513,0.0013321369879004037,0.13528673659560497,16.130140573311575,0.7926596633260584,0.6405126013574103,17.54829044814823,1.4629195257816487,44.46563908150908,25.502748337482267,0.0,0.7280387591545279,19.946267374096657,2.575571778443802,78.28485648765356,48.55583886763031,0.0,0.7815990935730953,21.41367379652316,2.7755484983893757,84.36317624283816,53.839792789415796,0.0,116.31866875939261,0.9682622108586456
ripple_r25_pc_04,ripple_r25_pc,,common,4,4807.337,1.3,0.5,0.1,0.02,1.0,True,"{""angle_deg"": 25.0, ""type"": ""ramp""}",,,25.0,,-5.45,-1.4,0.26130913087034974,-5.4601948986492745,-1.3833528942374138,-0.6036573588476617,27756,32505,3084,62,ripple,0.025,1543,True,False,,29.039999999999964,40.0,29.039999999999964,0.5001025460301666,0.017221162053380413,0.6888464821352165,-0.003674178793480129,-0.10486627318755913,0.24312766516835305,16.732228197207075,17.020950627635766,0.3709646573703328,0.17879526742584514,-16.73117089630787,17.020950627635766,8.634072081806375,0.1571608855406032,0.37853530974066757,1.221340340205538,0.1532230114794054,-8.356480320217536,0.0187285954569156,0.08520818264184092,0.01937922416781245,0.0,0.10270033004163688,-0.02342912983323077,3.086028905712319,3.925671025464556,4.0,147,0.0021131800099005883,0.002410574804023576,0.003477964302323877,0.7085443269389012,25.63404098951762,1.2602750061077432,0.6376019273993231,17.46854595614584,2.796929425309203,85.01305244100921,37.14742963233945,0.0,0.8455820763017374,23.16663222744486,2.4333400077784817,73.96170236408759,55.34934576253156,0.0,0.8236489445313032,22.565724507706935,3.2896581291229463,99.98960878793149,49.659992037599736,0.0010323468685478321,115.24232891297744,0.9675875048544892
wave_r00_nopc_04,wave_r00_nopc,,capped,4,4853.144,2.4,0.5,0.1,0.02,1.0,False,"{""angle_deg"": 0.0, ""type"": ""ramp""}",,,0.0,,-5.45,-1.4,0.05,-5.449078516691782,-1.4070010929519758,2.9997485188682678,20376,22485,2264,46,wave,0.0245,1132,True,False,,19.839999999999236,40.816326530612244,19.839999999999236,0.5001570094167079,0.025209526684310847,1.0289602728290141,0.0016837045741456714,0.23041313043123413,0.04269791159431992,0.05089390261795379,0.24293136663179238,0.1662732272893361,-0.005903214088504173,0.014966147827907674,0.24293136663179238,0.24293136663179238,0.2299897140983952,0.2281312157008387,0.8748851595566239,4.017391224691588e-15,-7.069850263243769e-14,0.09963126872709116,0.13747612818845875,0.10165875544211118,0.0,0.09837608561002871,-0.006050585963178595,2.9425981873111784,5.20845921450151,5.0,122,0.0006573051645288019,0.0003869677301255373,0.002013417123911536,0.09438995093306873,15.01228239420806,0.7380012142342945,1.3763835374610702,37.70913801263206,3.2950027060460942,100.15205793453173,12.865125509212088,0.00016784155756965425,0.8759319293076248,23.998135049523967,3.291427230199963,100.04338085714174,99.9956726082856,0.10506881503860356,1.4158831935660627,38.79132037167295,3.2979975589080004,100.24308689689971,89.15647913634653,0.0005035246727089627,116.31754006478647,0.9746940073863972
wave_r00_pc_04,wave_r00_pc,,capped,4,4885.81,2.4,0.5,0.1,0.02,1.0,True,"{""angle_deg"": 0.0, ""type"": ""ramp""}",,,0.0,,-5.45,-1.4,0.05,-5.457717061753923,-1.3905089601651006,0.7193762135577149,20376,22019,2264,46,wave,0.0245,1132,True,False,,19.840000000000146,40.816326530612244,19.840000000000146,0.500382966077605,0.025220915628911357,1.0294251277106676,0.001361789440825593,0.35595185215215797,0.12276031947465917,0.12551878423476692,0.4062633665609154,0.1662523993880206,-7.808845971910908e-06,0.02666419209686974,0.4062633665609154,0.4062633665609154,0.1609412649161365,0.17072402348404622,0.7366822286437473,-0.003994366524402844,-0.012411191141891542,0.09963849243341501,0.13786828297230042,0.10167764849785269,0.0,0.09831220302822138,-0.006220452754037747,2.9446122860020143,5.20845921450151,5.0,116,0.0006417392013738369,0.00037697238197829556,0.0016777090649631133,0.08739033367542764,15.764668819870309,0.7746399621864172,1.379037184670364,37.78184067590038,1.8343908752352778,55.75656155730327,12.959262424331898,0.0,0.8712523524049117,23.86992746314827,3.2928507278659547,100.08664826340288,99.99503419170517,0.09885867740852636,1.4198147498121663,38.89903424142921,3.2914929626981593,100.04537880541517,89.18691780373244,0.002853306478684122,116.31812431321887,0.9777923502938584
wave_r05_nopc_04,wave_r05_nopc,,capped,4,4918.752,2.4,0.5,0.1,0.02,1.0,False,"{""angle_deg"": 5.0, ""type"": ""ramp""}",,,5.0,,-5.45,-1.4,0.09357787137382909,-5.4424430670968755,-1.4158397379007794,0.22073286256845348,20502,24612,2279,46,wave,0.0245,1140,True,False,,19.980000000000473,40.816326530612244,19.980000000000473,0.5004080902616576,0.025045449963045332,1.0222632637977687,-0.0011690007550493435,-0.33759103385095984,0.06636168028238616,5.036751103327238,5.345063362000215,0.21316919292565814,0.012406359172303974,-5.036317181450071,5.345063362000215,0.3450633620002152,0.10418614720079873,0.2874626599743944,0.9337125553236769,-1.3550560865061883e-11,-7.139028349525237e-11,-0.000729384238074494,0.077404504920606,0.0002288714885486643,0.04,0.09837608561435607,-0.005378902175191947,3.094,4.656,5.0,131,0.0010244685157218079,0.000776169992843261,0.003342118807367792,0.2031901433401538,14.664916340407018,0.7205651497904303,1.3820632656239633,37.86474700339625,1.3288910575025863,40.39182545600566,13.622113633613642,0.0,0.8706220763837407,23.852659626951798,3.291426649371505,100.0433632027813,97.51138271001132,0.034166666666666665,1.413910820872182,38.73728276362142,3.283799507834306,99.81153519253208,84.61966419978354,0.00016666666666666666,116.31800640912374,0.9701753053209557
wave_r05_pc_04,wave_r05_pc,,capped,4,4965.701,2.4,0.5,0.1,0.02,1.0,True,"{""angle_deg"": 5.0, ""type"": ""ramp""}",,,5.0,,-5.45,-1.4,0.09357787137382909,-5.430118105623767,-1.39747426261861,-1.8192353195039916,27342,32089,3038,61,wave,0.0245,1520,True,False,,27.5,40.816326530612244,27.5,0.5004170878659011,0.018196985013305494,0.7427340821757344,0.03805836002091802,5.923021669992898,0.235443045854135,0.45219915257007115,0.9125134959764983,0.2134604403386134,0.06776300992797354,-0.3528573671881869,0.9125134959764983,5.556877254509685,0.22384033707258444,0.4317209488544077,1.4983304368324726,-0.24731903133680175,-4.725119651301895,0.0004436096823163272,0.12779504784369627,0.10229170653456339,0.0,0.09929291324869005,-0.0070637497115384066,3.269622093023256,5.096656976744186,5.0,153,0.0017114121886711393,0.0020087696407716676,0.0069415860075713025,0.6124026279972737,21.20631188578278,1.038962313528433,1.3726095258476603,37.60574043418247,3.294525311567321,100.13754746405232,13.865368845160212,0.0006056201550387597,0.9586452107044037,26.264252348065853,3.2955159193551,100.16765712325531,95.7876522449558,0.04566375968992248,1.4865758802789135,40.72810630901133,3.295069658577569,100.15409296588356,88.69473972310107,0.048328488372093026,115.96669828055003,0.9669864832658156
wave_r10_nopc_04,wave_r10_nopc,,capped,4,5006.742,2.4,0.5,0.1,0.02,1.0,False,"{""angle_deg"": 10.0, ""type"": ""ramp""}",,,10.0,,-5.45,-1.4,0.13682408883346517,-5.467897075297758,-1.4068018996290907,1.4736991581609258,20556,23869,2284,46,wave,0.0245,1143,True,False,,20.020000000000437,40.816326530612244,20.020000000000437,0.500469008174061,0.02499845195674576,1.0203449778263576,-0.0012354647675429514,-0.359828949133223,0.16640933319106818,10.03677205694005,10.344690756641805,0.2544802797506254,-0.15231844018922877,-10.036554294771216,10.344690756641805,0.40178749848672396,0.14148189241262046,0.30926709436732486,0.9013575087186431,-7.363555938079578e-11,-8.678371133080156e-11,0.004674970085059685,0.07778877158554258,0.005997828263420234,0.0,0.09837608561958879,0.004674970085059685,3.1457085828343314,4.658682634730539,5.0,104,0.001376263523821954,0.0008663347152277405,0.0029082319933683527,0.18002820229965988,14.370100015644393,0.7059930897851043,1.3863433303802757,37.9820090515144,1.6792001653418653,51.03951870340016,17.041692808684044,0.0,0.8705593281627947,23.850940497610814,3.2913358463076308,100.04060323123498,87.40646129508319,0.0026613439787092482,1.416760442715045,38.81535459493274,3.28173616252214,99.74881952954833,76.8526534775181,0.00016633399866932801,116.318283820159,0.970245699316527
wave_r10_pc_04,wave_r10_pc,,capped,4,5044.200000000001,2.4,0.5,0.1,0.02,1.0,True,"{""angle_deg"": 10.0, ""type"": ""ramp""}",,,10.0,,-5.45,-1.4,0.13682408883346517,-5.4690074569920455,-1.4180544715149255,0.9420481001902495,35442,41114,3938,79,wave,0.0245,1970,True,False,,36.279999999999745,40.816326530612244,36.279999999999745,0.5000829736098636,0.013783984939632501,0.5626116301890817,0.05555956592476586,5.148506712810835,0.4359878797597169,1.8708461756382733,2.490287488777054,0.2518254527960086,-0.20020068150230996,-1.8346250552484276,2.490287488777054,9.112123088565495,0.2850014500386608,0.6568110944238966,1.851475282888574,-0.47311575523495314,-8.21978911884416,0.003064082520678667,0.1321039300142173,0.09958549911053263,0.0,0.10021292452127394,-0.011271311028195083,3.040771349862259,5.13939393939394,5.0,218,0.0018073204425514899,0.002029284069806182,0.007285591753524357,0.8792114812144459,29.704919554120142,1.4515819625831807,1.3830076717876438,37.890621144866955,3.288115881562921,99.94273196239881,12.192430118632958,0.0008264462809917355,1.1748086012769883,32.18653702128735,3.298967790501243,100.27257721888276,99.22894633281365,0.05417814508723599,1.529336757068553,41.89963717996036,3.2981560088885518,100.24790300573105,99.78637984158,0.05684113865932048,115.22060830635314,0.9700902240797522
wave_r15_nopc_04,wave_r15_nopc,,capped,4,5096.917,2.4,0.5,0.1,0.02,1.0,False,"{""angle_deg"": 15.0, ""type"": ""ramp""}",,,14.999999999999998,,-5.45,-1.4,0.17940952255126036,-5.434725314300584,-1.4024500648351128,0.7458405602793317,20592,23323,2287,46,wave,0.0245,1144,True,False,,20.0600000000004,40.816326530612244,20.0600000000004,0.5002461474013384,0.02493749488541019,1.0178569340983752,-0.0013985068500260902,-0.3288830142997847,0.36404475806484843,15.032247553953264,15.342450248023031,0.3066855235267686,-0.3578390934702921,-15.032104355132892,15.342450248023031,0.6133864664301978,0.10998391869703614,0.27840258633108056,0.8521652635780143,2.6352168798987353e-11,-1.1377004925308111e-11,0.010184035871455591,0.07652698389929742,0.01159752040940757,0.0,0.09837608562568936,0.009976756876372473,3.150398406374502,4.649402390438247,5.0,102,0.0013238994134770093,0.0008594068278794259,0.0027996004155302506,0.1752320417075991,14.333303815115155,0.7044984266072988,1.3701889998992347,37.539424654773555,1.4856126357951864,45.15539926429138,21.28375181548888,0.0,0.870242628922342,23.842263806091562,3.291281163790472,100.03894114864656,81.88508604159638,0.00016600265604249667,1.4140189396418412,38.740244921694284,2.935654479264828,89.22961943054187,74.84176345127305,0.0,116.31883520874295,0.9684866333289888
wave_r15_pc_04,wave_r15_pc,,capped,4,5129.977000000001,2.4,0.5,0.1,0.02,1.0,True,"{""angle_deg"": 15.0, ""type"": ""ramp""}",,,14.999999999999998,,-5.45,-1.4,0.17940952255126036,-5.459709527627456,-1.4090974728528847,-0.15013552043976097,35694,40817,3966,80,wave,0.0245,1984,True,False,,36.42000000000007,40.816326530612244,36.42000000000007,0.5001099659498314,0.013731739866826754,0.5604791782378267,0.05709981171502254,6.69803257756866,0.8705510324261663,7.008406938789893,7.678501211101546,0.29755899391051965,-0.7772899935997545,-6.998096073842741,7.678501211101546,8.802332952285902,0.2578902682163689,0.5841565875376196,1.6321725179309396,-0.7905340989572105,-7.978320756071127,0.08858442980202791,0.13014338549324198,0.09028940226381582,0.0,0.10024054370133238,-0.02011038491164981,3.083424807903403,5.147639956092206,5.0,212,0.0017806542358988953,0.0020287808110793703,0.007844919297845419,0.8544624253466765,29.685924124103355,1.4500792052326041,1.3767897921443621,37.72026827792774,3.296235769967756,100.18953708108681,15.619184247592337,0.00045737285034760336,1.158941829445227,31.75183094370485,3.293468086634464,100.10541296761288,93.0112913904764,0.006586169045005488,1.512917979865545,41.44980766754918,3.2985165616109917,100.25886205504534,99.78265316095782,0.05323819978046103,115.23395868535303,0.9698029671159661
wave_r20_nopc_04,wave_r20_nopc,,capped,4,5185.0070000000005,2.4,0.5,0.1,0.02,1.0,False,"{""angle_deg"": 20.0, ""type"": ""ramp""}",,,20.0,,-5.45,-1.4,0.22101007166283437,-5.461237340975281,-1.401844801726291,-2.1097091495930806,20628,23673,2292,46,wave,0.0245,1146,True,False,,20.100000000000364,40.816326530612244,20.100000000000364,0.5001693108532813,0.0248840453160832,1.015675319023804,-0.0017495831723798629,-0.33616673971419886,0.8331763281408419,20.020774091922284,20.332227158957117,0.33928790174384726,0.8300698432910179,-20.02066697250438,20.332227158957117,1.1802523761519594,0.14523345270102186,0.22883890966601786,0.8134213785740793,-9.821371530498955e-15,-4.050070764677172e-14,0.01396213594644807,0.07380582066589107,0.01613355056536154,0.0,0.09837608563186834,0.01396213594644807,3.1530815109343937,4.642147117296223,5.0,102,0.0013059347596088779,0.0008587045905932969,0.002755271749867675,0.17511535890202562,14.629042019155195,0.7191431382468056,1.3768088286003322,37.72078982466664,1.2092767199900116,36.75613130668728,25.74386669600203,0.0,0.8820940696008646,24.16696081098259,3.042976280881413,92.49168026995177,74.35481917647108,0.0,1.4181598931498058,38.853695702734406,2.968675637809497,90.23330206107893,67.84375850219047,0.0,116.3175468449563,0.9692766407585879
wave_r20_pc_04,wave_r20_pc,,capped,4,5218.252,2.4,0.5,0.1,0.02,1.0,True,"{""angle_deg"": 20.0, ""type"": ""ramp""}",,,20.0,,-5.45,-1.4,0.22101007166283437,-5.433041002623446,-1.3940819570605738,-2.4348677438131854,36882,42755,4099,82,wave,0.0245,2050,True,False,,37.840000000000146,40.816326530612244,37.840000000000146,0.5001948865598431,0.01321868093445669,0.5395379973247628,0.06570462787015853,7.669147364037056,0.6721401125525457,11.788716430608732,12.561114633855235,0.3451115417686976,-0.4856721892901084,-11.7801248662483,12.561114633855235,9.217152112516445,0.29448051139001785,0.6935474377487783,2.231500847837345,-0.2752573770216284,-8.258162932918557,0.07872256784246974,0.1284806487041158,0.08058472673339273,0.0,0.10007852664066136,-0.026998468966609075,3.097728473322768,5.169043845747491,5.0,209,0.0018615430212332394,0.0021635855822227006,0.008303918049488252,0.8963215623613963,32.20939322937748,1.5698031430394814,1.3920247821697072,38.137665264923484,3.287532168635546,99.92498992813209,20.823039703835438,0.0012326113752421201,1.1773674142691788,32.256641486826815,3.2934746381165154,100.10561210080594,86.88658404717283,0.008452192287374538,1.5389407822887178,42.16276115859501,3.298952898728947,100.27212458142695,99.78496351053658,0.05291424546575101,115.28971088585217,0.9698725415902419
wave_r25_nopc_04,wave_r25_nopc,,capped,4,5275.403,2.4,0.5,0.1,0.02,1.0,False,"{""angle_deg"": 25.0, ""type"": ""ramp""}",,,25.0,,-5.45,-1.4,0.26130913087034974,-5.4622757061084,-1.3868338909562514,-0.765581751735638,20754,24950,2306,47,wave,0.0245,1154,True,False,,20.220000000000255,40.816326530612244,20.220000000000255,0.5000960609413553,0.024732742875437634,1.009499709201536,-0.00142549356984587,-0.3874464409920344,0.47663276979635444,25.035414740378318,25.344942780644164,0.3753882497154064,0.4705232338007247,-25.035323260990708,25.344942780644164,0.8220450586524731,0.17619960469619808,0.2025037664967419,0.6798448045400081,-2.618155767328208e-15,-2.7604401187351007e-14,0.019994681048558095,0.07016261914024187,0.021902967327606406,0.0,0.09837608563806022,0.019994681048558095,3.1531620553359683,4.653162055335969,5.0,104,0.0012600266969334801,0.0008480955159283464,0.002482432226015983,0.1763692661634478,15.020058883693368,0.7384746782842355,1.372592611516174,37.60527702784039,1.213005324882638,36.869462762390214,30.59746770398363,0.0,0.8723531213399842,23.90008551616395,2.9718629717913907,90.33018151341612,65.806647917688,0.0,1.405443865554476,38.505311385054135,2.658389396803367,80.8021093253303,63.123713752432245,0.0,116.31837624251092,0.967277921109091
wave_r25_pc_04,wave_r25_pc,,capped,4,5308.64,2.4,0.5,0.1,0.02,1.0,True,"{""angle_deg"": 25.0, ""type"": ""ramp""}",,,25.0,,-5.45,-1.4,0.26130913087034974,-5.459595837379077,-1.419067277195073,1.0513011077121701,37242,44857,4137,83,wave,0.0245,2069,True,False,,38.0,40.816326530612244,38.0,0.5002537129451494,0.013164571393293406,0.5373294446242206,0.068759442794681,7.873139917915354,1.6843360230130455,16.94570964148558,17.71209556386023,0.37185959643835237,-1.5499587485181683,-16.93970012039982,17.71209556386023,9.185086948400082,0.29278931497127664,0.8634814828441952,2.1673034902653634,-0.7437058992959773,-8.010692466393534,0.06625585781377759,0.12303119167778978,0.06860695903890494,0.0,0.10022490612275758,-0.034660669195985365,3.1120462914255653,5.188847974750131,5.0,217,0.0020938445098146316,0.002422851175426767,0.010938564397271111,1.0411936602438905,34.162036267419126,1.6634431532017897,1.3817717567799523,37.85676045972472,3.293093773501518,100.09403566873915,26.39534875817254,0.0014027704716815712,1.157404116774333,31.709701829433783,3.2934754379911246,100.1056364131041,79.5588756589621,0.00534806242328599,1.5263053891261287,41.81658600345558,3.3007602207528284,100.32705838154493,81.28427735738187,0.04497632824829037,115.22445837236792,0.9686451260210202
tripod_r00_nopc_05,tripod_r00_nopc,,common,5,5361.392000000001,0.95,0.5,0.1,0.02,1.0,False,"{""angle_deg"": 0.0, ""type"": ""ramp""}",,,0.0,,-5.45,-1.4,0.05,-5.447186744488045,-1.3863842223694487,-1.981617303295396,21348,25054,2373,48,tripod,0.025,1187,True,False,,22.300000000000182,40.0,22.300000000000182,0.500041515909345,0.022423386363647574,0.896935454545903,0.0010420291365896839,0.06708066639800335,0.0010603265439267707,0.0006135785630470073,0.005867786876045739,0.16518986018912138,5.3562749470323896e-05,6.47819055783227e-05,0.0020960414163795696,0.005867786876045739,0.010713449917804348,0.008804298351353986,0.04261758025405332,-2.891380117562717e-09,-9.016496072540789e-09,0.09935562200036996,0.1298265138579416,0.10011565811795615,0.0,0.09759609377927445,0.09854151640204481,3.1586021505376345,3.8539426523297493,3.0,144,0.00035480458285783373,0.0005723402115891727,0.0009659032200042224,0.16481993773747483,25.4580604356969,1.2518072961159192,0.3809796609401643,10.437798929867515,1.3942170283857165,42.3774172761616,42.29084362465473,0.0,0.6718647988500741,18.407254763015732,2.5120993698978844,76.35560394826396,68.11977183828807,0.0,0.5791456451837035,15.867003977635711,2.2019632869933967,66.92897528855309,65.13023089720895,0.0,116.31817365778967,0.9741191934696052
tripod_r00_pc_05,tripod_r00_pc,,common,5,5406.712,0.95,0.5,0.1,0.02,1.0,True,"{""angle_deg"": 0.0, ""type"": ""ramp""}",,,0.0,,-5.45,-1.4,0.05,-5.439908192880303,-1.386917249385674,1.9447269470498219,21348,25280,2372,48,tripod,0.025,1186,True,False,,22.279999999999745,40.0,22.279999999999745,0.5000690824882525,0.02244475235584642,0.8977900942338568,0.0006460601601027648,-0.04835597763473461,0.015122818331351071,0.052973079671753145,0.24484629328097188,0.1651832175686899,-0.002014039414905776,-0.02247413641127743,0.24484629328097188,0.24484629328097188,0.023836407949146793,0.04785777172315473,0.37414359768876615,0.0018557943129225785,0.021300780592190573,0.09937628040712711,0.12841156030703946,0.1001214201003166,0.0,0.09756615690097306,0.09846887127763913,3.15067264573991,3.807174887892377,3.0,144,0.00034660299497762064,0.0005755941813934901,0.0009650404300434135,0.16574808531576066,25.310533788637393,1.2444862680310504,0.37901334971057066,10.383927389330704,1.388040695531911,42.189686794283006,42.05330970620735,0.0,0.6700822430600456,18.358417618083443,2.816061112995723,85.59456270503718,68.42341936982784,0.0,0.5845450331112478,16.01493241400679,2.4003647159794204,72.95941385955685,65.2835533621616,0.0,116.318163787634,0.9723561724011569
tripod_r05_nopc_05,tripod_r05_nopc,,common,5,5445.12,0.95,0.5,0.1,0.02,1.0,False,"{""angle_deg"": 5.0, ""type"": ""ramp""}",,,5.0,,-5.45,-1.4,0.09357787137382909,-5.440145409880275,-1.4023053649958017,-2.7155590376377807,21348,25102,2372,48,tripod,0.025,1187,True,False,,22.31999999999971,40.0,22.31999999999971,0.5002407779506883,0.02241222123435013,0.8964888493740051,0.0011000581699066835,0.10250822656365942,0.2319322252049897,4.994536269456741,4.996183214232183,0.2109890607617137,0.23189874972521018,-4.9945362317556965,4.996183214232183,0.2410305217377373,0.027218527127269757,0.04200962134167183,0.3655411556203698,9.732810923253959e-09,-1.3269646477811758e-10,0.09511055272320944,0.11423548370468277,0.0958883277220734,0.0,0.0976050890372373,0.09475182946125636,3.1584601611459266,3.46911369740376,3.0,144,0.00035069824723521443,0.0005777898008189641,0.0010341437496063466,0.16632296527971963,25.021994633991184,1.2298749438890035,0.3791650843618117,10.388084503063334,1.225835088759504,37.25942519025848,37.161118574518284,0.0,0.6684657393045452,18.314129843960146,2.5093192518671885,76.27110188046166,65.4028287942259,0.0,0.5811193348493636,15.921077667105854,2.179908645052587,66.25862143016982,64.51010588297872,0.0,116.31881043622529,0.968927815739545
tripod_r05_pc_05,tripod_r05_pc,,common,5,5479.041,0.95,0.5,0.1,0.02,1.0,True,"{""angle_deg"": 5.0, ""type"": ""ramp""}",,,5.0,,-5.45,-1.4,0.09357787137382909,-5.4442287432724035,-1.4189723500563665,-2.484945078758926,21438,24375,2381,48,tripod,0.025,1191,True,False,,22.38000000000011,40.0,22.38000000000011,0.5002618348866873,0.022353075732202184,0.8941230292880873,0.000541843209895608,-0.013543691564098452,0.024393593239228427,0.05441196092573116,0.17442690740215253,0.21109369214301976,-0.011643541009085455,-0.03317384945517059,0.17442690740215253,5.0463406868466105,0.03164544150119784,0.06669160403844093,0.40462875101414003,0.22776923815255257,-4.961528941939164,0.10012257595318692,0.11849703091109483,0.10076575192861692,0.0,0.09865061460492372,0.09988160809089851,3.1464285714285714,3.486607142857143,3.0,144,0.0003865585743558078,0.0005830346853888864,0.0009570851772563708,0.16782600080386162,26.572478822602104,1.3060313517619615,0.37865637664654295,10.374147305384739,1.3957318032392012,42.42345906502131,42.145481610867726,0.0,0.6809128378550539,18.655146242604214,2.8522142359867577,86.6934418233057,62.70870560106585,0.0,0.6134431654149504,16.806662066163025,2.6983957648420165,82.01810835386068,69.0621506102264,0.0,115.96013213341297,0.9696270345965633
tripod_r10_nopc_05,tripod_r10_nopc,,common,5,5512.938,0.95,0.5,0.1,0.02,1.0,False,"{""angle_deg"": 10.0, ""type"": ""ramp""}",,,10.0,,-5.45,-1.4,0.13682408883346517,-5.453635068078744,-1.4151688819945945,-0.28810346301191214,21348,24327,2372,48,tripod,0.025,1187,True,False,,22.32000000000062,40.0,22.32000000000062,0.5004318587409646,0.0224207822016555,0.89683128806622,0.0010649286617259372,0.06519511980944642,0.043505591040052215,9.999848096193915,10.000893857925664,0.25246580470859553,0.04318626299830862,-9.999848079063693,10.000893857925664,0.05478288240767078,0.014837224955335307,0.023886711659207856,0.2064455602473915,7.027532928036479e-10,-1.003399101286492e-09,0.08659358888324359,0.10235531201114918,0.08717000840072689,0.0,0.09759609377438577,0.08627129477962107,3.155774395702775,3.370635631154879,3.0,144,0.00037431927855076,0.0005991928381455382,0.0010959251182617743,0.17241822597917433,24.119166372201974,1.1850468796569085,0.3816508584880976,10.456187903783496,1.0270559632089313,31.21750648051463,31.117737303127676,0.0,0.6694398582598402,18.340818034516168,2.472717944631991,75.15860014079,62.5335292687522,0.0,0.5749447616077522,15.75191127692472,2.13607294979515,64.92622947705624,63.55433940630076,0.0,116.31803139215293,0.9691130065993232
tripod_r10_pc_05,tripod_r10_pc,,common,5,5546.997,0.95,0.5,0.1,0.02,1.0,True,"{""angle_deg"": 10.0, ""type"": ""ramp""}",,,10.0,,-5.45,-1.4,0.13682408883346517,-5.435958271804804,-1.4130337111255709,1.7889296762307536,21726,25472,2414,49,tripod,0.025,1208,True,False,,22.720000000000255,40.0,22.720000000000255,0.5000621083270498,0.02200977589467624,0.8803910357870496,0.0013868714526722656,0.10646265099025604,0.11687953550931175,1.5918915661159247,1.6897089882559921,0.25728436148055206,-0.09113098608718734,-1.5908576455742327,1.6897089882559921,8.533846138515132,0.1485258179143554,0.24859204620624353,0.8602196096384142,-0.2525235361857847,-8.40089386487459,0.09807188332099621,0.1139928747108272,0.09843951530649318,0.0,0.09959651596987419,0.09773848215790003,3.1451187335092348,3.4045734388742304,3.0,147,0.0003905483346746076,0.0005982717328999022,0.0009603685555767423,0.17586935896802977,28.01523516251671,1.3774879417593273,0.3799607744541735,10.409884231621191,3.2924040200732003,100.07307051894226,39.55134982341434,0.000732922896511287,0.7364293025486823,20.176145275306364,3.3024851863766327,100.37948894761801,57.55249072081916,0.0023453532688361184,0.6573196647282176,18.008757937759384,2.91418118823487,88.57693581261003,71.09235688641277,0.0,115.23280722119267,0.9694241184584476
tripod_r15_nopc_05,tripod_r15_nopc,,common,5,5590.7080000000005,0.95,0.5,0.1,0.02,1.0,False,"{""angle_deg"": 15.0, ""type"": ""ramp""}",,,14.999999999999998,,-5.45,-1.4,0.17940952255126036,-5.4300975707387344,-1.4185086799007909,-0.4611035488129794,21348,25302,2373,48,tripod,0.025,1187,True,False,,22.31999999999971,40.0,22.31999999999971,0.500175272426887,0.022409286399054366,0.8963714559621746,0.0008375481023192221,0.06002627659419358,0.11192781333871281,14.999511998524067,15.001283136777834,0.3003541167209919,0.1116467817432882,-14.999511987026148,15.001283136777834,0.12898351159818117,0.014446022355161285,0.010794414008422465,0.039810424885619054,4.229051936741075e-14,1.4773537959086499e-13,0.07727766677385454,0.09258813192179098,0.07796950055683585,0.0,0.09760508903113387,0.07699299739153811,3.150402864816473,3.367949865711728,3.0,144,0.00038940533736976223,0.0006180689448585627,0.001151460432473087,0.1779412300832498,23.42310873376618,1.1514388521593812,0.37895513739350994,10.38233253132904,0.8412328000920973,25.569386021036394,25.45578312054758,0.0,0.6705597123259419,18.371498967834025,2.4303471859535954,73.87073513536764,58.77157562189718,0.0,0.5829756336467662,15.971935168404555,2.0797629855992903,63.21468041335229,62.154821846460045,0.0,116.31845833280654,0.9682671409533633
tripod_r15_pc_05,tripod_r15_pc,,common,5,5629.629,0.95,0.5,0.1,0.02,1.0,True,"{""angle_deg"": 15.0, ""type"": ""ramp""}",,,14.999999999999998,,-5.45,-1.4,0.17940952255126036,-5.4416983477276535,-1.3907326589781586,-1.3205415209602684,21726,24567,2414,49,tripod,0.025,1207,True,False,,22.720000000000255,40.0,22.720000000000255,0.5001515544761671,0.02201371278504232,0.8805485114016928,0.00039658483579643744,-0.028392048457538257,0.1730289056754854,6.677016152137468,6.741078960027334,0.2995748875486987,0.16901216687555726,-6.676958079265026,6.741078960027334,8.387066159838156,0.0947649727222804,0.18063626494585786,0.9029955916170214,0.2157412775961216,-8.313588955582686,0.08842113720686566,0.10499636865474446,0.08899906424702078,0.0,0.09945228314271501,0.0881540001701659,3.152154793315743,3.4124890061565525,3.0,147,0.00039727691005222196,0.00062887528981306,0.0009325113341160241,0.18483324568968906,27.27015332133992,1.3406177824301613,0.3798835593123277,10.407768748282951,3.2923530110401207,100.07152009240488,33.73139588584692,0.00043975373790677223,0.7380942467498238,20.22176018492668,3.302395255253572,100.37675547883197,54.27092914360542,0.0032248607446496626,0.6424670875410858,17.60183801482427,2.4653797830411746,74.93555571553722,68.65560638165658,0.0,115.26185156837631,0.9688444167515277
tripod_r20_nopc_05,tripod_r20_nopc,,common,5,5668.3,0.95,0.5,0.1,0.02,1.0,False,"{""angle_deg"": 20.0, ""type"": ""ramp""}",,,20.0,,-5.45,-1.4,0.22101007166283437,-5.437639130742024,-1.4051487390703328,-1.7954854261565887,21420,25543,2380,48,tripod,0.025,1191,True,False,,22.399999999999636,40.0,22.399999999999636,0.5003128140817776,0.022335393485794008,0.8934157394317602,0.0010364948566308,0.09729520715376108,0.6250846035352445,19.990599568677123,19.992810634403558,0.3391063615437916,0.6249448150969172,-19.990599555289908,19.992810634403558,0.6546753361362124,0.025907214663943783,0.0539032518922426,0.18964258895353975,-2.1740196663837691e-13,-5.912305143969908e-13,0.06700509171907824,0.08226548336642504,0.06762715989260026,0.0,0.09760508902795977,0.06675543693431484,3.1552185548617304,3.369313113291704,3.0,144,0.00034872013096399487,0.0006342939869108234,0.0011934015007963323,0.182562060171159,22.823993521168674,1.1216781200284618,0.38235113026499723,10.475373431917733,0.648794270719042,19.72019059936298,19.606090377631368,0.0,0.6692581062205413,18.335838526590173,2.3703778641188795,72.04795939571062,55.05535916343067,0.0,0.5796206071030993,15.880016632961624,2.0227779621227415,61.482612830478466,59.89512742037747,0.0,116.31756359022529,0.9680691595386827
tripod_r20_pc_05,tripod_r20_pc,,common,5,5702.358,0.95,0.5,0.1,0.02,1.0,True,"{""angle_deg"": 20.0, ""type"": ""ramp""}",,,20.0,,-5.45,-1.4,0.22101007166283437,-5.449286728285994,-1.395500909801253,2.02642948901439,21870,26156,2430,49,tripod,0.025,1216,True,False,,22.88000000000011,40.0,22.88000000000011,0.500240974636958,0.021863678961405404,0.8745471584562161,0.0011505811398957871,-0.0842472547348036,0.44729225489400487,11.580326924037392,11.620694582659098,0.3380966139947671,-0.44670321316432343,-11.580311953245463,11.620694582659098,8.460199431214694,0.14529205588359526,0.2077373834222576,0.6631952312479787,-0.24647647723163518,-8.401219333386623,0.07869415947991369,0.09493435629089568,0.07917784381919622,0.0,0.09959731973792488,0.07845729686291755,3.1414847161572053,3.4192139737991267,3.0,147,0.00032651322507398355,0.0006184267617235116,0.0009852787028822487,0.18172934650477576,26.75257128433712,1.314934610373664,0.3789374328116594,10.381847474292039,3.292401053886828,100.07298036130175,27.994278990405373,0.001601164483260553,0.7369190283550392,20.189562420686006,3.277296425413708,99.61387311287866,51.64106955104568,0.003202328966521106,0.6327751959716673,17.33630673894979,2.485526201195051,75.5479088509134,67.49840398109045,0.0,115.24831750473845,0.9675805376208115
tripod_r25_nopc_05,tripod_r25_nopc,,common,5,5751.443,0.95,0.5,0.1,0.02,1.0,False,"{""angle_deg"": 25.0, ""type"": ""ramp""}",,,25.0,,-5.45,-1.4,0.26130913087034974,-5.44344075162556,-1.4166752011948736,0.4491411288154805,22753,26593,2528,51,tripod,0.025,1265,True,False,,23.840000000000146,40.0,23.840000000000146,0.500157820313655,0.0209797743420156,0.8391909736806239,0.001628231709796684,0.03276225696554744,0.19510873862088043,24.999205920088503,25.000660497451225,0.3737125469426329,-0.1941497715171073,-24.99920591282295,25.000660497451225,0.2277271475548181,0.015407274039769136,0.030121276980811983,0.05893428331437622,-2.3200834758242726e-23,-7.4450345778601655e-22,0.05732862741171437,0.07157285412171425,0.057731305650725685,0.0,0.0976050890247738,0.05711708454122357,3.1609388097233864,3.382229673093043,3.0,153,0.0004992467673807278,0.0009730749982909823,0.0015286405673182308,0.2976647885483854,21.596744650232566,1.061688672805091,0.3783541976119568,10.365868427724845,0.642042260709643,19.51496233160009,12.252515331229695,0.0,0.66655306851406,18.261727904494798,2.2900498706871746,69.60637904824239,50.3038124570493,0.0,0.5762813652793403,15.788530555598363,1.9522628461534428,59.33929623566695,57.43993159627473,0.0,116.3183615382661,0.9690701851004818
tripod_r25_pc_05,tripod_r25_pc,,common,5,5787.118,0.95,0.5,0.1,0.02,1.0,True,"{""angle_deg"": 25.0, ""type"": ""ramp""}",,,25.0,,-5.45,-1.4,0.26130913087034974,-5.456234158619031,-1.3917983046029785,-2.7296360399436566,22734,27403,2526,51,tripod,0.025,1264,True,False,,23.81999999999971,40.0,23.81999999999971,0.5000181867523348,0.020991527571466873,0.8396611028586749,-0.0029455071205111323,-0.6617345680465168,0.941123809168763,16.824703237212407,16.858130267506457,0.3743205676906992,0.939290920283927,-16.82469451224116,16.858130267506457,8.228480587402846,0.05324126096641679,0.07857900600924374,0.41759466195882294,0.454907723350045,-8.128432177664529,0.06672184485753091,0.08350817016893512,0.06734437896170076,0.0,0.09938085872931064,0.06657568067206239,3.153523489932886,3.4211409395973154,3.0,153,0.0002993049936356993,0.0007789084944669058,0.0012751983539018633,0.23833317808091087,23.747754878796005,1.1677459298326305,0.37732607628391135,10.337700720107161,1.1637482940279669,35.37228857227863,14.300170248949794,0.0,0.7437035216549616,20.375438949451002,3.302125112831301,100.36854446295747,46.817865195017404,0.0008389261744966443,0.6426568333683825,17.607036530640617,2.7215342390626067,82.72140544263243,61.927850184168264,0.0,115.29954700081976,0.9681988310939017
ripple_r00_nopc_05,ripple_r00_nopc,,common,5,5822.7300000000005,1.3,0.5,0.1,0.02,1.0,False,"{""angle_deg"": 0.0, ""type"": ""ramp""}",,,0.0,,-5.45,-1.4,0.05,-5.443705701548024,-1.3883371470098957,-2.7590598010026,19224,20696,2137,43,ripple,0.025,1069,True,False,,19.659999999999854,40.0,19.659999999999854,0.5002504687334746,0.02544508996609757,1.0178035986439027,0.0006950091437237134,0.1166727384700437,0.06603872043836681,0.0570716427233495,0.2147931758368875,0.16621874831111674,0.007942347512433596,0.014113526110186245,0.18343571094335653,0.2147931758368875,0.20405792143298437,0.4686460964006903,1.143174059896319,6.436326794929e-10,-5.349421151328587e-09,0.10234364462393973,0.1121110229891028,0.10324872586739241,0.0,0.1003637728164491,-0.0043357402048780835,2.716463414634146,4.3861788617886175,4.0,93,0.0006068711830322222,0.00033723297671580434,0.0006805072077387829,0.06269386742534833,21.02209479232603,1.033254339963876,0.6370584557168533,17.45365632100968,3.2939610735439864,100.12039737215764,39.33120882788634,0.0008468834688346884,0.734102524465132,20.112397930551563,3.291401487995597,100.04259841931906,67.12072015134936,0.013719512195121951,0.7814988348958977,21.41092698344925,2.895182593262164,87.99947091982261,85.19715435298698,0.0,116.31817371364987,0.9783900339844182
ripple_r00_pc_05,ripple_r00_pc,,common,5,5854.157,1.3,0.5,0.1,0.02,1.0,True,"{""angle_deg"": 0.0, ""type"": ""ramp""}",,,0.0,,-5.45,-1.4,0.05,-5.469385571179195,-1.3843243409640864,2.3725418360811825,19190,20774,2133,43,ripple,0.025,1067,True,False,,19.640000000000327,40.0,19.640000000000327,0.5003673920291174,0.025476954787632844,1.0190781915053138,0.0007237942370978759,-0.08879709992808534,0.11915623796421043,0.2997994844809076,0.5751145511974337,0.16619300066223036,-0.04040496825484156,-0.2749624146132431,0.5751145511974337,0.5751145511974337,0.15946120736497266,0.3597065149642507,1.0360699067127683,0.04285893456618373,0.29312980007390343,0.10267271510583278,0.11232520733039443,0.10362528328939774,0.0,0.1002172670567512,-0.00464704349317534,2.6978636826042726,4.3723296032553405,4.0,92,0.0006260410823760017,0.0003327309736574967,0.0006426105292915599,0.061177482861860796,21.515991835005607,1.0572826075373845,0.6358630072019886,17.4209043069038,3.2938368776321196,100.11662242042917,39.43903359575534,0.00016954899966090201,0.7396337142063162,20.26393737551551,3.2955841132763677,100.16972988681968,67.35130166462507,0.016615801966768397,0.7954071977247233,21.79197801985543,3.282755348878463,99.77979783825114,83.66692871307293,0.00033909799932180403,116.31803291329611,0.977265848931211
ripple_r05_nopc_05,ripple_r05_nopc,,common,5,5885.64,1.3,0.5,0.1,0.02,1.0,False,"{""angle_deg"": 5.0, ""type"": ""ramp""}",,,5.0,,-5.45,-1.4,0.09357787137382909,-5.462936592927145,-1.3831019206264694,-0.5603018758944434,19368,22962,2152,44,ripple,0.025,1077,True,False,,19.800000000000182,40.0,19.800000000000182,0.5003711215752386,0.025271268766425957,1.010850750657038,0.0003447356704130199,0.015470452184861538,0.08970514505909487,5.027284798599162,5.194550579660783,0.21002349869713538,0.04480078376017496,-5.026974751787451,5.194550579660783,0.29626212164237925,0.1557922768810578,0.22202866208664265,0.6138313707104508,-1.7252770071339592e-09,7.207556793314942e-10,0.00039899185116882847,0.050662112345337365,0.0012699477366347597,0.0,0.10036377283179558,-0.0055687371448087325,2.9798183652875885,3.3077699293642784,4.0,125,0.0007329859479630096,0.00043427551747845557,0.0011454467341482323,0.10848832716088488,20.28605272590748,0.9968375165247787,0.6339145878086396,17.36752295366136,2.8284725859728446,85.97181112379467,35.21731229721479,0.0,0.7334128738243,20.093503392446575,3.291085073797655,100.03298096649408,64.65341789906034,0.012108980827447022,0.7823761985234827,21.434964343109115,2.954595099908307,89.80532218566282,77.75770789275383,0.0,116.31836188120178,0.9672799045963304
ripple_r05_pc_05,ripple_r05_pc,,common,5,5921.652,1.3,0.5,0.1,0.02,1.0,True,"{""angle_deg"": 5.0, ""type"": ""ramp""}",,,5.0,,-5.45,-1.4,0.09357787137382909,-5.449238147849297,-1.4011651207336204,-0.9899828015758867,21330,24036,2371,48,ripple,0.025,1186,True,False,,22.0,40.0,22.0,0.5001920012465486,0.0227360000566613,0.9094400022664519,-0.0003077591650323345,-0.13331567421661103,0.17184644511111674,0.29795544001749225,0.6215012449270484,0.21150149023441758,0.06329389646641376,-0.2450602421314596,0.6215012449270484,5.20490879912861,0.19871797816201145,0.3186869412154362,0.7512565759513817,0.046109485205281735,-4.799113244704511,-0.0009299100250388979,0.07214818412784552,-1.5773104149582885e-05,0.05267938237965486,0.10137856074753418,-0.0036617201587708834,2.7720254314259765,3.7556766575840146,4.0,120,0.0006044062594573069,0.00036095563010933595,0.0011585067733044761,0.08659608023019354,20.878956212594787,1.026339687070022,0.6374229927391417,17.463643636688815,2.070358461105192,62.92882860502103,24.51473202918195,0.0,0.7496868883254322,20.5393668034365,3.2886377413268124,99.95859396130128,66.21265692222828,0.00015137753557372085,0.8148318614749679,22.324160588355287,3.294299260935218,100.13067662417075,77.41933096771382,0.0013623978201634877,115.9758996134508,0.971901075836175
ripple_r10_nopc_05,ripple_r10_nopc,,common,5,5955.637000000001,1.3,0.5,0.1,0.02,1.0,False,"{""angle_deg"": 10.0, ""type"": ""ramp""}",,,10.0,,-5.45,-1.4,0.13682408883346517,-5.434630057697607,-1.395576951573243,2.59483251902951,19368,23908,2152,44,ripple,0.025,1077,True,False,,19.82000000000062,40.0,19.82000000000062,0.5000475988501563,0.025229444947030305,1.0091777978812122,-0.00028985342199704806,-0.08901431128774263,0.4466058198731088,10.020032408040572,10.186854715207938,0.2581537006287356,-0.43971327483117534,-10.019883491195111,10.186854715207938,0.6671374516609326,0.2713284307371791,0.23011788330212543,0.9057918953683143,4.852433837349322e-10,-9.18627891084049e-10,0.005697295488902522,0.04989488398141829,0.006620343268414368,0.0,0.10036377284761203,0.005697295488902522,3.1068548387096775,3.316532258064516,4.0,94,0.0010458870463539033,0.0006193410468641777,0.0010986535952035692,0.1164250133999039,19.109369384240857,0.9396240106863947,0.6383756336841696,17.489743388607387,2.6554589676570863,80.71303853061052,29.580247647292598,0.0,0.7256554312049975,19.88097071794514,3.290907616342549,100.02758712287383,61.39026622196803,0.002856182795698925,0.784145556016667,21.48343989086759,3.188387270419884,96.9114671860147,71.42945945933712,0.0,116.31827591763891,0.9675066051964882
ripple_r10_pc_05,ripple_r10_pc,,common,5,5987.338000000001,1.3,0.5,0.1,0.02,1.0,True,"{""angle_deg"": 10.0, ""type"": ""ramp""}",,,10.0,,-5.45,-1.4,0.13682408883346517,-5.445116962840382,-1.3830056648877953,0.09131759040951894,23058,26157,2562,52,ripple,0.025,1282,True,False,,23.81999999999971,40.0,23.81999999999971,0.5004099070479239,0.021007972588074308,0.8403189035229722,0.0006604122896902412,-0.0062814193710741964,0.21228536211072607,1.6329777430723336,1.9772224890725574,0.25705401929559124,0.006440592460775003,-1.621297044636803,1.9772224890725574,8.735591205281743,0.16669505616437277,0.2338029450434439,0.8347846404822714,-0.03520448061848669,-8.467472488047466,0.002386265843515227,0.06275082680759404,0.0029001025058572744,0.0,0.1022782580325563,-0.00620649212755139,2.8926174496644297,3.665268456375839,4.0,147,0.0005841684194773381,0.00042916407040163325,0.001299581681613052,0.12607077055465654,21.677090989823604,1.065108593914688,0.6356860331154363,17.416055701792775,2.7520002060476356,83.64742267621992,41.47361547428607,0.0,0.8504097418810879,23.298897037838024,2.52726938886811,76.81669874979058,74.11014877522167,0.0,0.8282774982627823,22.69253419898034,3.289406974166651,99.9819748986824,70.34450977849497,0.00013982102908277405,115.2395056969006,0.9710431037875913
ripple_r15_nopc_05,ripple_r15_nopc,,common,5,6023.1900000000005,1.3,0.5,0.1,0.02,1.0,False,"{""angle_deg"": 15.0, ""type"": ""ramp""}",,,14.999999999999998,,-5.45,-1.4,0.17940952255126036,-5.45100423955119,-1.3971475597791034,-2.964484881964737,19404,22308,2157,44,ripple,0.025,1079,True,False,,19.859999999999673,40.0,19.859999999999673,0.5002549737848118,0.025189072194603222,1.0075628877841287,0.000683927471769874,0.15916041770783923,0.7542540490771575,15.010482578917234,15.178531738880748,0.29671201115315315,0.750224887097923,-15.010385682244545,15.178531738880748,1.0198751711608876,0.29324141756782435,0.17628966288888492,0.6878164143120021,1.398810157225211e-10,-1.6394897184884611e-09,0.01006532662296984,0.05138695066383984,0.011452387536780686,0.0,0.10036377286436841,0.01006532662296984,3.12374245472837,3.3229376257545273,4.0,94,0.0010570947497270087,0.000648986230059061,0.001077272194289995,0.12194710743132786,18.2136973676687,0.8952110932144464,0.6335871468740017,17.35855196915073,2.5465664116296085,77.40323439603674,24.13437041638409,0.0,0.7315262202712232,20.041814254006116,3.0073334026791514,91.40831011182831,57.74782377552791,0.0,0.785829141315121,21.529565515482766,3.2826332234553903,99.77608581931278,65.48150893600976,0.00033534540576794097,116.31914077547879,0.9688513880773185
ripple_r15_pc_05,ripple_r15_pc,,common,5,6054.8910000000005,1.3,0.5,0.1,0.02,1.0,True,"{""angle_deg"": 15.0, ""type"": ""ramp""}",,,14.999999999999998,,-5.45,-1.4,0.17940952255126036,-5.439294217874755,-1.4144153206349623,2.6637751448967015,23202,26716,2579,52,ripple,0.025,1290,True,False,,23.980000000000473,40.0,23.980000000000473,0.5003858803286007,0.020866800680925387,0.8346720272370154,0.005869558257030158,0.07604651507608767,0.3845682180596266,6.768667390104697,7.175395299767162,0.30122163109923006,-0.3235013578594258,-6.765613264621521,7.175395299767162,8.729305766608007,0.23702316698810452,0.3039533741218647,1.0780963429918613,-0.36497734963029105,-8.310425315434676,0.007514004114504588,0.06489952865317719,0.008436383252936228,0.0,0.10237306965395947,-0.011723029375062402,3.0566666666666666,3.6758333333333333,4.0,149,0.0006785982974923813,0.0005889487979333171,0.0019310643552505663,0.17535925442572764,21.9400064667974,1.0780050736768867,0.6312673506568826,17.294995908407742,2.005331132679054,60.952314063193135,35.73977211891629,0.0,0.8436700383362146,23.114247625649714,2.979693458175052,90.56819021808668,58.03204238030923,0.0,0.8215712048787546,22.50880013366451,3.2838421476343127,99.81283123508548,63.00297651356134,0.0001388888888888889,115.27036964324279,0.9710321408977483
ripple_r20_nopc_05,ripple_r20_nopc,,common,5,6095.915,1.3,0.5,0.1,0.02,1.0,False,"{""angle_deg"": 20.0, ""type"": ""ramp""}",,,20.0,,-5.45,-1.4,0.22101007166283437,-5.468228195796412,-1.391672568010526,1.6115132581597924,19441,22522,2161,44,ripple,0.025,1081,True,False,,19.899999999999636,40.0,19.899999999999636,0.5004121508029299,0.025146339236328596,1.0058535694531439,0.0003759798628207075,-0.03311854956505536,0.5851130634219174,20.020809223927575,20.18829087209723,0.32960628787550394,-0.5801091161177399,-20.0207372821579,20.18829087209723,0.8146514961815549,0.28953408349176296,0.20265374555475135,0.8862060891949824,-2.431681308080389e-14,-1.5077694667918356e-13,0.01677118209449906,0.051561217589536794,0.017770328015553435,0.0,0.10036377288116399,0.01677118209449906,3.1244979919678717,3.320281124497992,4.0,94,0.0010234732892308602,0.000626883249611238,0.0010013022866021436,0.11775694752090318,17.27309360630425,0.8487139062967843,0.6351908700788594,17.40248959120163,2.3984593233615654,72.90149919032113,22.56813995607803,0.0,0.7332390228926403,20.08874035322302,2.865786799830895,87.10598175777797,53.81048160593966,0.0,0.7801723463301369,21.374584830962654,2.939871848857325,89.3578069561497,59.849428556329016,0.0,116.31767930373609,0.9696334788272485
ripple_r20_pc_05,ripple_r20_pc,,common,5,6132.428000000001,1.3,0.5,0.1,0.02,1.0,True,"{""angle_deg"": 20.0, ""type"": ""ramp""}",,,20.0,,-5.45,-1.4,0.22101007166283437,-5.448334492775912,-1.4161697423897643,1.8690202544052075,25056,30267,2785,56,ripple,0.025,1393,True,False,,25.980000000000473,40.0,25.980000000000473,0.5001587868878075,0.019251685407536502,0.77006741630146,0.005242370067102337,0.19469921475093518,0.40988795707988873,11.73990750938383,12.027389179383755,0.3394159583161415,-0.36963062313203765,-11.738384022154221,12.027389179383755,8.65862345049142,0.17595608981816507,0.22230299832766234,0.6187120819204565,-0.3223733234991017,-8.341816075907197,0.013201918497639095,0.07646959263725915,0.01401803811111291,0.0,0.10237342373299513,-0.017281076490838865,3.079230769230769,3.8215384615384616,4.0,160,0.0010054463939429777,0.0011564113597287247,0.002240290147523473,0.3699137867184294,23.96587320364244,1.1780958188373554,0.6417799175247576,17.583011439034454,2.789550350713252,84.78876445936936,39.73466209553301,0.0,0.8512604881888732,23.322205155859542,2.529566362879659,76.88651558904739,59.20856488047857,0.0,0.821180139137953,22.498086003779534,3.290286647632915,100.00871269400957,56.684004875861156,0.000641025641025641,115.24596377932733,0.9707264033193123
ripple_r25_nopc_05,ripple_r25_nopc,,common,5,6177.554,1.3,0.5,0.1,0.02,1.0,False,"{""angle_deg"": 25.0, ""type"": ""ramp""}",,,25.0,,-5.45,-1.4,0.26130913087034974,-5.4571513270134515,-1.408481085592533,1.1543109053514333,19818,23625,2202,45,ripple,0.025,1102,True,False,,20.32000000000062,40.0,20.32000000000062,0.5003655900472068,0.024624290848779113,0.9849716339511645,0.0013024957832547292,0.04172671510424178,0.5294479001779161,25.023826089532836,25.189650329749554,0.3709772637645655,-0.5249132965953928,-25.023768642565468,25.189650329749554,0.7347709954485482,0.27011643373846256,0.19118024955556623,0.956061117962226,7.36114326865837e-15,-3.904751898551563e-14,0.022690717287467823,0.05146731612546378,0.023571804576696928,0.0,0.10036377289847366,0.022690717287467823,3.128810226155359,3.319567354965585,4.0,96,0.000975001772508378,0.0006990659025227957,0.0013310296863022558,0.1341221308023851,16.105329803920945,0.7914069975861103,0.6389455526987146,17.50535760818396,1.4430845211562702,43.86275140292614,25.416632218190017,0.0,0.7319834255876032,20.05434042705762,2.4061401464425076,73.13495885843489,48.711974805763916,0.0,0.7795649362206302,21.35794345809946,2.176244729829353,66.1472562258162,56.18664403950492,0.0,116.3186192476238,0.9667806161039764
ripple_r25_pc_05,ripple_r25_pc,,common,5,6216.692,1.3,0.5,0.1,0.02,1.0,True,"{""angle_deg"": 25.0, ""type"": ""ramp""}",,,25.0,,-5.45,-1.4,0.26130913087034974,-5.431126851726722,-1.4161541076860482,-0.3823472813878521,27972,32989,3109,63,ripple,0.025,1555,True,False,,29.18000000000029,40.0,29.18000000000029,0.5001493053303069,0.017140140689866412,0.6856056275946565,-0.0013231359093893373,-0.35144599934083826,0.21764012193582555,16.676108852149696,16.96543959833101,0.38441586677903306,0.14115866637798694,-16.675049985038765,16.96543959833101,8.728252558968485,0.123448111262019,0.20627095190268943,0.8990712090705321,0.07643819407881745,-8.41438560090738,0.0187641888887827,0.08584027548149006,0.019489704729606053,0.0,0.10229741844302909,-0.02325413070483815,3.089041095890411,3.934931506849315,4.0,160,0.0019554172506004155,0.00224307949130782,0.0033795609104495016,0.7175686047036857,25.873064702175597,1.2719376645719267,0.6372070681612177,17.457727894827883,2.6116636349597964,79.38187340303332,37.17141265382097,0.0,0.853945400384691,23.395764394101125,2.4308108720898747,73.88482893890196,55.77329471098012,0.0,0.8263065763056205,22.63853633714029,3.010457816263827,91.50327709008592,49.78859650891189,0.0,115.23899275441616,0.9678812301319069
wave_r00_nopc_05,wave_r00_nopc,,capped,5,6258.414000000001,2.4,0.5,0.1,0.02,1.0,False,"{""angle_deg"": 0.0, ""type"": ""ramp""}",,,0.0,,-5.45,-1.4,0.05,-5.443066244569842,-1.4089231279976884,2.5499684226340515,20358,22558,2263,46,wave,0.0245,1132,True,False,,19.82000000000062,40.816326530612244,19.82000000000062,0.5001535215059104,0.025234789177895803,1.0299913950161552,0.001800467847911623,0.22564171255620888,0.042620187669091945,0.04984967210206157,0.2379187534867717,0.16626343593628964,-0.00492670924620514,0.015327007877530911,0.2379187534867717,0.2379187534867717,0.17277155514169965,0.22796992298250587,0.7481585212428167,4.616112144425084e-11,-5.534538261641514e-10,0.09969092092906458,0.13739525287378482,0.10150170459540735,0.0,0.09834126326710568,-0.006232365824401388,2.9243951612903225,5.19758064516129,5.0,117,0.0006820883349032259,0.0004015074109777923,0.0018318972805436004,0.09392328692946832,15.23126429730392,0.7487709395797724,1.3727701433137416,37.61014091270525,2.3302047620485444,70.8268924634816,12.8040514907136,0.0,0.8694610401770398,23.82085041580931,3.2917141483514585,100.05210177360057,99.998086787028,0.1063508064516129,1.4139512240606376,38.73838970029144,3.2139562135687014,97.68863871029488,89.12683156169427,0.0,116.31817341065586,0.9762395104907708
wave_r00_pc_05,wave_r00_pc,,capped,5,6298.476000000001,2.4,0.5,0.1,0.02,1.0,True,"{""angle_deg"": 0.0, ""type"": ""ramp""}",,,0.0,,-5.45,-1.4,0.05,-5.445888067833244,-1.4169756038637225,-2.071407450640267,20430,22878,2270,46,wave,0.0245,1136,True,False,,19.920000000000073,40.816326530612244,19.920000000000073,0.5003646409558684,0.025118706875294508,1.0252533418487555,0.0031161597030144117,0.7177714749579874,0.10477948706949831,0.17151951085052988,0.5870143774125932,0.16615888941622053,0.032867270419349066,0.032408970504449075,0.5870143774125932,0.5870143774125932,0.16684810728178406,0.26149356741024665,0.9091885350473102,-0.03859982105512833,-0.014435330360348555,0.09955824554300387,0.136647437494261,0.10149290567900197,0.0,0.09826975187563257,-0.005884910693259713,2.9689067201604815,5.198595787362086,5.0,117,0.0006090539395208047,0.00039334920437386254,0.0018773095456863834,0.09197485331098891,15.788659713453146,0.7758350611914919,1.3714306313298226,37.573441954241716,3.2876343748464065,99.92809649989077,13.212805598221564,0.00016716817118020728,0.8764618433762745,24.012653243185607,3.294166312761677,100.12663564625159,99.99120667582957,0.09662320294215981,1.4397349422475942,39.444792938290256,3.2981772978624875,100.24855008700568,89.20922437893407,0.007021063189568706,116.31805148714518,0.9758615306916882
wave_r05_nopc_05,wave_r05_nopc,,capped,5,6333.818,2.4,0.5,0.1,0.02,1.0,False,"{""angle_deg"": 5.0, ""type"": ""ramp""}",,,5.0,,-5.45,-1.4,0.09357787137382909,-5.464269803745508,-1.401759816685342,2.4615538073862657,20502,23279,2278,46,wave,0.0245,1140,True,False,,19.979999999999563,40.816326530612244,19.979999999999563,0.5001148397236231,0.025030772758940643,1.0216641942424751,-0.0015750827855607052,-0.33974043517330593,0.241152643751572,5.029704088015589,5.325641915780404,0.21173706900121284,-0.2329547008376651,-5.029295864438165,5.325641915780404,0.454395609703339,0.1744840341540703,0.18428316831349215,0.6152800265405896,2.088251090405765e-11,-2.2531456980977825e-11,-0.0004057186352442035,0.08142169775933822,0.0004574289330956236,0.02,0.09834405451572262,-0.005691377916815737,3.097,4.683,5.0,118,0.001063871585244103,0.0006764450729198608,0.003094453152908547,0.1596035871736687,14.986230093997762,0.7367831256411899,1.3743250654668115,37.652741519638674,3.281213443806297,99.73293142268379,14.525463185552443,0.0005,0.877651070211032,24.045234800302243,3.2917015651770662,100.0517193062938,97.51314094758266,0.041666666666666664,1.4179832204666443,38.84885535525053,3.2963811042587206,100.19395453673923,87.41228057007734,0.0003333333333333333,116.31838506877665,0.9722856241558802
wave_r05_pc_05,wave_r05_pc,,capped,5,6366.917,2.4,0.5,0.1,0.02,1.0,True,"{""angle_deg"": 5.0, ""type"": ""ramp""}",,,5.0,,-5.45,-1.4,0.09357787137382909,-5.465508628735294,-1.4139483332163338,-1.729645534777109,27522,32362,3058,62,wave,0.0245,1530,True,False,,27.61999999999989,40.816326530612244,27.61999999999989,0.500201443851741,0.018110117445754633,0.7391884671736585,0.04833900492358102,7.528274756068396,0.25140571275568563,0.42775982861168443,1.0425123232092015,0.21120886188940924,0.001712022073795302,-0.28694177487578565,1.0425123232092015,5.411809211512956,0.1939731798134156,0.4038013458890678,1.5787085058360029,-0.377303628932059,-4.758486277342882,0.0005664624102944627,0.12851536421657783,0.10229404523802318,0.0,0.09932467739897274,-0.004937482276323881,3.29739507959479,5.1063675832127355,5.0,154,0.0016899803520172324,0.002020217492077377,0.007001391089363416,0.6190921444469236,22.06965091671705,1.0798192879418074,1.3719355754457514,37.58727603960963,3.293969209297256,100.12064465949108,13.838420071744007,0.001447178002894356,0.9779366626812925,26.792785278939522,3.294767994373227,100.14492384113152,97.60607511899518,0.049927641099855286,1.4852640582630372,40.69216597980924,3.295452402619581,100.16572652339151,99.77277392389408,0.05185721177038109,115.96813608431603,0.9684326753928298
wave_r10_nopc_05,wave_r10_nopc,,capped,5,6410.215,2.4,0.5,0.1,0.02,1.0,False,"{""angle_deg"": 10.0, ""type"": ""ramp""}",,,10.0,,-5.45,-1.4,0.13682408883346517,-5.447076345502938,-1.4027914464944993,-0.49017209987460597,20538,24165,2282,46,wave,0.0245,1142,True,False,,20.039999999999964,40.816326530612244,20.039999999999964,0.5003907291420339,0.024969597262576585,1.0191672352072074,-0.001345844064819423,-0.32850987481564137,0.35453185042941654,10.030015406914869,10.32459668312851,0.25989686739208095,-0.3486929217261705,-10.029807499058297,10.32459668312851,0.5772416238400523,0.15186277242580407,0.24280404377966322,0.8704271203688133,8.512996595399394e-12,-3.4787396179427675e-11,0.004851647418637515,0.0765400703320007,0.0059264591456310595,0.0,0.09834405451815915,0.004558641912706666,3.159521435692921,4.646061814556331,5.0,102,0.0013579580879609842,0.0008808635998487105,0.002641278145915827,0.17955520871691716,14.386050355851811,0.7068868781926142,1.3738390124723943,37.63942499924368,1.5535483689873588,47.220315166789014,16.843621970039187,0.0,0.8745177849594229,23.959391368751312,3.2906961458820745,100.02115944930318,89.80802694203798,0.0036556995679627785,1.40752287646804,38.56227058816548,3.283787122386357,99.81115873514761,78.08173453720197,0.0004985044865403788,116.31832032982398,0.9683289430106162
wave_r10_pc_05,wave_r10_pc,,capped,5,6452.299,2.4,0.5,0.1,0.02,1.0,True,"{""angle_deg"": 10.0, ""type"": ""ramp""}",,,10.0,,-5.45,-1.4,0.13682408883346517,-5.464202520065924,-1.3870286788066426,-0.12330368067426646,34956,40720,3884,78,wave,0.0245,1943,True,False,,35.68000000000029,40.816326530612244,35.68000000000029,0.5000707077515039,0.014015434634290913,0.5720585565016699,0.04692623378117787,4.142070959214954,0.33683481282840044,2.117431453448663,2.906132735187443,0.2543381662848169,-0.10918723229174897,-2.0739909800938054,2.906132735187443,9.017126969838488,0.2894951499643321,0.571916772310422,1.7104178146231828,-0.8222647863724184,-7.954742982272045,0.09830409302380756,0.13192949735756637,0.0991680854172956,0.0,0.10020560424126869,-0.011919352419217627,3.0549019607843135,5.141176470588236,5.0,210,0.001736971126801787,0.001935809427320786,0.006937194194891194,0.8093691902094782,29.877653621488015,1.4626163791992277,1.3760744839923462,37.70067079431085,3.3005167820106363,100.31965902767891,12.358959568695484,0.002427637721755369,1.1648897106810203,31.914786594000557,3.2957296199255675,100.17415258132425,99.12772922468598,0.054061624649859946,1.5151606405868585,41.51125042703722,3.2979231937086317,100.24082655649337,99.76918370688485,0.05480859010270775,115.22810739326607,0.9680919778988892
wave_r15_nopc_05,wave_r15_nopc,,capped,5,6509.089000000001,2.4,0.5,0.1,0.02,1.0,False,"{""angle_deg"": 15.0, ""type"": ""ramp""}",,,14.999999999999998,,-5.45,-1.4,0.17940952255126036,-5.435370889311475,-1.4187954088206685,-0.25379947489912924,20592,23251,2289,46,wave,0.0245,1145,True,False,,20.100000000000364,40.816326530612244,20.100000000000364,0.5005303063228214,0.024902005289692154,1.0164083791711083,-0.0014148577523328994,-0.40719567106621757,0.34457465491211536,15.037032697375729,15.33167587288816,0.3067490587419574,0.33734384101992865,-15.036883010998466,15.33167587288816,0.6456727983639633,0.2810731548558834,0.2258567533144715,1.142985753596179,6.233465685912776e-15,2.4179951286687623e-16,0.009096224955614969,0.07826813601067382,0.011368481544638381,0.0,0.09834405452099845,0.009096224955614969,3.1570576540755466,4.680914512922465,5.0,102,0.0013753698405396093,0.0009047983076642352,0.0025230905756557283,0.18438255872877324,14.397349868545206,0.7072445607644424,1.3713944005321634,37.572449329648315,1.4338430158331485,43.58185458459418,21.19155227546931,0.0,0.8770593830331329,24.029024192688574,3.290578503782277,100.01758370158896,82.330453884342,0.0008283631544068919,1.4017588749541698,38.40435273847041,3.0848980842829166,93.76589921832573,73.96781657279917,0.0,116.31887168017349,0.9719432419125901
wave_r15_pc_05,wave_r15_pc,,capped,5,6547.386,2.4,0.5,0.1,0.02,1.0,True,"{""angle_deg"": 15.0, ""type"": ""ramp""}",,,14.999999999999998,,-5.45,-1.4,0.17940952255126036,-5.455263336073699,-1.3863474648003353,1.152853022552419,36010,42085,4001,81,wave,0.0245,2002,True,False,,36.840000000000146,40.816326530612244,36.840000000000146,0.5003543114337251,0.013581821700155351,0.554360069394096,0.04964385204556074,5.4691402545445476,0.5034861539150963,6.781043695876552,7.5760671974299765,0.30041899634578967,-0.3692420259492227,-6.7660462684858995,7.5760671974299765,9.236589281660502,0.25031612907912937,0.6870710970747843,1.8754376838660134,-0.28389554152700475,-8.285077683248074,0.0893024451954996,0.1305547396460167,0.0903865474697848,0.0,0.10009371413770245,-0.018712085850368324,3.1139446554530656,5.158437330439501,5.0,201,0.0020530486073368974,0.002321813047764472,0.008262040754130064,0.9281505537868237,31.882172790374213,1.559057762300671,1.3741404042194318,37.64768230738169,3.30122350511529,100.34113997310911,15.65567779310555,0.0028938325194429373,1.1753271872287552,32.200744855582336,3.294068322347732,100.12365721421676,93.22362100494433,0.011846626876469524,1.5394980385337924,42.17802845298062,3.2985921535895115,100.26115968357178,99.78305993662315,0.05226984988243805,116.06091748478485,0.9667664899590834
wave_r20_nopc_05,wave_r20_nopc,,capped,5,6598.576,2.4,0.5,0.1,0.02,1.0,False,"{""angle_deg"": 20.0, ""type"": ""ramp""}",,,20.0,,-5.45,-1.4,0.22101007166283437,-5.4491630347008195,-1.4135500649740493,1.0955618753309249,20628,23943,2292,46,wave,0.0245,1147,True,False,,20.1200000000008,40.816326530612244,20.1200000000008,0.5002172665584939,0.024861693168910237,1.014762986486132,-0.0006190007687955433,-0.3588937567035258,0.15852792608858382,20.040017313143018,20.339860760731213,0.3455427640813416,0.1413142438483842,-20.039904839317323,20.339860760731213,0.4651625806151719,0.2776685951377636,0.16178038809303952,0.7797053872866158,-8.806469409784776e-11,-2.609736534812597e-10,0.014895262389388196,0.07570294733841501,0.017028993809043918,0.0,0.09834742554889826,0.014895262389388196,3.1638530287984112,4.685203574975174,5.0,103,0.0013774665061616754,0.0009349543994472843,0.0025610574057183017,0.1925168038888978,14.716000220951074,0.7233524319161034,1.3782552838123732,37.76041873458557,1.32503948088795,40.2747562579924,25.475691897529412,0.0,0.8729808480326032,23.917283507742553,3.291217295664125,100.03699986821047,72.03604636206435,0.0009930486593843098,1.4170760292825573,38.82400080226185,3.282314016755027,99.76638348799474,67.93826359429833,0.00016550810989738498,116.31712625123109,0.9688905527897342
wave_r20_pc_05,wave_r20_pc,,capped,5,6636.88,2.4,0.5,0.1,0.02,1.0,True,"{""angle_deg"": 20.0, ""type"": ""ramp""}",,,20.0,,-5.45,-1.4,0.22101007166283437,-5.43416104718745,-1.3889351197746844,2.8026999267742005,36612,41947,4067,82,wave,0.0245,2034,True,False,,37.400000000000546,40.816326530612244,37.400000000000546,0.5002267577057624,0.013375046997480083,0.5459202856114319,0.050804698538478195,6.542883788683742,0.9459709595318562,11.82893173660284,12.697266092116932,0.34939018755687484,-0.8578412308328396,-11.820607245050274,12.697266092116932,9.21871507032407,0.26927296016153546,0.8272787243977381,2.2071022816431807,-0.5068288392494693,-8.185709321701683,0.07822979136855647,0.1280812325115166,0.08031998991052533,0.0,0.10016675405791138,-0.018440224799155257,3.1362907536076965,5.181721004810262,5.0,215,0.0019471337116978202,0.0022288512065680834,0.011888460083383947,0.95306862716452,32.2363912138299,1.5764137929355162,1.3834674043765038,37.90321655826038,3.304092021371729,100.42832891707383,21.006997443281836,0.0012471049349723855,1.172110137725906,32.11260651303852,3.294089240142028,100.1242930134355,86.93864953529527,0.006235524674861928,1.5490684753229749,42.44023220062945,3.3003606720307923,100.31491404348914,99.78236100045143,0.05264564404061999,116.11134769099637,0.9675291126702792
wave_r25_nopc_05,wave_r25_nopc,,capped,5,6688.798000000001,2.4,0.5,0.1,0.02,1.0,False,"{""angle_deg"": 25.0, ""type"": ""ramp""}",,,25.0,,-5.45,-1.4,0.26130913087034974,-5.446347279665675,-1.4074505361155234,-1.6739816232847993,20700,23487,2300,47,wave,0.0245,1151,True,False,,20.199999999999818,40.816326530612244,20.199999999999818,0.5001257444436397,0.024758700219982385,1.0105591926523423,-0.001371369121913952,-0.31914680198906614,0.8326971932330905,25.0244111601777,25.335278366541317,0.3837830581822972,0.8291376812761961,-25.024326557576718,25.335278366541317,1.1627042098905156,0.3619019410417272,0.11497294031512899,0.8906274963464951,-1.1374644406803894e-10,-4.4567787993444043e-10,0.019399855699439385,0.0722471895901838,0.021700526783709408,0.0,0.09834742555229001,0.019399855699439385,3.1671612265084077,4.659742828882295,5.0,102,0.0012756467767131615,0.0008695187209053721,0.0023958265375840153,0.17733654975718932,15.174943786023826,0.746045660146518,1.3744525891056862,37.656235317964004,1.3090875560550757,39.789895320822964,30.803346920475928,0.0,0.8813370597123631,24.146220814037346,3.2941920069395954,100.1274166243038,65.82822367238239,0.001813386086383119,1.4094153801348321,38.61412000369403,3.1925700838319524,97.03860437179186,62.469703625954075,0.0,116.31865118363037,0.9670603862395084
wave_r25_pc_05,wave_r25_pc,,capped,5,6728.951,2.4,0.5,0.1,0.02,1.0,True,"{""angle_deg"": 25.0, ""type"": ""ramp""}",,,25.0,,-5.45,-1.4,0.26130913087034974,-5.438026335009514,-1.387526494384377,0.8083928265292655,37008,43036,4113,83,wave,0.0245,2057,True,False,,37.960000000000036,40.816326530612244,37.960000000000036,0.5001081814828512,0.013174609628104602,0.5377391684940653,0.07006428917165544,6.704851007793157,1.6555403234563388,16.939594072575385,17.63280365541368,0.3826919325144935,-1.540455939305064,-16.93409629383337,17.63280365541368,9.207029774100969,0.2713965215252192,0.8575908851548615,2.7085925503306694,-0.7281078874731576,-8.022192450145747,0.0665301605543201,0.1242628455752513,0.06864635089473949,0.0,0.10021034714916292,-0.025525857310122937,3.134807793575566,5.208004212743549,5.0,207,0.0022399296134840182,0.0025506332063293335,0.011460757729090708,1.045522721628981,34.785950655162694,1.6937065560719635,1.3778738724160933,37.749969107290234,3.296249064304221,100.18994116426204,26.486149821129935,0.0016675443215727575,1.1605353916639736,31.795490182574618,3.294184062266305,100.1271751448725,79.77003478298681,0.0054414604177637355,1.5528316658672159,42.54333331143057,3.3000347030590147,100.30500617200653,82.27489852611173,0.046515710022819026,115.2166941322341,0.9693214944758515
