trial,condition,speed_label,rep,t_command,warmup_s,distance_m,stance_m,step_m,cadence_scale,start_x,start_y,start_yaw_deg,torque_msgs,contact_msgs,gait,speed_cmd_m_s,n_samples,success,fell,fall_reason,time_to_goal_s,time_limit_s,window_s,progress_m,speed_m_s,speed_ratio,lateral_drift_m,yaw_drift_deg,roll_rms_deg,pitch_rms_deg,tilt_max_deg,body_z_min_m,roll_mean_deg,pitch_mean_deg,pitch_abs_max_deg,tilt_rel_max_deg,ssm_min_m,ssm_mean_m,ssm_p5_m,ssm_negative_frac,planned_ssm_min_m,ssm_contact_min_m,contact_feet_mean,support_feet_mean,stance_feet_planned_mean,stance_count,centre_slip_mean_m,slip_mean_m,slip_max_m,slip_per_m,energy_j,cot,qd_peak_coxa_rad_s,qd_peak_coxa_pct,tau_peak_coxa_nm,tau_peak_coxa_pct,tau_p95_coxa_pct,tau_sat_coxa_frac,qd_peak_femur_rad_s,qd_peak_femur_pct,tau_peak_femur_nm,tau_peak_femur_pct,tau_p95_femur_pct,tau_sat_femur_frac,qd_peak_tibia_rad_s,qd_peak_tibia_pct,tau_peak_tibia_nm,tau_peak_tibia_pct,tau_p95_tibia_pct,tau_sat_tibia_frac
tripod_h70_s20_01,tripod_h70_s20,common,1,10.527000000000001,0.9765999999999996,1.0,0.07,0.02,1.0279999999999996,-5.459535514630027,-1.408060354263435,1.8853544435656815,41616,125747,tripod,0.025,2313,True,False,,44.82000000000001,80.0,44.82000000000001,1.0003776059059315,0.022319893036723146,0.8927957214689258,0.0005551167454951739,-0.06676380351471266,0.0004112900149058476,0.0011564593183711058,0.003641365308460807,0.08519296360249201,-2.151812278533058e-06,2.306310359013437e-05,0.003641365308460807,0.003641365308460807,0.09925651952305074,0.12847697336819244,0.10000113973697937,0.0,0.09742741796728471,0.09832421717095313,3.151650312221231,3.8166815343443354,3.0,276,0.0002420789757095241,0.000460754456607628,0.0007979407817334586,0.12712020910304075,53.969813274829306,1.3264963486093146,0.38042522412046287,10.422608880012682,2.754680171855047,83.72888060349688,41.92963605921566,0.0,0.7949206766541577,21.778648675456374,3.283427503601973,99.8002280730083,57.681963807718624,0.0008920606601248885,0.5360437858034237,14.68613111790202,3.2910475080390116,100.03183915012193,73.85833237517032,7.43383883437407e-05
tripod_h100_s20_01,tripod_h100_s20,common,1,64.26400000000001,0.95,1.0,0.1,0.02,1.0,-5.466323362314596,-1.3959959789613738,1.371363160870768,41400,134056,tripod,0.025,2300,True,False,,44.58,80.0,44.58,1.000095242036967,0.0224337200995282,0.8973488039811279,0.001219598250710479,-0.023908822462150765,0.001132154056065758,0.0009619722247283029,0.005334103123959408,0.11521302484188406,-2.561930148087844e-05,-0.00017197385830896783,0.005021432350718826,0.005334103123959408,0.09937173591702711,0.12954327418200334,0.10012651575085951,0.0,0.0976032377414106,0.09854994781891505,3.1573991031390136,3.843497757847534,3.0,285,0.0003602041271268097,0.0005826085728438848,0.0009679092826828988,0.1660275069980447,50.8339250596202,1.2497729820540737,0.37580621982043916,10.296060816998333,1.3815245707362103,41.99162828985442,41.89829105912719,0.0,0.6630520817237369,18.16581045818457,2.50185951511726,76.04436216161884,68.44961365982162,0.0,0.5748746065330126,15.749989220082536,2.330012472459765,70.82104779512964,65.36049140078646,0.0
tripod_h100_s35_01,tripod_h100_s35,common,1,116.64500000000001,1.2886750000000002,1.0,0.1,0.035,1.3565000000000003,-5.462483957065336,-1.4177941349066772,-1.3501837925637714,39186,125675,tripod,0.025,2178,True,False,,41.84,80.0,41.84,1.0002930395851282,0.023907577427942833,0.9563030971177133,0.001973185326200916,0.10020568891988073,0.001605532579078616,0.0007787365991261372,0.008690244146659282,0.11490392488018943,-4.676706021973671e-05,-0.00012405689509654709,0.0027593689316926053,0.008690244146659282,0.09715242084451284,0.11801946340339725,0.09796894396155799,0.0,0.09568451232435726,0.09639396240188502,3.1151457238413762,3.507883420926899,3.0,198,0.0005245459285525856,0.000819992861692147,0.0013940869027772775,0.16231070727044805,53.99301472885898,1.3271764197022198,0.42102529063637967,11.534939469489855,3.2946314168202235,100.14077254772715,42.06418886924913,7.963051441312311e-05,0.9793972466551544,26.83280127822341,3.290720955081682,100.0219135283186,68.38220367451679,0.0008759356585443542,0.7626989944817014,20.895862862512367,3.28997656866794,99.99928780145714,64.86247505973971,0.00031852205765249244
tripod_h100_s50_01,tripod_h100_s50,common,1,166.584,1.94465,1.0,0.1,0.05,2.047,-5.443702679404977,-1.397509373488783,-2.0996264201679833,38052,124589,tripod,0.025,2115,True,False,,39.920000000000016,80.0,39.920000000000016,1.0000261616501969,0.02505075555235963,1.002030222094385,0.002096348156811499,0.08297340100057295,0.0013064708944073198,0.0007815392586655147,0.005343716955445242,0.11522158894484898,-4.4850235474738876e-05,-0.00016956857390507864,0.0043893407119668815,0.005343716955445242,0.09355833702064612,0.11366812822656906,0.09464190467526976,0.0,0.09204610131835401,0.092512671459687,3.076114171256885,3.42463695543315,3.0,126,0.0008612791993637322,0.001314449235337237,0.002095490645308495,0.1656159069628948,50.266020812923706,1.235894393771012,0.46333561197227713,12.694126355404853,3.295851592637749,100.17785995859418,42.30475188536467,8.345852111500584e-05,1.074336321429653,29.433871819990497,3.283777463084678,99.81086513935192,67.34733948445323,0.0004172926055750292,0.8134467664278038,22.28621277884394,3.2704353638324433,99.40533020767305,63.96748006502225,8.345852111500584e-05
tripod_h135_s20_01,tripod_h135_s20,common,1,216.626,0.95,1.0,0.135,0.02,1.0,-5.452694768367809,-1.393228108057019,-0.463291960379233,41112,127213,tripod,0.025,2285,True,False,,44.28,80.0,44.28,1.0000326413300045,0.02258429632633253,0.9033718530533011,0.0026968297459701637,0.12351590228897089,0.0011359994820880097,0.00016616089893338394,0.0015620168922620499,0.1501866668419899,-1.1656979392256709e-05,3.2848443671001936e-05,0.0005298624113399265,0.0015620168922620499,0.09939671785734547,0.12836351202553312,0.10011085831254632,0.0,0.09763701027924983,0.09849723443874027,3.139954853273138,3.807223476297968,3.0,282,0.0004184969189712914,0.0006342450352279539,0.0009760404698881991,0.1788506116543843,52.70907916712929,1.2959517893107886,0.37580352959651575,10.295987112233309,1.3787606279011588,41.907617869336136,41.80651911154268,0.0,0.5755425780648448,15.768289809995748,3.28280900364798,99.78142868230942,81.51701855656741,0.0034612490594431904,0.6500807160777103,17.810430577471514,3.280754859780273,99.71899269848853,61.18582259814437,0.0018811136192626034
tripod_h135_s35_01,tripod_h135_s35,common,1,268.711,1.132875,1.0,0.135,0.035,1.1925000000000001,-5.444672624029035,-1.3813025619002528,1.098388933857752,39726,120645,tripod,0.025,2208,True,False,,42.56,80.0,42.56,1.0000461382265433,0.023497324676375546,0.9398929870550218,0.0017392090476487758,0.022703126201476853,0.0021622983336717604,0.00047890523228358707,0.01098397143777385,0.14967475180209222,-4.1697227953425596e-05,3.0587101120200934e-05,0.005609191097673447,0.01098397143777385,0.09792085972289423,0.11874506001422348,0.09871711775621862,0.0,0.09656652111301132,0.09735540955086633,3.1282292155941755,3.522780648191639,3.0,228,0.0005326235445900485,0.0007701863283621913,0.0012697047262392872,0.17559411570517822,61.223071672893,1.5052671802580433,0.4033899915871554,11.051780591428916,3.2941968603107434,100.12756414318368,41.72229392836882,0.0003131360576170346,0.9223241788197092,25.26915558410162,3.28563279299886,99.86725814586201,81.76202957692476,0.0014873962736809143,0.93148675576984,25.520185089584654,3.2813698281535015,99.73768474630704,60.94825225753635,0.0006262721152340692
tripod_h135_s50_01,tripod_h135_s50,common,1,319.329,1.5029,1.0,0.135,0.05,1.582,-5.454335006676799,-1.412509897211196,-0.9242360065696015,38383,123351,tripod,0.025,2133,True,False,,40.76000000000005,80.0,40.76000000000005,1.0004404786948995,0.02454466336346659,0.9817865345386636,0.0027089269817155825,0.04534779810874509,0.0019876971152086695,0.0004433335124841216,0.010523332861502201,0.14971023697267366,-6.861839985113564e-05,3.868153123476828e-05,0.0033487684282474286,0.010523332861502201,0.09565841958566991,0.113874008754821,0.09662321959172732,0.0,0.09449675439039523,0.09512614504821544,3.0966159882295243,3.40019617459539,3.0,165,0.0007082835769491897,0.0010586852704222679,0.001742629859146928,0.17460551923911521,59.21526436877766,1.455325022463744,0.4393082521560032,12.035842524822007,2.089929296855099,63.52368683450149,41.920452855719624,0.0,1.117171806186967,30.607446744848417,3.292690869375565,100.08178934272233,80.88632164332905,0.0017165277096615988,1.0746837353057204,29.4433900083759,3.2818332747708934,99.75177126963202,60.39221150741909,0.0006539153179663233
ripple_h70_s20_01,ripple_h70_s20,common,1,371.242,1.3,1.0,0.07,0.02,1.0,-5.449557361057217,-1.3843516236199767,1.6533836548361371,37219,94096,ripple,0.025,2068,True,False,,39.639999999999986,80.0,39.639999999999986,1.0001773807364103,0.025231518182048704,1.009260727281948,0.00019830582624615067,-0.051146918252481334,0.05804727546313,0.051468659225208,0.2198048465680317,0.0862177228388368,0.0013595487877464843,0.022218174705254216,0.18802310869387753,0.2198048465680317,0.10227822666530913,0.11245595905257236,0.10319347878275176,0.0,0.10028682576604273,-0.003484415079258911,2.747856782652547,4.369641956631367,4.0,184,0.0005045450739034528,0.00028145643765648405,0.0005480184881050467,0.05177879894937972,43.28440217059659,1.0640782294613165,0.6313852720601728,17.298226631785557,3.2935301347176713,100.1072989275888,39.968127076007505,0.002689527651706169,0.9307020545463139,25.498686425926408,2.8331910927809494,86.11523078361547,56.24618504151662,0.0,0.7834637674103906,21.464760750969603,3.2961962111285334,100.18833468475785,72.52876134126763,0.010001680954782316
ripple_h100_s20_01,ripple_h100_s20,common,1,420.086,1.3,1.0,0.1,0.02,1.0,-5.457274135975386,-1.383031324139727,-0.1745406875054547,36900,96636,ripple,0.025,2051,True,False,,39.30000000000001,80.0,39.30000000000001,1.0002895621419703,0.02545266061429949,1.0181064245719795,0.0020108154286519486,0.08856389582716538,0.0687161066032611,0.058893472271901844,0.21638966335937512,0.11622459656364567,0.009763217548771406,0.011221676479115383,0.18306914407254066,0.21638966335937512,0.10246607297935281,0.11288985654913404,0.1033544698673728,0.0,0.10048087721947209,-0.0036629151073038595,2.7049847405900307,4.391658189216684,4.0,184,0.0006063764298169177,0.0003506111977319565,0.0006662477353091967,0.06449365511350218,41.87012308307028,1.029192930667585,0.6313852705828868,17.29822659131197,2.713860350791752,82.48815655901981,40.37840828182759,0.0,0.7256986319855051,19.882154300972743,3.2941359996547264,100.12571427521965,66.91576763075703,0.012885723974228552,0.7799152032114915,21.367539814013465,3.296816904370052,100.20720074073107,81.99088920478789,8.477449983045101e-05
ripple_h100_s35_01,ripple_h100_s35,common,1,467.48600000000005,1.8427500000000023,1.0,0.1,0.035,1.4175000000000018,-5.442249646311911,-1.4157117076618564,-2.372738649402351,36522,95536,ripple,0.025,2030,True,False,,38.360000000000014,80.0,38.360000000000014,1.0002624604120671,0.026075663722942302,1.043026548917692,0.0008391489948343239,0.099616154006548,0.05951955049076332,0.04827820416507545,0.2580500481208031,0.11626766047499686,0.0022236516632055405,0.016485305664727556,0.20316276710604092,0.2580500481208031,0.1008456926779595,0.11004370857359372,0.10209718765769517,0.0,0.09944985562352943,-0.0049720488769379725,2.7071391349661282,4.1964564877540385,4.0,127,0.0009839454117314282,0.0005262522297637,0.0007792409188536359,0.06681647298202259,43.353142731936195,1.0656771014245177,0.7139608731754643,19.56057186782094,3.1773905353586933,96.57721991971712,39.082167124885665,0.0,1.0496918093473218,28.758679708145802,3.290938364985843,100.0285217320925,49.997282981000275,0.004863644259162758,0.9989815090680714,27.369356412823873,3.2972128152655715,100.21923450655233,83.82847129490091,0.000694806322737537
ripple_h100_s50_01,ripple_h100_s50,common,1,514.466,2.808000000000006,1.0,0.1,0.05,2.1600000000000046,-5.461923702098822,-1.3846220130524682,1.0788687689075012,37170,105738,ripple,0.025,2066,True,False,,38.120000000000005,80.0,38.120000000000005,1.0004861554026887,0.02624570187310306,1.0498280749241222,0.0026290135984425728,0.06632774957571953,0.029710955290232433,0.022953887354905108,0.16737717033611924,0.11631314667092706,0.0014810351297483465,0.009629791061207258,0.12785912796800974,0.16737717033611924,0.09959221495149559,0.11217033105233638,0.10145317132279771,0.0,0.09784031373539964,-0.004988363002542223,2.8631358154168853,4.190875721027792,4.0,97,0.001611788907755361,0.0009294125904089809,0.001684166234695097,0.09010890308804279,44.17830366158376,1.0857144669169243,0.7816296055987266,21.414509742430866,2.0637178076027305,62.72698503351764,38.838857580297024,0.0,1.1485594161258785,31.4673812637227,3.2914896731514163,100.04527881919199,98.59320153215918,0.058468799160985845,1.09323101779365,29.951534734072602,3.2972076909678836,100.2190787528232,83.46155653772747,0.00026219192448872575
ripple_h135_s20_01,ripple_h135_s20,common,1,563.5260000000001,1.3,1.0,0.135,0.02,1.0,-5.436030547055423,-1.3942225492317792,-0.5607456139467812,36900,92936,ripple,0.025,2051,True,False,,39.299999999999955,80.0,39.299999999999955,1.0001601579615247,0.025449367887061727,1.017974715482469,0.0006704971448217995,0.0038154356084028596,0.07994683320305278,0.06636521410986684,0.20962574892780536,0.15122539387550327,-0.00038047420891355085,-0.00012193849647194102,0.1756969269793751,0.20962574892780536,0.10264456669031975,0.11300246996812448,0.10353152799662996,0.0,0.10069167135466466,-0.004435236321616119,2.8158697863682605,4.4272634791454735,4.0,183,0.0006157551282774475,0.0003864843655092625,0.0007430031477929022,0.07071529737725409,40.100087393283665,0.9858136852270939,0.6324194772343744,17.326561020119847,2.44288378979234,74.25178692377933,40.23788077689681,0.0,0.6122174343854034,16.773080394120644,3.2938206751798123,100.11612994467514,81.22326618846583,0.00839267548321465,0.8289397050042535,22.710676849431604,3.2833708265446577,99.79850536609901,90.1324815705663,0.002119362495761275
ripple_h135_s35_01,ripple_h135_s35,common,1,610.926,1.6016000000000004,1.0,0.135,0.035,1.2320000000000002,-5.449336872235,-1.3962622592897636,2.1727079094457693,36504,92833,ripple,0.025,2029,True,False,,38.56000000000006,80.0,38.56000000000006,1.0000998395221368,0.025936199157731724,1.0374479663092688,3.443908563565551e-05,-0.1459279082027102,0.08394653531174061,0.06933100067227305,0.2917361009605115,0.15122998597180112,0.009364035262482924,0.011383783287554742,0.2368374058101421,0.2917361009605115,0.10119313461712562,0.10895908173208552,0.10237956173064122,0.0,0.10001509345848386,-0.005215832119805785,2.720580611715915,4.174701918092276,4.0,146,0.0008169127088705758,0.0004592723642729629,0.0007667707035459101,0.067047071196547,43.15517583937719,1.0609836811017204,0.6838656198264123,18.736044378805815,3.294987809735241,100.15160515912586,39.584171593858756,0.0002592016588906169,0.969270304341506,26.555350803876877,3.294399539951795,100.1337246185956,80.70919116610388,0.00578883704855711,1.1293938729111468,30.942297887976626,3.2961970339918234,100.1883596958001,90.39072921482733,0.002419215482979091
ripple_h135_s50_01,ripple_h135_s50,common,1,657.885,2.197,1.0,0.135,0.05,1.69,-5.452472553353635,-1.3843103956013343,0.6823016304155232,36630,88018,ripple,0.025,2036,True,False,,38.120000000000005,80.0,38.120000000000005,1.0003967869242518,0.026243357474403244,1.0497342989761298,0.0011960885628360708,-0.06652153089834362,0.054290762721354476,0.042948941105676215,0.2563359870183053,0.1512884617848172,0.0006371109917406889,0.018098034565615352,0.20170930183028624,0.2563359870183053,0.10015520451155838,0.10964522896573968,0.10168727231714322,0.0,0.0990859080014609,-0.004228387830720337,2.7939171473518614,4.116937598321972,4.0,106,0.0013238774247696873,0.000705500362496053,0.0009206836661919701,0.07475332383227484,43.738012132916566,1.0749929437440853,0.748122132426173,20.496496778799262,2.5414614535452418,77.24806849681586,39.56775085771525,0.0,1.1630400260205622,31.86411030193321,3.289596074748544,99.98772263673386,55.89563725003201,0.0009613703897919944,1.289381702201454,35.32552608771107,3.2963967165643893,100.19442907490544,87.89301007880667,0.0013109596224436288
wave_h70_s20_01,wave_h70_s20,capped,1,707.864,2.4455999999999998,1.0,0.07,0.02,1.019,-5.436825754967737,-1.40007775780331,1.155108790979841,39295,108881,wave,0.024,2184,True,False,,40.819999999999936,83.33333333333333,40.819999999999936,1.0003578826279753,0.024506562533757395,1.0211067722398914,0.0033840423852268264,0.23792951604065063,0.04387255286045286,0.05272645358857851,0.263887207446688,0.08629379006070317,-0.0029355945096334077,0.020043917331031304,0.263887207446688,0.263887207446688,0.09936902861948554,0.1368898418116514,0.10131828344769454,0.0,0.09806441507138802,-0.005589861394371094,2.944662095984329,5.200783545543585,5.0,243,0.0006265271116571563,0.0003999780661830011,0.002156321897961586,0.0971593423204224,38.29443963560064,0.941232699651297,1.352795997390378,37.06290403809255,1.912230614767764,58.122511087166075,11.881561974797986,0.0,1.2473228001694752,34.17322740190343,3.1375033934114245,95.36484478454177,81.84478223153755,0.0,1.521413572749531,41.68256363697345,3.297984867580887,100.2427011422762,99.79140894323609,0.0955762324518446
wave_h100_s20_01,wave_h100_s20,capped,1,759.091,2.4,1.0,0.1,0.02,1.0,-5.456438985014028,-1.3990868598430493,-1.7026596538859133,38182,100536,wave,0.0245,2122,True,False,,39.620000000000005,81.63265306122449,39.620000000000005,1.0001471557237778,0.025243492067737953,1.0303466150097123,0.006217053293967833,0.5473634228403015,0.043444281883191514,0.05127690944317757,0.25326070685911983,0.11627566745184506,-0.0057307292075897695,0.01505165931174845,0.25326070685911983,0.25326070685911983,0.09963493572840541,0.1368748524583656,0.10153057105470743,0.0,0.09833626562767747,-0.005830655823754916,2.941473259334006,5.197780020181635,5.0,231,0.0007116527118687394,0.00040669741856580384,0.0024761929135420292,0.09393146611259551,30.75971692659192,0.7561870074346619,1.3670756771382941,37.45412814077518,3.2881189807836506,99.9428261636368,12.997952391845317,0.0015977127480659267,0.8655622663743795,23.714034695188477,3.2906896253938442,100.02096125817155,99.99490914749737,0.10410359905819037,1.4017514276097744,38.40414870163766,3.297580550171574,100.23041185931835,89.19601680681197,0.0002522704339051463
wave_h100_s35_01,wave_h100_s35,capped,1,807.9060000000001,3.6012000000000035,1.0,0.1,0.035,1.5005000000000015,-5.465971855919261,-1.418455834803161,1.2116968583159373,56898,153843,wave,0.0163,3162,True,False,,59.039999999999964,122.6993865030675,59.039999999999964,1.0000712303312334,0.0169388758524938,1.039194837576307,0.004768343042011142,0.30484717706627484,0.027697052930828,0.03409643294897412,0.23500761730984635,0.11630540830542699,-0.0007101217644608393,0.013042298198358745,0.23500761730984635,0.23500761730984635,0.09943135672786486,0.13601310222915075,0.1014639892219111,0.0,0.09839998091640494,-0.00367962273491768,2.979004402302743,5.185235353877413,5.0,202,0.0007739228677421363,0.00041168720617927595,0.0013779888454513163,0.08315394729809386,31.637469134781988,0.7778306199849193,1.0430165029530554,28.575794601453573,3.290320351771132,100.00973713590066,12.797586091137935,5.6439778756067275e-05,0.7875318068230689,21.576213885563533,3.2908162295149608,100.02480940774956,98.12327961982024,0.050626481544192345,1.1369782817235852,31.15008991023521,3.2908665813307985,100.02633985807897,88.58096248962806,5.6439778756067275e-05
wave_h100_s50_01,wave_h100_s50,capped,1,877.706,5.462400000000006,1.0,0.1,0.05,2.2760000000000025,-5.451742775164738,-1.3840906341162729,2.011099228153678,84582,255106,wave,0.0108,4754,True,False,,91.84000000000003,185.18518518518516,91.84000000000003,1.0001930920488504,0.01089060422527058,1.0083892801176462,0.009298364339830698,-0.012445258533654639,0.013898799420406437,0.018601188036894898,0.24368853772855847,0.11575821838092482,0.0001540492040943658,0.005299850716495465,0.24368853772855847,0.24368853772855847,0.09950935352143549,0.14073732619373575,0.10147335562580458,0.0,0.09846374203219675,-0.0027438313519969454,3.184317260027039,5.249211356466877,5.0,204,0.0013242612695992546,0.0010273596251358793,0.05895408776447586,0.20953184852040235,54.104744876198964,1.330000817279235,2.175779042358821,59.61038472215947,2.2537682875665435,68.50359536676423,13.626492299703536,0.0,1.4587035022149468,39.964479512738265,3.292525689268924,100.07676867078797,97.02115903951365,0.04540333483551149,2.8069682860250667,76.90324071301553,3.293014985915847,100.09164090929627,89.4535504889506,0.0002253267237494367
wave_h135_s20_01,wave_h135_s20,capped,1,984.5050000000001,2.4,1.0,0.135,0.02,1.0,-5.454596194620768,-1.381052849211791,0.5523720664701877,38124,93964,wave,0.0245,2119,True,False,,39.56000000000006,81.63265306122449,39.56000000000006,1.0002490508107404,0.025284354166095525,1.032014455759001,0.006674585683451403,0.5837623928007427,0.039696651742229666,0.049734916521218385,0.21956855302302614,0.1512897157433398,-0.006707807942841636,0.011046212781490294,0.21956855302302614,0.21956855302302614,0.09985873793103618,0.13852498375404182,0.10162375625598993,0.0,0.09851177544747108,-0.006317065818020705,2.881758463870642,5.215765538150581,5.0,233,0.0006516060232901273,0.00034798580610251973,0.0014823984773395544,0.08105869997025357,25.997890748732082,0.6390568126465139,1.3709466985482477,37.560183521869796,1.345330600073842,40.891507601028636,10.2733835467225,0.0,0.6885197455269938,18.86355467197243,3.2914250149693554,100.04331352490442,99.9794797588037,0.12413676941216102,1.3774995081654735,37.73971255247872,3.2973095125369936,100.22217363334326,80.72193955639989,0.0004210880916287687
wave_h135_s35_01,wave_h135_s35,capped,1,1033.326,3.1176,1.0,0.135,0.035,1.299,-5.439364667431389,-1.4037122256608157,-1.8229805281903684,49122,122636,wave,0.0189,2730,True,False,,50.960000000000036,105.82010582010582,50.960000000000036,1.00014981298103,0.01962617372411753,1.0384218901649487,0.006390016236200077,0.5680994115033946,0.036405420383755965,0.04336923422520533,0.2532379980805434,0.1512963374376571,-0.005446525287251835,0.013787931718610674,0.2532379980805434,0.2532379980805434,0.09934054116919659,0.1326440675236393,0.10122168691090108,0.0,0.0984785624925036,-0.0058123831931752605,2.8426834052569636,5.137701059238918,5.0,215,0.0006348818889943204,0.00033779513346651936,0.0014229830350382486,0.07261359298338416,29.228944508082414,0.7185522974750175,1.1609927012842953,31.808019213268366,3.290457904926796,100.01391808288133,11.249093030301543,6.53851183470642e-05,0.7960381696710278,21.809264922493917,3.2914184578973815,100.04311422180491,99.96147501852192,0.09088531450241925,1.3255552351492312,36.31658178491045,3.295810555493563,100.17661262898368,82.69905867822627,0.0018961684320648621
wave_h135_s50_01,wave_h135_s50,capped,1,1095.084,4.3751999999999995,1.0,0.135,0.05,1.823,-5.463128919396727,-1.4127517509507603,0.6228331035746315,68868,161579,wave,0.0134,3827,True,False,,71.46000000000004,149.2537313432836,71.46000000000004,1.0003634208320549,0.013998928363168966,1.0446961465051467,0.007783205293026427,0.22627714993540174,0.02192381505454132,0.02729489286629919,0.20727052182594513,0.15131086677657357,-0.0005963420021991573,0.00973299299581871,0.20727052182594513,0.20727052182594513,0.09940985757717595,0.13526310140060432,0.10133350601228232,0.0,0.0985648995418577,-0.004093039513959326,3.0011191941801902,5.174594292109681,5.0,218,0.0007354322603495792,0.0004013195360914495,0.001510145743703316,0.08745322866190174,30.66276094785456,0.7536322609987507,0.8973305062722163,24.584397432115516,2.6558698419841065,80.7255271119789,12.816028262616525,0.0,0.6527493010911399,17.88354249564767,3.2908157422989976,100.02479459875373,98.79447100597854,0.05143629919791084,1.0594467158404752,29.025937420286994,3.2873826426925907,99.92044506664409,90.2515520608669,0.01655474724864764
tripod_h70_s20_02,tripod_h70_s20,common,2,1182.165,0.9766,1.0,0.07,0.02,1.028,-5.465494685795547,-1.419203570046503,1.9979817851305237,41580,100949,tripod,0.025,2311,True,False,,44.77999999999997,80.0,44.77999999999997,1.0002196690792073,0.022336303463135507,0.8934521385254203,0.001174075220653381,-0.057588624452600864,0.00044397369663479603,0.0011917525630060913,0.009794392908217993,0.0851870865822534,4.520453603406493e-06,1.516544358749936e-05,0.009794392908217993,0.009794392908217993,0.09925075526784104,0.12823776242984194,0.10000053363255314,0.0,0.09742814476407423,0.09831587299042228,3.1495535714285716,3.8084821428571427,3.0,276,0.00024310315008801045,0.00044706436088367906,0.0007977250759302969,0.12336257965358097,53.650565788316754,1.3188572405197836,0.38138446504372236,10.448889453252669,2.7611588906452154,83.92580214727099,41.969982060732065,0.0,0.7951205223019989,21.784123898684904,3.2834548347934054,99.80105880831019,57.672466084353125,0.0011160714285714285,0.5358697539765792,14.681363122646006,3.291177271021573,100.03578331372562,73.79828298223657,7.440476190476191e-05
tripod_h100_s20_02,tripod_h100_s20,common,2,1236.189,0.95,1.0,0.1,0.02,1.0,-5.466023555282694,-1.4019766185779294,-0.06900856149618395,41382,100918,tripod,0.025,2300,True,False,,44.57999999999993,80.0,44.57999999999993,1.0002165726646186,0.02243644173765411,0.8974576695061643,0.0015626349691950014,0.06527339270982994,0.0014924790418925798,0.0009213553479389064,0.005272079443013653,0.11518543335976053,-8.564631386447312e-05,-0.00013341425847167412,0.005135075144604773,0.005272079443013653,0.09960346754414294,0.12968242335760347,0.10016746361725726,0.0,0.09764144858158329,0.09850279165818897,3.160089686098655,3.8484304932735425,3.0,282,0.0003544894183424854,0.0005835923734527557,0.0009643862873399002,0.16453721420859432,50.25564657881278,1.235405300097838,0.37579832116681355,10.295844415529137,2.1313947373683138,64.78403457046547,41.65531914516924,0.0,0.6635676822540857,18.17993650011194,3.290659383573484,100.02004205390529,68.52116888311119,0.00014947683109118088,0.5756913565215562,15.772365932097431,2.849628217717176,86.61483944429106,65.42046004134258,0.0
tripod_h100_s35_02,tripod_h100_s35,common,2,1289.1270000000002,1.288675000000002,1.0,0.1,0.035,1.3565000000000023,-5.445189103664657,-1.399839420703936,2.6240588623738086,39204,91477,tripod,0.025,2179,True,False,,41.83999999999992,80.0,41.83999999999992,1.0003302561636982,0.023908466925518648,0.9563386770207458,0.0020854871879537537,0.027327871403522927,0.0015539198349062981,0.0007573888715780067,0.008587116004754737,0.11490392117316822,1.9565658990927705e-06,-0.00012083696011800158,0.0028152889224668564,0.008587116004754737,0.09719319309455159,0.11747699452587472,0.09793887791470418,0.0,0.0956794227799764,0.09639797180497305,3.1137123745819397,3.493549928332537,3.0,198,0.0005032281745892723,0.000818556832874839,0.001399873995294925,0.162020392458521,53.541854375297675,1.3160373996582997,0.42097953940408417,11.533686011070799,2.297763467381881,69.84083487482921,42.26615181369803,0.0,0.9792644350977597,26.829162605418077,3.3093818604919685,100.58911430066775,68.52884361286867,0.0009555661729574773,0.7626918075072451,20.895665959102605,3.2892682145773926,99.97775728198762,64.84099570749139,0.00031852205765249244
tripod_h100_s50_02,tripod_h100_s50,common,2,1339.491,1.9446500000000055,1.0,0.1,0.05,2.047000000000006,-5.439984136225469,-1.3970213400846814,0.7036328202316993,38016,90839,tripod,0.025,2113,True,False,,39.899999999999864,80.0,39.899999999999864,1.0001039877954558,0.02506526285201652,1.0026105140806607,7.762367876145045e-05,-0.15481299457807482,0.0012758761244736053,0.000735912037936526,0.005818173138530273,0.11521837493268122,2.5465972416460794e-05,-0.00015205076772645265,0.002461343905809816,0.005818173138530273,0.09343978183567084,0.11338953184184987,0.09456661625233231,0.0,0.09203927418762252,0.09252667032583774,3.0731462925851702,3.4163326653306614,3.0,123,0.0009005051249005953,0.0013146138116948848,0.0020889271897735063,0.16168068553336679,49.63038787536506,1.2201737580230274,0.46336828352170406,12.695021466348058,2.5253741317435354,76.75909215025943,41.482731097937865,0.0,1.0743434615498155,29.434067439720973,3.283782296072704,99.81101203868401,65.88228203159416,0.00041750167000668005,0.8134130442741832,22.285288884224197,3.2827154053634695,99.77858374964953,63.496137346761735,0.000250501002004008
tripod_h135_s20_02,tripod_h135_s20,common,2,1389.9470000000001,0.95,1.0,0.135,0.02,1.0,-5.449737940335721,-1.3814095276449858,-1.6402436198451797,41112,105140,tripod,0.025,2285,True,False,,44.27999999999997,80.0,44.27999999999997,1.0001067329317848,0.02258596957840527,0.9034387831362107,0.002524149659292905,0.12118053450118611,0.001976226297457187,0.0005284360837352517,0.006192892470886357,0.15021063141258745,1.0196226538337597e-05,-5.718054663861209e-05,0.003416809283830341,0.006192892470886357,0.09937479896625838,0.1286305926442997,0.10008925853901705,0.0,0.09762563751563312,0.0985623764939407,3.1548532731376975,3.816252821670429,3.0,282,0.00042951804745382536,0.0006222620206609036,0.0009821493586688829,0.17545860372327018,51.95625903016075,1.2773482298761085,0.3757363276678318,10.294145963502242,1.5312593795153375,46.54283828314096,42.189685748170554,0.0,0.5757567358537008,15.774157146676735,2.9426746449470866,89.44299832665918,81.22888693642811,0.0,0.6499804711020706,17.807684139782754,2.063168121028058,62.71027723489537,61.03412750089255,0.0
tripod_h135_s35_02,tripod_h135_s35,common,2,1442.307,1.132875,1.0,0.135,0.035,1.1925000000000001,-5.4424389145140575,-1.3977961328440853,-2.7479292655878833,39744,97796,tripod,0.025,2209,True,False,,42.59999999999991,80.0,42.59999999999991,1.0000103095866775,0.023474420412832854,0.9389768165133141,0.0031032942617752676,0.1933817388322083,0.002189893378810639,0.00035839705070917914,0.011022277531306886,0.14967087460709558,-7.15272140269106e-05,1.4017829921398607e-05,0.0055233618122585435,0.011022277531306886,0.09795658770797591,0.11849230506783111,0.09868914768873945,0.0,0.09656602796913451,0.09736968102248161,3.1313937118723603,3.5129047395588926,3.0,228,0.0004874792875152308,0.0007669083138494623,0.00127115029491493,0.17485245095927976,61.43855913075199,1.5106144158679924,0.40339000547739856,11.051780971983522,1.4524837347655353,44.14844178618648,42.50782135548085,0.0,0.9217345983241085,25.253002693811194,3.2858383055917546,99.87350472923266,81.79268713993697,0.000782105427811669,0.9314694665322075,25.519711411841303,3.2813928041346516,99.7383831043967,60.88822881698963,0.0002346316283435007
tripod_h135_s50_02,tripod_h135_s50,common,2,1493.1460000000002,1.5029,1.0,0.135,0.05,1.582,-5.458154000008651,-1.3829133225839363,1.707389144579999,38394,95196,tripod,0.025,2134,True,False,,40.74000000000001,80.0,40.74000000000001,1.0002756592203499,0.024552667138447462,0.9821066855378985,0.0017220452128544478,-0.009367297054194208,0.001927294238736873,0.0004383852693596716,0.010518628417314624,0.14971389805773183,-2.9889789084531238e-05,4.384321316860504e-05,0.003292902812117278,0.010518628417314624,0.09578977761530642,0.11375188016064856,0.09659542244041879,0.0,0.09449594169658072,0.09511950068172266,3.102551521099117,3.3959764474975467,3.0,165,0.0007215046736926106,0.0010519200033498417,0.0017317931683632245,0.17351871131150126,58.2533640494329,1.4319235686557805,0.4392991191300831,12.035592304933784,2.0263717129005405,61.591845376916126,41.924577035933936,0.0,1.117209827793872,30.60848843270882,3.290733875604338,100.02230624937197,80.62733568678645,0.0009813542688910696,1.074098873568177,29.427366399128136,2.871001892075475,87.26449519986245,60.13571534362962,0.0
ripple_h70_s20_02,ripple_h70_s20,common,2,1545.287,1.3,1.0,0.07,0.02,1.0,-5.469486756258784,-1.40813494681349,-2.941167905720617,37188,80374,ripple,0.025,2067,True,False,,39.6400000000001,80.0,39.6400000000001,1.0003758595958234,0.025236525216847147,1.0094610086738858,0.00184355923041616,0.09397254041142973,0.05860929264642859,0.05175093367902602,0.21548775286785984,0.08621532376050858,0.0015944022140240313,0.023387810047597414,0.1817780612721285,0.21548775286785984,0.10209090118232791,0.111983356447718,0.10287822284288933,0.0,0.10033877306167234,-0.003431807046879409,2.848209783156833,4.3419062027231465,4.0,184,0.0005130833925446955,0.00030237196451668886,0.0005254589190387204,0.05561544339818356,41.74496820192826,1.026028360905176,0.6318636913875048,17.31133401061657,1.3662865784343257,41.52846742961476,29.638411167463094,0.0,0.9319764311242,25.533600852717807,2.8258780931356666,85.8929511591388,55.824032193725444,0.0,0.7842224370361596,21.485546220168757,3.282211655631096,99.7632722076321,72.41383030141077,0.009665489998319045
ripple_h100_s20_02,ripple_h100_s20,common,2,1594.1450000000002,1.3,1.0,0.1,0.02,1.0,-5.436901322280877,-1.4155852963076374,-2.6552689273510834,36918,77000,ripple,0.025,2052,True,False,,39.319999999999936,80.0,39.319999999999936,1.0002840266914022,0.025439573415345976,1.017582936613839,0.0019952669151345054,0.23036842459855594,0.06810335723499164,0.058210287395444586,0.20606314680505186,0.1162245856367279,0.008508340659573987,0.010342012535215857,0.17471986437596362,0.20606314680505186,0.10251830727565703,0.11269547489804897,0.10340750682320127,0.0,0.10053514823057562,-0.004640437756247176,2.682765632943569,4.386883579054397,4.0,182,0.0006094076611456773,0.0003371880107532766,0.0006761289529144946,0.06135067064262309,41.397293574573055,1.0175761583446734,0.6318636890010184,17.311333945233383,1.7104156635019956,51.98831803957433,39.32876383307974,0.0,0.7252737585677087,19.870513933361885,3.293151832700067,100.09580038602027,66.83585680109088,0.009405185561769192,0.7803016189505428,21.378126546590213,3.230429283130797,98.18933991279017,85.12834033764956,0.0018640908320623623
ripple_h100_s35_02,ripple_h100_s35,common,2,1641.567,1.8427500000000023,1.0,0.1,0.035,1.4175000000000018,-5.430724666272196,-1.4021652048233915,-1.0896420056179439,36522,72871,ripple,0.025,2030,True,False,,38.3599999999999,80.0,38.3599999999999,1.0004262788557265,0.02607993427673955,1.0431973710695819,0.00171433560679745,0.031820368542200876,0.06344713390242096,0.05128159806707298,0.2580676303678037,0.11626767713650744,0.006660668415673047,0.014824335806600279,0.20314933342965516,0.2580676303678037,0.10088332311295689,0.11026917492021565,0.1021159258540609,0.0,0.09942889751277924,-0.005119205062746415,2.709744658676394,4.20323084940073,4.0,127,0.0009968445177178451,0.0005083093904280154,0.0007678531392734329,0.064527691012825,43.11120931745267,1.0595553486671259,0.7139575776236067,19.560481578728954,3.0870829659481003,93.83230899538297,39.52036160809417,0.0,1.0495183967345558,28.753928677659065,3.2905836658588594,100.01774060361275,49.47138537990337,0.0034740316136876847,0.9989767438349275,27.369225858491166,3.2972773776155586,100.22119688801091,82.41580501224898,0.00017370158068438424
ripple_h100_s50_02,ripple_h100_s50,common,2,1688.709,2.808000000000006,1.0,0.1,0.05,2.1600000000000046,-5.468039464417476,-1.404416188628047,-0.8037656564271707,37170,79712,ripple,0.025,2066,True,False,,38.09999999999991,80.0,38.09999999999991,1.0000241952597926,0.02624735420629383,1.049894168251753,-0.0003755888958175968,0.03200906664151617,0.02941709373571667,0.022768125997015453,0.16983849565856687,0.11631326153412647,0.0007848952537262608,0.009524937457140928,0.12821106767993126,0.16983849565856687,0.09968561213639363,0.11218122016989876,0.10157010240870061,0.0,0.09788037824130025,-0.005051303683684571,2.8588667366211964,4.18887722980063,4.0,100,0.001539384572700101,0.000870119078929105,0.001668369002636079,0.08700979653132135,43.85160765265713,1.078187153177123,0.7816286864110991,21.414484559208194,2.2057611359303384,67.04441142645406,38.56827444005913,0.0,1.1490190322605902,31.47997348659151,3.291489687727498,100.04527926223399,98.5086975824803,0.05771248688352571,1.0935836588999719,29.961196134245807,3.297430676769509,100.22585643676321,83.35655480654229,0.0003497726477789437
ripple_h135_s20_02,ripple_h135_s20,common,2,1737.765,1.3,1.0,0.135,0.02,1.0,-5.449060768477781,-1.4197285813407405,-2.112222718258689,36900,77906,ripple,0.025,2051,True,False,,39.320000000000164,80.0,39.320000000000164,1.000113850956269,0.02543524544649707,1.0174098178598827,0.0012109075820341333,0.11314739908853078,0.0815501515845638,0.06737100682165609,0.20788117572990875,0.15122164244153743,-0.0018765050455718192,-0.0008714409287430589,0.1703125779681642,0.20788117572990875,0.10270044577482912,0.11344869428011072,0.10359627197387442,0.0,0.10074707469743738,-0.004385735826288747,2.7951194712760548,4.447890188103711,4.0,182,0.0006272587865502037,0.0003701701243865435,0.0007379330275252488,0.06736324388699022,39.830165815488826,0.9792228192848984,0.6338001100286729,17.364386576128023,2.8614336904926323,86.97366840403139,39.64569010767962,0.0,0.6128456287993505,16.790291199982203,3.293377386702335,100.10265613077006,81.41276301967162,0.010930350788002034,0.8272706954447219,22.664950560129366,3.295693171184913,100.17304471686666,92.04634019353774,0.006015929503473987
ripple_h135_s35_02,ripple_h135_s35,common,2,1785.171,1.6016000000000004,1.0,0.135,0.035,1.2320000000000002,-5.461604538970064,-1.402379819250052,-1.186179802140802,36486,76895,ripple,0.025,2028,True,False,,38.559999999999945,80.0,38.559999999999945,1.0002473327280532,0.025940024189005567,1.0376009675602227,0.0017715153275477298,0.0783492216614882,0.08023584068368475,0.06654530061477175,0.29588724329282046,0.15123067180688402,0.004544262042122335,0.012604929280823456,0.23990993433716762,0.29588724329282046,0.10111842204623084,0.10878638123902004,0.10233743767743705,0.0,0.10000913877446548,-0.005200421221370073,2.7034733022291344,4.166407465007776,4.0,147,0.0008021587009010412,0.00044698499078737054,0.000767391663228485,0.06569044319772874,42.807029445244275,1.0522675548451148,0.6838847967139922,18.736569772986087,3.2695463571302366,99.37830872736282,39.68754313594116,0.0002592016588906169,0.9691412049883912,26.551813835298386,3.294467210247854,100.13578146650012,80.63439564646391,0.005702436495593572,1.1293768247433353,30.9418308148859,3.2960366824095386,100.18348578752398,90.49801855312852,0.00250561603594263
ripple_h135_s50_02,ripple_h135_s50,common,2,1832.112,2.197,1.0,0.135,0.05,1.69,-5.445466892940384,-1.4085826957784282,2.4577980605065193,36630,75911,ripple,0.025,2036,True,False,,38.12000000000012,80.0,38.12000000000012,1.0002477933368867,0.026239448933286558,1.0495779573314623,0.0014722832453335846,0.02426789906597145,0.055119129792102387,0.04353913584758528,0.25332951257308256,0.15128861359073825,0.0011755933374761815,0.018409026412024368,0.19979950205577038,0.25332951257308256,0.10014192895838354,0.10966380676578803,0.10162243524536971,0.0,0.09907304994963195,-0.007276432240160113,2.790770844257997,4.112742527530152,4.0,109,0.00128984122416663,0.0006950779385195555,0.0009108008604328149,0.07574464420814797,43.87711188360129,1.0785719768239272,0.7462653695575021,20.445626563219236,2.5389876659659363,77.17287738498287,39.072823339112325,0.0,1.164686631830228,31.90922278986926,3.289596769154901,99.98774374331006,56.23563407776351,0.0013109596224436288,1.2893161089602885,35.32372901261064,3.296400548921757,100.19454555993183,89.666335750712,0.001048767697954903
wave_h70_s20_02,wave_h70_s20,capped,2,1882.1250000000002,2.4455999999999998,1.0,0.07,0.02,1.019,-5.431525201672077,-1.4176226053825638,-1.7456416850701253,39312,83343,wave,0.024,2184,True,False,,40.820000000000164,83.33333333333333,40.820000000000164,1.0000601351366831,0.024499268376694736,1.0208028490289474,0.005267876642221069,0.39921314395669516,0.04495180443549362,0.0525661613527985,0.2653844074848702,0.08629672044372427,-0.004173080730215169,0.019222589373374087,0.2653844074848702,0.2653844074848702,0.09937040112696713,0.13736603322219168,0.10136593630767651,0.0,0.09806368885362747,-0.0059545419450576075,2.914299706170421,5.204211557296768,5.0,239,0.0005623523802023078,0.00034925862250865283,0.0021047297316391395,0.08346663345840842,38.579531871487106,0.948514521662259,1.353106421596941,37.0714088108751,3.287793689456322,99.93293888924991,12.148356220952218,8.161932745674175e-05,1.2477409816077707,34.18468442761016,3.2930227474001885,100.09187682067441,81.83607028461762,0.0001632386549134835,1.5210524117626305,41.67266881541454,3.29788015325207,100.23951833592916,99.79272216911723,0.1000652954619654
wave_h100_s20_02,wave_h100_s20,capped,2,1933.43,2.4,1.0,0.1,0.02,1.0,-5.447479072669764,-1.3891735908206406,-2.615854612053713,38196,84542,wave,0.0245,2123,True,False,,39.6400000000001,81.63265306122449,39.6400000000001,1.00012632697435,0.02523023024657789,1.0298053161868526,0.005635895954682368,0.53203494209174,0.04234846310663446,0.05243770985490116,0.22790280758901205,0.11627152125270963,-0.005705823668317609,0.015181631022277155,0.22790280758901205,0.22790280758901205,0.09970000831947624,0.13839146027469215,0.10144877482600313,0.0,0.09841312960592914,-0.005948241906939062,2.91880988401412,5.21886031265759,5.0,244,0.0006631073639498017,0.0003467182572376436,0.0016716072536626786,0.08458722591231652,29.961037488629184,0.7365704036073328,1.3701017216569575,37.537033470053636,2.023186046787979,61.49501661969542,13.049968700924092,0.0,0.8658213539186839,23.72113298407353,3.2913042652912585,100.03964332192274,99.99442202839263,0.10102538241721298,1.397986673792045,38.30100476142589,3.2816436578828845,99.74600783838554,89.09387490050943,8.404773911581779e-05
wave_h100_s35_02,wave_h100_s35,capped,2,1982.709,3.6012000000000035,1.0,0.1,0.035,1.5005000000000015,-5.462607892622805,-1.4017311951323723,1.0121445513010396,56898,125636,wave,0.0163,3162,True,False,,59.039999999999964,122.6993865030675,59.039999999999964,1.0001167981350643,0.01693964766488931,1.039242188030019,0.005496746305378573,0.2952029635617379,0.027905807919722157,0.035366626317881206,0.2354096184367163,0.1163015010291903,-0.00043713868228461563,0.013858407331909696,0.2354096184367163,0.2354096184367163,0.09943023819829945,0.136141741866631,0.1013542698486099,0.0,0.09839949228066235,-0.0037553875886639602,2.9668134100914325,5.1855739925499496,5.0,205,0.0007529965755380266,0.0003952496384154934,0.0016613113875730131,0.08101548965933603,31.634196596374558,0.7777118200075217,1.0428877002103236,28.572265759186948,3.2903261691930346,100.00991395723509,12.808625127107302,5.6439778756067275e-05,0.7857484048113983,21.527353556476665,3.290820639682023,100.02494345538064,98.21743911268699,0.051473078225533354,1.1368167556047029,31.145664537115145,3.290866533778818,100.02633841273004,88.67870243563765,0.0002257591150242691
wave_h100_s50_02,wave_h100_s50,capped,2,2053.186,5.462400000000006,1.0,0.1,0.05,2.2760000000000025,-5.433866882920448,-1.3853210814583379,1.7625324925095462,85428,203100,wave,0.0108,4747,True,False,,88.53999999999996,185.18518518518516,88.53999999999996,1.0000301391510849,0.011294670647742098,1.045802837753898,0.007510379212072767,0.05850765911234559,0.01362098570718605,0.016832247494161498,0.14702276184399896,0.11631191630340072,4.813566338556191e-06,0.005697413721194421,0.14702276184399896,0.14702276184399896,0.09950054145185633,0.139891788749617,0.10154222252840141,0.0,0.09846038378150358,-0.0027705178889037676,3.13550135501355,5.239837398373984,5.0,207,0.0008270769379883074,0.00048265368609910916,0.002865924936488009,0.09990348457316305,33.37738406155968,0.820627622110407,0.7524007286437021,20.613718592978138,2.2529621727732776,68.47909339736407,13.94571370369809,0.0,0.5641557743902916,15.456322586035387,3.2910612263134764,100.03225611895066,96.66763066900894,0.043661547726588375,0.8275193130856733,22.67176200234721,3.287521119915169,99.92465410076501,90.4110093977202,7.527853056308341e-05
wave_h135_s20_02,wave_h135_s20,capped,2,2158.069,2.4,1.0,0.135,0.02,1.0,-5.4678907142649384,-1.3809345402683124,0.6877676949069409,38106,82979,wave,0.0245,2118,True,False,,39.559999999999945,81.63265306122449,39.559999999999945,1.000344271324727,0.025286761155832366,1.0321127002380557,0.006594517428707144,0.5804702358753325,0.03884676051633246,0.045726566532530245,0.19544331732960873,0.15128224766295217,-0.0066341295920811965,0.012926690531923182,0.19544331732960873,0.19544331732960873,0.09977908774338594,0.13741447235112564,0.10167198303826067,0.0,0.09847369307993704,-0.005990073147598706,2.9434057604850934,5.205659423951491,5.0,243,0.0006397837868833281,0.00035018370068446136,0.0014409191942395298,0.08506350539086674,26.330210108398227,0.6471643271622468,1.3698315274363508,37.52963088866715,2.3222093434352615,70.58387062113256,10.247062704113812,0.0,0.6895302201365179,18.891238907849807,3.2913941565990052,100.04237558051688,99.98000825666492,0.12211554657234293,1.3741005070315104,37.646589233740016,3.2973351017926036,100.22295142226758,81.35008686746184,0.0016001347481893213
wave_h135_s35_02,wave_h135_s35,capped,2,2207.0530000000003,3.1176,1.0,0.135,0.035,1.299,-5.466555367391942,-1.4098028489844092,0.7245245073977453,49122,107275,wave,0.0189,2730,True,False,,50.98000000000002,105.82010582010582,50.98000000000002,1.0001839924402927,0.019619144614364304,1.038049979595995,0.005908361665447567,0.49865083608325406,0.03580068470773204,0.04268971159966229,0.24923177208605063,0.15129789199330257,-0.0048843447846227015,0.013301151552910515,0.24923177208605063,0.24923177208605063,0.0993635297669322,0.1323610358802546,0.1012113868913118,0.0,0.0984743101506946,-0.005736000617990095,2.847843137254902,5.141176470588236,5.0,219,0.0006579296488936903,0.00034624452450647856,0.0016750391161651672,0.07581227898019528,29.276108255266486,0.7196892884202857,1.160762525107582,31.801713016646083,3.2904603430810146,100.0139921909123,11.225247741374494,6.535947712418301e-05,0.7956571962465961,21.79882729442729,3.2913888331640635,100.04221377398369,99.75929226740655,0.0865359477124183,1.326386441268884,36.339354555311886,3.2909921154912483,100.03015548605619,82.08709454514346,0.006601307189542484
wave_h135_s50_02,wave_h135_s50,capped,2,2268.391,4.3751999999999995,1.0,0.135,0.05,1.823,-5.454574395324655,-1.4021358609803782,1.8275103935924975,68886,160161,wave,0.0134,3828,True,False,,71.41999999999962,149.2537313432836,71.41999999999962,1.000176083634691,0.014004145668365952,1.04508549763925,0.00659201594400147,0.21414296186443518,0.02191627171366874,0.027300615672517885,0.20561181672815115,0.15131070969862545,-0.0003370284099852796,0.00988869873304001,0.20561181672815115,0.20561181672815115,0.09941187863592606,0.1353581302316847,0.10134571809940002,0.0,0.09857056738754336,-0.003959632720250591,3.0013997760358344,5.174132138857782,5.0,216,0.0007609093260999284,0.00040289129612766265,0.0015044609044169157,0.0870073093165083,30.828417315438866,0.757852177442367,0.8972772110670721,24.582937289508823,2.441154803046238,74.19923413514401,12.75958652070896,0.0,0.6528010429165789,17.88496007990627,3.2908156831646482,100.0247928013571,96.97581847322573,0.04936543486375513,1.0586660856405667,29.004550291522378,3.2928103901760917,100.08542219380217,89.0310770968753,0.019036954087346025
tripod_h70_s20_03,tripod_h70_s20,common,3,2355.3650000000002,0.9766,1.0,0.07,0.02,1.028,-5.437038760903409,-1.3981285207927876,1.7547066243266682,41634,99286,tripod,0.025,2314,True,False,,44.81999999999971,80.0,44.81999999999971,1.0004547232921743,0.02232161363882599,0.8928645455530395,0.0009998352931194117,-0.030355901031309085,0.0004371567717420235,0.0011595812986959935,0.0036410245320740446,0.0851867929244119,-6.1021344489065845e-06,7.932160089394516e-06,0.0036410245320740446,0.0036410245320740446,0.09925239254466874,0.12847481890771936,0.09999530348492629,0.0,0.09742525921856918,0.098316514833984,3.1512042818911685,3.818465655664585,3.0,279,0.0002412277534831954,0.00044387201878038984,0.0007970502006797307,0.1237839439537673,53.62793225550264,1.3179913734742685,0.38042984641264554,10.422735518154672,2.7577384732142924,83.82183809161982,41.88841069789761,0.0,0.7951153394075049,21.78398190157548,3.2834448160720733,99.80075428790497,57.65904064042936,0.0008177222717811478,0.5349603883936458,14.656448997086187,3.2910360637025313,100.03149129794929,73.81501524690695,0.0001486767766874814
tripod_h100_s20_03,tripod_h100_s20,common,3,2409.431,0.95,1.0,0.1,0.02,1.0,-5.453759802836278,-1.3810207265072636,0.630954992556215,41382,98094,tripod,0.025,2300,True,False,,44.57999999999993,80.0,44.57999999999993,1.0002753569742524,0.022437760362814134,0.8975104145125653,0.0017482468682539082,-0.00710517380241279,0.0021911702412124806,0.0005342910497266489,0.006025559222384873,0.11518018415831024,-0.0003520613458594665,-4.476837111597987e-05,0.002097793228656431,0.006025559222384873,0.09935081836499864,0.1299779801059069,0.10010448027422085,0.0,0.09759255635533816,0.09853939123465416,3.1573991031390136,3.8582959641255608,3.0,282,0.00036366892524849033,0.0005804818008864158,0.0009642268254134317,0.1636505555091171,50.380856439902544,1.2384100977338524,0.37607335171626566,10.303379499075772,1.7305665654435172,52.600807460289275,41.51858592301687,0.0,0.6633687243199462,18.174485597806747,2.497742546978204,75.9192263519211,68.56700029330277,0.0,0.575214002559705,15.759287741361781,2.2104554365221567,67.18709533501996,65.4688558175388,0.0
tripod_h100_s35_03,tripod_h100_s35,common,3,2462.027,1.288675000000002,1.0,0.1,0.035,1.3565000000000023,-5.431292080692527,-1.418240492317744,2.2961559170562023,39150,95317,tripod,0.025,2176,True,False,,41.81999999999971,80.0,41.81999999999971,1.0000769815391903,0.023913844608780422,0.9565537843512169,0.0006781181508995759,-0.1176139002206004,0.0015587237331060044,0.0007947209621502393,0.008625183972364205,0.1149034092837694,5.598513295060567e-05,-0.00014362705121232134,0.002825400646309515,0.008625183972364205,0.0971018701098016,0.11771129734533238,0.0979619339086898,0.0,0.09567876421907073,0.09638484586350186,3.1166347992351815,3.5019120458891013,3.0,195,0.0005052576244543824,0.0008333788135059793,0.0014015765478429594,0.16249632205806364,53.573298534599346,1.3171463331049729,0.4211477873773056,11.538295544583715,3.2946217573750083,100.14047894756864,42.15371043245648,0.00015933715742511153,0.9795558754059295,26.837147271395327,3.28105458040814,99.72810274796777,68.38828855807732,0.0006373486297004461,0.7626854250749734,20.89549109794448,3.2844198076687454,99.83038929084333,64.86200918870006,0.00031867431485022306
tripod_h100_s50_03,tripod_h100_s50,common,3,2512.0480000000002,1.9446500000000055,1.0,0.1,0.05,2.047000000000006,-5.447624912498205,-1.391454438761648,-1.8444301477258798,38034,86835,tripod,0.025,2114,True,False,,39.92000000000007,80.0,39.92000000000007,1.000084833372517,0.025052225284882643,1.0020890113953056,0.001757053669638485,0.06335188375042533,0.0012879059921001189,0.0007554104989814851,0.005333226493977902,0.11522832561319775,1.3085997223805158e-05,-0.00018132360630169805,0.0026714475137821657,0.005333226493977902,0.09353646760847682,0.11311859333108305,0.09455908418102826,0.0,0.09204686088945255,0.09252806651843949,3.072608913370055,3.4076114171256884,3.0,126,0.0008333117560911507,0.0012850833031084726,0.002091810506852891,0.161906511215747,49.77091466004711,1.2236501903126855,0.4638438010588047,12.70804934407684,2.181582964143376,66.30951258794455,42.218065861733706,0.0,1.0742037372595628,29.430239376974324,3.2910581885124155,100.0321637845719,66.8427655449979,0.0005842096478050409,0.8134072628413135,22.28513048880311,3.2701478328281444,99.39659066346944,63.79309858179663,0.00016691704223001168
tripod_h135_s20_03,tripod_h135_s20,common,3,2562.248,0.95,1.0,0.135,0.02,1.0,-5.44805234496036,-1.408428883035123,-2.3671171387997587,41130,94874,tripod,0.025,2286,True,False,,44.340000000000146,80.0,44.340000000000146,1.000330395203406,0.022560450951813322,0.9024180380725328,0.0023187513121254513,0.08519795577003532,0.001137908918201906,0.00016512760955528775,0.0015628073369323625,0.1502126492177229,4.901825068995587e-06,3.3609464100448145e-05,0.0005155706305602493,0.0015628073369323625,0.0993630341650955,0.12930791224157376,0.10010795662015907,0.0,0.09761934402881252,0.09855654071757579,3.1582506762849416,3.8372407574391345,3.0,282,0.0004141876421974007,0.0006177897212724959,0.0009841484622644466,0.17415869216610846,52.05756817420458,1.2795534028686206,0.3757767802830538,10.29525425433024,1.3981442895872387,42.49678691754525,42.411744653808185,0.0,0.5758220254890899,15.775945903810682,2.914142098770377,88.57574768299018,81.06848808564384,0.0,0.6505459923046699,17.82317787136082,2.0642763163030584,62.743960981855885,60.95071188785331,0.0
tripod_h135_s35_03,tripod_h135_s35,common,3,2614.6670000000004,1.132875,1.0,0.135,0.035,1.1925000000000001,-5.469872529175276,-1.3837263992054158,1.0254258902149642,39690,93317,tripod,0.025,2206,True,False,,42.57999999999993,80.0,42.57999999999993,1.0002266436273377,0.02349052709317378,0.9396210837269511,0.0008551593838659506,-0.0684374939153215,0.0022709488473171887,0.00043683110804063166,0.01099653153778271,0.14968493827734825,3.09844659443253e-05,4.1184849337759544e-05,0.00597006862183543,0.01099653153778271,0.09792134109096813,0.11808174264514176,0.09868835102992923,0.0,0.09656687609467486,0.09742900639217272,3.127699530516432,3.5023474178403755,3.0,228,0.0005045032416045193,0.0007573521084638866,0.0012698347776431012,0.1726370905231295,60.97881115533848,1.4989928001324186,0.40338500956626444,11.051644097705877,3.2942026496077275,100.12774010965737,41.69285868235479,0.00046948356807511736,0.9223740016223366,25.27052059239279,3.285757521388149,99.87104928231456,81.74662468546424,0.0017214397496087637,0.9305106619525385,25.493442793220233,3.282115498253908,99.76034949100024,60.92317343411266,0.0007042253521126761
tripod_h135_s50_03,tripod_h135_s50,common,3,2665.6090000000004,1.5029,1.0,0.135,0.05,1.582,-5.46179913073334,-1.4096872528974902,-0.20643413086950924,38394,91186,tripod,0.025,2134,True,False,,40.74000000000024,80.0,40.74000000000024,1.0001267276461359,0.024549011478795534,0.9819604591518213,0.0008669436752399432,0.037999773833977624,0.001946607945761915,0.0004292865701328132,0.010566418029608168,0.14972135017409596,-6.909106343224628e-05,4.510776323227848e-05,0.0033617784872116445,0.010566418029608168,0.09565594637227041,0.11374137969753413,0.09661351098673626,0.0,0.09449835915048056,0.09512465095279349,3.099116781157998,3.395485770363101,3.0,165,0.000696423072044534,0.0010534630281695513,0.0017508223868621048,0.173799309165886,58.405685427274705,1.4358831517815487,0.4393057763719881,12.035774695122962,2.1003410380748617,63.840153132974514,41.67758039857579,0.0,1.117234508983218,30.609164629677206,3.290168415866401,100.00511902329487,80.68027733583173,0.001799149492966961,1.0746631219785487,29.44282525968627,3.2818230532211876,99.75146058423061,60.18372796390542,8.177952240758914e-05
ripple_h70_s20_03,ripple_h70_s20,common,3,2717.7250000000004,1.3,1.0,0.07,0.02,1.0,-5.437268509869221,-1.4152949758848608,2.8067089809823793,37214,79630,ripple,0.025,2069,True,False,,39.63999999999987,80.0,39.63999999999987,1.0000559890609437,0.025228455828984534,1.0091382331593812,-0.0010344472933621202,-0.17401478902058495,0.05893825407328286,0.05229074228633922,0.2209065479612724,0.08621305576349166,0.0019041731255772859,0.02452559707529223,0.1817430912274108,0.2209065479612724,0.10214064047312392,0.11173566477161502,0.10306575530769543,0.0,0.10061552070582243,-0.0028968259628007263,2.8572869389813413,4.327281896116994,4.0,185,0.0005090587643799765,0.00029753512682836197,0.0005300452488723475,0.05504088732819911,42.333292924109884,1.0408225088502194,0.6321789839826322,17.31997216390773,1.3605105966628983,41.35290567364432,28.983874910083287,0.0,0.9266376146349729,25.387331907807475,2.802144094169976,85.171553014285,55.7969693044677,0.0,0.7808539410780105,21.39325865967152,3.2823485628122198,99.76743352012826,72.24813179582088,0.005715246259875609
ripple_h100_s20_03,ripple_h100_s20,common,3,2766.9880000000003,1.3,1.0,0.1,0.02,1.0,-5.4322435693429165,-1.4102135961722946,0.8446911570115847,36918,76845,ripple,0.025,2051,True,False,,39.29999999999973,80.0,39.29999999999973,1.0001302487324293,0.025448606837975476,1.017944273519019,0.0010096174834635409,-0.027076611330858404,0.06612530328021045,0.0569579343751492,0.21432229511800002,0.11622243934343417,0.010039095123514885,0.0147189710467082,0.18422493827765807,0.21432229511800002,0.10257064188393385,0.11247991392701993,0.10332357907425362,0.0,0.10082429127481066,-0.00434050693930352,2.768565615462869,4.384537131230926,4.0,184,0.0005970302451823947,0.00034434843035502887,0.0006640187764360824,0.06335182740619298,41.18108834653549,1.0124188151145772,0.632178982841444,17.319972132642302,2.4277338437341025,73.79130224115812,40.29086386355066,0.0,0.7245135269609396,19.84968567016273,3.291410284564357,100.0428657922297,67.20011628878352,0.014072566971854866,0.776803130911999,21.282277559232853,3.289549799356123,99.98631608985175,81.59752456017549,0.002882332994235334
ripple_h100_s35_03,ripple_h100_s35,common,3,2814.569,1.8427500000000023,1.0,0.1,0.035,1.4175000000000018,-5.455596098689357,-1.3921070662197765,-2.4785033991134795,36522,72727,ripple,0.025,2030,True,False,,38.36000000000013,80.0,38.36000000000013,1.0001830082657763,0.026073592499107744,1.0429436999643098,0.002141015889279285,0.12997677549601785,0.06175566607977947,0.05001543219036905,0.2568471350158154,0.11626765834766153,0.0044005684194746665,0.01582002435073328,0.20427545312685108,0.2568471350158154,0.10083267187235956,0.11002109034455983,0.10208378213372844,0.0,0.09943595911422899,-0.005080375364295873,2.699322563835331,4.198540906722251,4.0,126,0.0010044632539448124,0.000520265531687888,0.0007766199383076541,0.0655413121994324,43.21278610719464,1.0623092722302774,0.7138596491350437,19.557798606439558,3.178866833373912,96.62209219981494,39.013862729127986,0.0,1.0496783724181533,28.75831157310009,3.290823287469796,100.02502393525216,49.768108636500074,0.00451624109779399,0.9987696324758869,27.363551574681832,3.297277888074022,100.22121240346571,84.05514935049857,0.0010422094841063053
ripple_h100_s50_03,ripple_h100_s50,common,3,2861.9280000000003,2.808000000000006,1.0,0.1,0.05,2.1600000000000046,-5.451201364791743,-1.3964603678523961,0.7588544155480967,37152,80356,ripple,0.025,2065,True,False,,38.120000000000346,80.0,38.120000000000346,1.0004955975609207,0.02624594956875424,1.0498379827501696,0.0006384020788176847,-0.08383402367649753,0.03020644032572368,0.023309213319237927,0.17169022109783463,0.11631525281533925,0.0010897166318995458,0.00976561980956648,0.12961913521787463,0.17169022109783463,0.0996613714297432,0.11209097337620874,0.10152275377926262,0.0,0.0978551684594619,-0.005567389724852341,2.853696906135291,4.185631882538018,4.0,101,0.001520903368654608,0.0008549957010910384,0.0020243312386185246,0.08631177232657264,43.94708666558273,1.0800254544527894,0.7815090412457429,21.411206609472412,1.8261897133408114,55.5072861197815,38.89948507068161,0.0,1.148923305098297,31.47735082461088,3.2914900355280863,100.04528983368043,98.47883576603836,0.05689564761405349,1.0940258344093117,29.973310531761964,2.7978629142299636,85.04142596443658,83.29721710581778,0.0
ripple_h135_s20_03,ripple_h135_s20,common,3,2911.3700000000003,1.3,1.0,0.135,0.02,1.0,-5.442288181033137,-1.3843447450799597,-1.5524987405554442,36882,77680,ripple,0.025,2050,True,False,,39.30000000000018,80.0,39.30000000000018,1.0004038163352758,0.0254555678456812,1.018222713827248,0.0021134406705886517,0.06292480932137141,0.07576273885938743,0.06337620781010302,0.22518084147814008,0.151217012493964,-0.0010617305004036292,0.0014248176862700773,0.1910494530031013,0.22518084147814008,0.10272943258432296,0.1126604477929153,0.10356668342030359,0.0,0.10078019491380279,-0.004678553821512886,2.7136317395727367,4.414038657171923,4.0,182,0.0006074789541235544,0.0003835767870841545,0.000733477091533416,0.06978264009574055,39.79982608332246,0.9781918425940895,0.6321631706036784,17.319538920648725,2.9018541455405242,88.20225366384572,39.86233399794856,0.0,0.6130704083081596,16.796449542689306,3.293605293298283,100.10958338292653,81.45244511289708,0.008646998982706003,0.8286366055469485,22.702372754710918,3.2956861492292084,100.17283128356257,91.25354801794947,0.004408273991183452
ripple_h135_s35_03,ripple_h135_s35,common,3,2958.748,1.6016000000000004,1.0,0.135,0.035,1.2320000000000002,-5.463872227306672,-1.4043757225114808,0.41296888613470806,36504,74971,ripple,0.025,2029,True,False,,38.559999999999945,80.0,38.559999999999945,1.0003650518548806,0.02594307707092536,1.0377230828370143,0.0011639871016580136,-0.03527179616358085,0.08039528055124803,0.06667543284545566,0.2953405127342301,0.15122688785616234,0.005623007876346786,0.012733322105208418,0.23950870039664646,0.2953405127342301,0.10116620108508181,0.10863829461409585,0.10235441242245702,0.0,0.10000698308878518,-0.005192265112871564,2.709694142042509,4.159149818558839,4.0,147,0.0008081505651096646,0.0004467326159788137,0.0007676411254622421,0.06564568601513093,42.68414089771247,1.0491242150487614,0.683864581896156,18.73601594236044,3.295002261469964,100.15204442157945,40.20035687310315,0.0002592016588906169,0.9689380147391851,26.546246979155754,3.2948030570712086,100.14598957663247,80.9341918822398,0.005702436495593572,1.1288410271884701,30.9271514298211,3.2960418133169314,100.18364174215597,88.54549962250879,0.0018144116122343183
ripple_h135_s50_03,ripple_h135_s50,common,3,3005.771,2.197,1.0,0.135,0.05,1.69,-5.431578849563178,-1.3915797765753433,1.4306553040177752,36630,77942,ripple,0.025,2036,True,False,,38.11999999999989,80.0,38.11999999999989,1.0004480171070913,0.02624470139315567,1.0497880557262267,-6.0838587135587235e-05,-0.05694430341494869,0.05480152143583768,0.04335485936303093,0.25597803064534624,0.1512876774497005,-4.729184483142697e-06,0.018371273608585988,0.20043074918329026,0.25597803064534624,0.10015801516738519,0.1094377561886081,0.10168780314966776,0.0,0.09906475658090991,-0.004539942159665646,2.787100157315155,4.109596224436287,4.0,106,0.0013355452661237411,0.0007119281998935695,0.0009121100374586298,0.07543059485229209,43.68949665220867,1.0737463092764798,0.7462577709069099,20.44541838101123,2.5443208492826255,77.3349802213564,39.34110859978514,0.0,1.1630123688980514,31.863352572549353,3.2895962584679483,99.98772822091028,56.09350705990161,0.0013109596224436288,1.2890172498082075,35.31554109063582,3.2962095996335052,100.18874163019773,88.67132375440687,0.0008739730816290859
wave_h70_s20_03,wave_h70_s20,capped,3,3055.8880000000004,2.4455999999999998,1.0,0.07,0.02,1.019,-5.431091317847575,-1.4092902734896564,-1.4432302468447324,39312,88199,wave,0.024,2185,True,False,,40.81999999999971,83.33333333333333,40.81999999999971,1.0002200230225968,0.024503185277378832,1.020966053224118,0.004699452292225237,0.36013249375401596,0.044426599599332824,0.051977699987207776,0.26477264369691067,0.08629581144070948,-0.003748912508589033,0.018830203675263904,0.26477264369691067,0.26477264369691067,0.09935923811898975,0.13716091499323857,0.10136515168105603,0.0,0.09806434836212408,-0.005726818506781238,2.9255631733594516,5.197845249755142,5.0,242,0.0005708133463951085,0.00036062919917650456,0.0021215414256390147,0.08725210547108508,38.70741275032824,0.951509168043856,1.352850790161614,37.064405209907235,2.3473729442918394,71.34872171099816,12.121273871877856,0.0,1.247153470236087,34.16858822564622,3.2930207334693584,100.09181560697138,81.83260783441615,0.0001632386549134835,1.5213753709320927,41.68151701183815,3.297879640486062,100.23950275033621,99.7925570640286,0.1000652954619654
wave_h100_s20_03,wave_h100_s20,capped,3,3107.2470000000003,2.4,1.0,0.1,0.02,1.0,-5.453098366497244,-1.4081831997032106,0.9066203113708147,38214,82570,wave,0.0245,2124,True,False,,39.66000000000031,81.63265306122449,39.66000000000031,1.0004738791532395,0.025226270276178308,1.0296436847419717,0.007482378357592308,0.7198657994314231,0.04272681203000203,0.050487551892540214,0.24250740728652587,0.11627008655646537,-0.006328201440298724,0.01628544498774129,0.24250740728652587,0.24250740728652587,0.09975185314796774,0.13784401343358318,0.10168093880563418,0.0,0.0983620892157788,-0.0060993923585670445,2.989415322580645,5.210181451612903,5.0,234,0.0006600023650287853,0.00036467044086958204,0.002263567232885411,0.08529007961240985,30.500441197362804,0.7495617100241362,1.370437549129407,37.54623422272348,1.514843560667865,46.04387722394726,12.992719694225064,0.0,0.8733932876046583,23.928583222045432,3.2914909339488125,100.0453171413013,99.99680874213736,0.10845094086021505,1.4051827814152353,38.49815839493795,3.298022251268832,100.24383742458456,89.26499702891613,0.0009240591397849463
wave_h100_s35_03,wave_h100_s35,capped,3,3156.449,3.6012000000000035,1.0,0.1,0.035,1.5005000000000015,-5.431931443167219,-1.413859540298559,0.10768609332080858,56934,127683,wave,0.0163,3164,True,False,,59.039999999999964,122.6993865030675,59.039999999999964,1.0000087817225023,0.01693781811860608,1.0391299459267536,0.005577140547427643,0.3473741346476742,0.027966331580074884,0.034380311546364825,0.23503312241462695,0.11630543667171214,-0.001025652637018679,0.013236737158713598,0.23503312241462695,0.23503312241462695,0.09941187704008424,0.13607014533799053,0.10139100525407106,0.0,0.09839852885513384,-0.0036965174057345374,2.9644429393836775,5.185912631222486,5.0,206,0.0007656076337865169,0.00038668923204121584,0.0016769306490959915,0.07965604347316281,31.57545547395761,0.7763511980018774,1.0428638441206386,28.571612167688727,3.290337693448029,100.01026423854191,13.091154830061502,5.6439778756067275e-05,0.7873407810549773,21.57098030287609,3.2908119449807276,100.02467917874552,98.90762997142016,0.05429506716333672,1.1368299626186673,31.146026373114175,3.2862539248780065,99.88613753428591,88.05669181854711,0.00011287955751213455
wave_h100_s50_03,wave_h100_s50,capped,3,3226.8300000000004,5.462400000000006,1.0,0.1,0.05,2.2760000000000025,-5.442896876048071,-1.4002728933367545,2.4824630453641046,85410,205404,wave,0.0108,4746,True,False,,88.55999999999995,185.18518518518516,88.55999999999995,1.0000220964309279,0.01129202909249016,1.0455582493046445,0.007455244590281088,0.052164599811455,0.013355851490795323,0.016989069748465382,0.1459848502779632,0.11631204819147727,0.000143111069117849,0.0056897105341494735,0.1459848502779632,0.1459848502779632,0.099513118065783,0.13968583483361638,0.10155236959944068,0.0,0.09845832642669329,-0.002716383488811554,3.1463084217656356,5.237976969970648,5.0,208,0.0008241127508756894,0.0004904383009934331,0.0028702476964399064,0.10200607795522625,33.18126471581928,0.8158126630505845,0.7524590692234702,20.61531696502658,2.257697390237403,68.62302097986027,13.638183937576745,0.0,0.5643030256217548,15.460356866349448,3.291061323146869,100.03225906221485,96.68247491068031,0.043726951155264544,0.8275182209413563,22.671732080585105,3.2180085216584757,97.81180916895063,89.84287138076729,0.0
wave_h135_s20_03,wave_h135_s20,capped,3,3331.349,2.4,1.0,0.135,0.02,1.0,-5.440524080551942,-1.3847129281755772,-2.329410071285357,38142,81887,wave,0.0245,2120,True,False,,39.57999999999993,81.63265306122449,39.57999999999993,1.000414884209283,0.025275767665722204,1.0316639863560082,0.008269479203954561,0.750703162165545,0.039264585895009356,0.0454623429458248,0.19264493705504798,0.15128329815398772,-0.006304283206583807,0.012852643603924404,0.19264493705504798,0.19264493705504798,0.0998438209005608,0.13781138556966033,0.10159596015603348,0.0,0.09845577307559386,-0.006049280371448281,2.8803030303030304,5.208080808080808,5.0,239,0.0006497777174358461,0.0003356558473350639,0.0014915880329291501,0.08018573917765137,26.580991564245235,0.6532739910366001,1.365801242093551,37.41921211215208,1.808896154544152,54.98164603477666,10.231140321234843,0.0,0.6923479741351799,18.968437647539176,3.291443639867314,100.04387963122534,99.9841020656583,0.12365319865319865,1.3793773411271186,37.791160030879965,3.2849922003531766,99.8477872447774,80.35956258528407,8.417508417508418e-05
wave_h135_s35_03,wave_h135_s35,capped,3,3380.2650000000003,3.1176,1.0,0.135,0.035,1.299,-5.462169459860132,-1.4173718309758554,1.9759169907881082,49127,104101,wave,0.0189,2730,True,False,,50.960000000000036,105.82010582010582,50.960000000000036,1.0001511270773922,0.019626199510937824,1.0384232545469747,0.006494142720234294,0.48952169737843304,0.03624984168591177,0.043323074687442786,0.24945018505600375,0.15130079610574151,-0.004359337285232097,0.014217169428211534,0.24945018505600375,0.24945018505600375,0.09934644096592143,0.1328294353002005,0.10114853852026386,0.0,0.09847391373247476,-0.00580580760837369,2.8501373087485287,5.140054923499411,5.0,214,0.0006787226815157422,0.00035194371480251315,0.0014436948487645982,0.07530298699413587,29.266560568305543,0.7194756074277279,1.1604246218620298,31.79245539348027,3.2904664566085855,100.01417801241901,11.13549475361693,6.53851183470642e-05,0.7959709480983554,21.80742323557138,3.291146345060681,100.0348433149143,99.68797574466028,0.08617758598143063,1.32611326328792,36.3318702270663,3.2941911283273826,100.12738991876543,83.52608398160267,0.009023146331894862
wave_h135_s50_03,wave_h135_s50,capped,3,3441.588,4.3751999999999995,1.0,0.135,0.05,1.823,-5.431487253527767,-1.4194403591588625,1.7355218632294545,68868,161731,wave,0.0134,3827,True,False,,71.44000000000005,149.2537313432836,71.44000000000005,1.0000177750242787,0.013998009168872871,1.044627549915886,0.006448936661635769,0.25905751453944603,0.02211694614847579,0.027898806323946167,0.20688634133320552,0.15131046999770423,-0.0007301031244712117,0.01018270889313931,0.20688634133320552,0.20688634133320552,0.09943271767567696,0.13473390517654116,0.10128445716921881,0.0,0.09856132432581712,-0.003928394125537761,2.996361600895606,5.172404142177442,5.0,216,0.0007469267600090931,0.0003968706990110505,0.0015106684623405536,0.08572076483673673,30.536019108714523,0.7507837086476733,0.8972829005765519,24.583093166480875,2.6623208621942767,80.92160675362544,12.728978090252873,0.0,0.6528113011761144,17.885241128112725,3.2908163361561793,100.02481264912399,98.63074797492357,0.05061106446496875,1.0606002352678172,29.057540692268965,3.2928492846383146,100.08660439630135,88.28466008621955,0.018425226233790466
tripod_h70_s20_04,tripod_h70_s20,common,4,3528.427,0.9766,1.0,0.07,0.02,1.028,-5.440886752058881,-1.3836725282245848,-1.377687160443596,41634,107431,tripod,0.025,2314,True,False,,44.81999999999971,80.0,44.81999999999971,1.000308079811247,0.022318341807479995,0.8927336722991998,0.0014538698333805694,0.10331105187945795,0.00048809675620663565,0.001187239901058537,0.007698778797067074,0.08518812318331619,3.4269852625156154e-05,4.0949187238340206e-05,0.007698778797067074,0.007698778797067074,0.09913642258647472,0.12839262332345816,0.09999730629843467,0.0,0.0974257651497622,0.09832528860559686,3.146743978590544,3.816235504014273,3.0,276,0.00024001888919213937,0.0004527302588535055,0.0007974652609366122,0.12491493569579443,53.812328356470275,1.3227163428492617,0.38039792537346767,10.421860969136102,2.7832514671594373,84.59730903220174,42.06634921443691,0.0,0.795024242386303,21.781486092775424,3.2834611378311687,99.80125039000514,57.558371591790696,0.0005203687184061849,0.5359440665444828,14.683399083410487,3.288554335787082,99.95605883851313,73.74889854237637,7.43383883437407e-05
tripod_h100_s20_04,tripod_h100_s20,common,4,3582.568,0.95,1.0,0.1,0.02,1.0,-5.441408912667336,-1.4105030847412312,-2.5438007997314003,41400,96471,tripod,0.025,2301,True,False,,44.61999999999989,80.0,44.61999999999989,1.0003706877118113,0.022419782333299276,0.896791293331971,0.0031525837565474293,0.19397856169010946,0.0009975148457170842,0.0005899494967436308,0.0018372845988586985,0.1151939583979203,-1.1966950780683764e-06,7.040039431672522e-05,0.0018372845988586985,0.0018372845988586985,0.09960753417129867,0.12960228445358,0.10017246459939387,0.0,0.09764406930228192,0.09850473809167169,3.157258064516129,3.847670250896057,3.0,285,0.00035653326692192306,0.0005679322950160825,0.0009601264494620363,0.16179992308898694,51.0230166587843,1.2540711849981492,0.3757929304683728,10.295696725160898,1.3997843694772993,42.546637370130675,42.446714322262345,0.0,0.6637319428504443,18.184436790423135,2.515683008283801,76.4645291271672,68.1567657127944,0.0,0.5757064223400303,15.772778694247407,2.202714336149262,66.9518035303727,65.05483868256323,0.0
tripod_h100_s35_04,tripod_h100_s35,common,4,3635.248,1.288675000000002,1.0,0.1,0.035,1.3565000000000023,-5.440191837491869,-1.4183114811438775,1.1975667789457445,39168,97042,tripod,0.025,2177,True,False,,41.820000000000164,80.0,41.820000000000164,1.00015681086851,0.023915753488008274,0.9566301395203309,0.0012398936890979997,-0.008210657301185297,0.001599035641155729,0.0007918390755798229,0.008631029650321592,0.11490406288002886,5.1449861256148384e-05,-0.00013579858762320066,0.002765296660944946,0.008631029650321592,0.09714829664439172,0.11756370286713083,0.09793392392233108,0.0,0.09568180827002769,0.09640495746103465,3.112810707456979,3.4966539196940727,3.0,198,0.0005238880554876169,0.0008110589925886589,0.001395998362713392,0.1605643788915179,53.21791321321179,1.3083037369996233,0.4210427582561965,11.535418034416344,2.298980039368506,69.8778127467631,41.712522106613065,0.0,0.9793674847366455,26.831985883195767,3.2907584606832594,100.02305351620848,68.11851857302483,0.0007966857871255577,0.7626520305612283,20.894576179759678,3.2900922943363824,100.00280529897817,64.68979207893528,0.0002390057361376673
tripod_h100_s50_04,tripod_h100_s50,common,4,3685.367,1.9446500000000055,1.0,0.1,0.05,2.047000000000006,-5.458661501411906,-1.4005030641966167,2.349198923228098,38034,90062,tripod,0.025,2114,True,False,,39.91999999999962,80.0,39.91999999999962,1.000442790474504,0.025061192146155147,1.0024476858462057,0.00270383002976584,0.1263846329538823,0.001252508127862543,0.0007159508319716145,0.0053521662506034766,0.1152184953206425,-1.7166640267504381e-06,-0.00016180313131143725,0.002469602863745132,0.0053521662506034766,0.09354628103937784,0.11342436914327811,0.09459513927551173,0.0,0.09203027784945718,0.09262897874727248,3.0746119178768154,3.417125688532799,3.0,126,0.0008604709100832041,0.001290695492728697,0.0020861617277173066,0.16255506032021366,49.66109227745541,1.2205107077810708,0.46332998231992795,12.693972118354191,2.500909102459501,76.0154742388906,42.15553203194253,0.0,1.0743843170793808,29.435186769298106,3.3036421096639668,100.41465378917832,66.25434659720875,0.00033383408446002337,0.8134023889748703,22.284996958215626,3.2566101109716827,98.9851097559782,63.51167702991764,8.345852111500584e-05
tripod_h135_s20_04,tripod_h135_s20,common,4,3735.63,0.95,1.0,0.135,0.02,1.0,-5.460263684839991,-1.4012670247257313,-0.8697033177585327,41112,101614,tripod,0.025,2285,True,False,,44.30000000000018,80.0,44.30000000000018,1.0004819559069305,0.02258424279699608,0.9033697118798432,0.0027468989391109446,0.13798683928957953,0.0019624515119459614,0.0006502188257856788,0.005722294770884764,0.15020969912436888,-0.00018092812132261443,0.0001627703801533452,0.0036496510560616604,0.005722294770884764,0.09937448924845907,0.12835139354839503,0.10008924608497043,0.0,0.09762540388739702,0.09856218589503922,3.1525270758122743,3.806859205776173,3.0,282,0.00043529855669718746,0.0006301585099734458,0.0009841181631314944,0.17761842578128356,51.86149952454959,1.274539630605899,0.3778819990582433,10.352931481047763,1.3832538547385762,42.04419011363453,41.93962855511394,0.0,0.5757593540661359,15.774228878524271,2.93596918261102,89.23918488179393,81.25815391514637,0.0,0.6498733750038851,17.80475000010644,2.0617469704093283,62.66708116745679,61.09352042527614,0.0
tripod_h135_s35_04,tripod_h135_s35,common,4,3788.146,1.132875,1.0,0.135,0.035,1.1925000000000001,-5.462384764524921,-1.401053941266295,-1.9102180379314486,39726,93454,tripod,0.025,2208,True,False,,42.59999999999991,80.0,42.59999999999991,1.0004320618146874,0.02348432069987534,0.9393728279950136,0.0023568924329503034,0.09463268276217023,0.0023114637362340188,0.0003183546931120562,0.01098724292967556,0.14968213138984787,3.8909099203636845e-05,3.2429317034735315e-05,0.005083662079103868,0.01098724292967556,0.09793739816071294,0.11789943706535659,0.09864023407997874,0.0,0.0965662200220027,0.09737364246211354,3.1290473955889255,3.4955419990614733,3.0,228,0.0004945051409512246,0.0007565098775352852,0.0012741569896720637,0.172409281956511,61.35497285378579,1.5079263594239372,0.40452727356128004,11.082939001678906,3.2941976693304014,100.12758873344684,42.25840715077474,0.00015642108556233381,0.9223216661119912,25.26908674279428,3.2856758861229594,99.8685679672632,81.819714113145,0.0010949475989363367,0.9314853727856874,25.520147199607873,3.2813910158966526,99.73832875065813,60.98454186875272,0.0004692632566870014
tripod_h135_s50_04,tripod_h135_s50,common,4,3839.1330000000003,1.5029,1.0,0.135,0.05,1.582,-5.438039700333658,-1.3954071343348848,-1.3012154829848894,38376,90760,tripod,0.025,2133,True,False,,40.76000000000022,80.0,40.76000000000022,1.0004221766785557,0.024544214344419783,0.9817685737767913,0.0025340535810963807,0.0485859854891102,0.0019295169704653056,0.0004900658684634462,0.010540318250952922,0.14971643826115694,4.284843659477032e-06,1.7714325477756875e-05,0.0040948038546877235,0.010540318250952922,0.09576213884957312,0.11364860068783988,0.09663202918760684,0.0,0.09449846922737128,0.09511534000493987,3.0995586071603727,3.392839627268269,3.0,165,0.0007077194395076666,0.0010525494979289772,0.0017298915760902132,0.1735968214951712,58.26829471518888,1.4320783398227388,0.43939455259707694,12.03820692046786,2.105699741804605,64.00303166579346,42.04752250754556,0.0,1.1172166364234288,30.608674970504904,3.2898978793576443,99.99689602910772,81.01825311003277,0.0008173941474579042,1.0746185205158714,29.441603301804694,2.68990757690991,81.76010872066597,60.50790123441041,0.0
ripple_h70_s20_04,ripple_h70_s20,common,4,3891.0670000000005,1.3,1.0,0.07,0.02,1.0,-5.43107580018944,-1.4061889262212501,1.027539967193583,37206,79139,ripple,0.025,2068,True,False,,39.63999999999987,80.0,39.63999999999987,1.0001194828871083,0.025230057590492218,1.0092023036196887,0.0003327919674938999,-0.02186424982735976,0.06535967220623355,0.05673405667869079,0.2149017933227567,0.08620837163250573,0.011416841089684182,0.014761313580240165,0.18324575761727308,0.2149017933227567,0.10220962266816316,0.11235731238000349,0.10313018559887886,0.0,0.10022314812617454,-0.0037918512684091184,2.762481089258699,4.377710539586485,4.0,184,0.0004778111383308234,0.0002769243864894587,0.0005454004655361159,0.0509479968793801,43.32853412347249,1.0652247686298588,0.6319942634603531,17.31491132768091,3.2936911282913806,100.11219234928208,40.20442891588472,0.002773575390821987,0.9283144665672061,25.43327305663578,3.0658589015577045,93.18720065524938,56.09838420739967,0.0,0.7818508874847732,21.420572259856797,3.2975516824230633,100.22953442015391,72.40071453516423,0.008152630694234326
ripple_h100_s20_04,ripple_h100_s20,common,4,3940.2290000000003,1.3,1.0,0.1,0.02,1.0,-5.44067105094063,-1.4093909443929342,-2.9294171904731385,36936,79863,ripple,0.025,2053,True,False,,39.340000000000146,80.0,39.340000000000146,1.000318964160964,0.025427528321325884,1.0171011328530353,0.0030545457816176097,0.22418076287081504,0.06809056077105213,0.058377333606842184,0.21093161430170343,0.11621853527464243,0.011068051163696486,0.01207325591642318,0.1781577914807577,0.21093161430170343,0.10239819699833486,0.11219570437683239,0.10329446007460479,0.0,0.10041435828709883,-0.004291662522396818,2.703252032520325,4.382113821138211,4.0,184,0.0005630963615225133,0.0003406084563706002,0.0007003603499547735,0.06265168014755954,42.29129698445772,1.0395123387226333,0.6319942199534461,17.314910135710853,1.6875774423705479,51.29414718451513,39.253810715545136,0.0,0.7255412892227825,19.877843540350206,3.2909923133739563,100.03016150072816,67.09736606556673,0.01016260162601626,0.7787602333982384,21.33589680543119,3.2957811933398573,100.1757201623057,85.38560879899013,0.003472222222222222
ripple_h100_s35_04,ripple_h100_s35,common,4,3987.6690000000003,1.8427500000000023,1.0,0.1,0.035,1.4175000000000018,-5.434295364934675,-1.3817433394563348,-1.9786314994920535,36524,74177,ripple,0.025,2030,True,False,,38.36000000000013,80.0,38.36000000000013,1.0002229807134528,0.026074634533718704,1.0429853813487482,0.0007936497049715538,0.07468560621965818,0.06129783372949537,0.049627546254838284,0.25752574837020215,0.11626712294530347,0.004430518219336093,0.01638197401274951,0.20255743705345494,0.25752574837020215,0.10082531260327422,0.11014620146843371,0.10209587580922962,0.0,0.09944771985181539,-0.0062486983183472535,2.717040125065138,4.198019801980198,4.0,129,0.0009754286166902066,0.0005227756163265585,0.0007653086131939675,0.0674229992481932,43.2735259818911,1.0637620427499437,0.7139233069194754,19.55954265532809,3.1742471545586075,96.4816764303528,39.24393991775419,0.0,1.0496999053489244,28.75890151640889,3.291008414537643,100.0306508978007,49.832956272626895,0.004863644259162758,0.9989317749202496,27.3679938334315,3.297277581179261,100.22120307535748,83.32996435924059,0.000694806322737537
ripple_h100_s50_04,ripple_h100_s50,common,4,4034.6450000000004,2.808000000000006,1.0,0.1,0.05,2.1600000000000046,-5.463855791555046,-1.402693303222264,0.5854174088984498,37170,81827,ripple,0.025,2066,True,False,,38.11999999999989,80.0,38.11999999999989,1.0003635226336136,0.026242484853977347,1.0496993941590937,0.002803198373264833,0.021329119629209154,0.029148241998292086,0.022541061262912984,0.1688293765624092,0.11631338809890417,0.0014253848085300296,0.009281241029692135,0.12754934250620864,0.1688293765624092,0.09967407884299606,0.1121920661063203,0.10145889484273317,0.0,0.09786849710898834,-0.004897907416682856,2.851599370739381,4.186156266386996,4.0,96,0.0015986800142456126,0.0009003680338111786,0.0016949829927856135,0.08640358223586692,43.919218560595446,1.0794790630554882,0.7816341990618666,21.414635590736072,2.0777289324069588,63.15285508835741,38.88911948990796,0.0,1.1482756469086157,31.45960676461961,3.291489776854054,100.04528197124783,98.57419620115704,0.058468799160985845,1.0940045962989045,29.972728665723412,3.297186497365287,100.21843457037347,83.39279389950462,0.00026219192448872575
ripple_h135_s20_04,ripple_h135_s20,common,4,4083.706,1.3,1.0,0.135,0.02,1.0,-5.430440694905701,-1.3814601553057624,2.9271170396758173,36900,75314,ripple,0.025,2051,True,False,,39.29999999999973,80.0,39.29999999999973,1.0001152777624076,0.025448225897262457,1.0179290358904982,0.0005783024852106661,-0.10925605710926475,0.08001115622525468,0.06663702378614914,0.20484129635706777,0.15122547942919237,-0.0015750908894976282,-0.0001410985156198842,0.17253967063041922,0.20484129635706777,0.10257714319944307,0.11259848818958683,0.10348148522712276,0.0,0.10062376269438367,-0.004463621026614391,2.709053916581892,4.404883011190234,4.0,184,0.000571078232992241,0.0003674221356164789,0.0007560468112150474,0.06759786912013535,39.133266000961754,0.9620887407617948,0.6315292341545402,17.302170798754528,1.3653873637144571,41.50113567521146,39.55333159019589,0.0,0.6120830935316524,16.769399822784997,3.29473231924301,100.143839490669,81.34287963102918,0.01102068497795863,0.8309818931183335,22.766627208721467,3.1052930912135968,94.38580824357437,91.60509304967896,0.0
ripple_h135_s35_04,ripple_h135_s35,common,4,4131.111,1.6016000000000004,1.0,0.135,0.035,1.2320000000000002,-5.460177223390503,-1.3960446719283284,-0.3847851377176106,36486,77898,ripple,0.025,2028,True,False,,38.55999999999949,80.0,38.55999999999949,1.0003289471960572,0.02594214074678606,1.0376856298714423,0.0013374542088961027,0.011581864266487548,0.07901400312077093,0.06565024558971053,0.29604139841640004,0.15123119645325026,0.005714021813304219,0.013789725673540169,0.2404844089962683,0.29604139841640004,0.10117318440822963,0.10900201808264245,0.10236071906462231,0.0,0.10000575075493252,-0.005150835399881876,2.7091757387247277,4.174183514774494,4.0,146,0.000817077574302657,0.00045897610014280626,0.0007644060143023064,0.06698841507537662,42.69388721267958,1.0494014144883606,0.6841410591463043,18.743590661542584,3.262332121652523,99.15903105326817,40.039075096143115,8.640055296353897e-05,0.9691152972169275,26.55110403334048,3.2929941212310965,100.09100672434943,80.67728343722875,0.004665629860031105,1.1293659932439886,30.94153406147914,3.29603878743512,100.18354977006443,89.37735451829211,0.0013824088474166235
ripple_h135_s50_04,ripple_h135_s50,common,4,4178.070000000001,2.197,1.0,0.135,0.05,1.69,-5.460743908170485,-1.4173849051713312,-1.9876297574636588,36630,76461,ripple,0.025,2036,True,False,,38.11999999999989,80.0,38.11999999999989,1.0001657991590556,0.02623729798423553,1.0494919193694212,0.001266096694783364,-0.056927806833730256,0.05410035231663734,0.04272645384981487,0.255287093083046,0.15128654340160186,0.0010736920769844585,0.017922793768670484,0.2007374066729707,0.255287093083046,0.10014055696882417,0.10966154692240518,0.10169878106902006,0.0,0.09907470820515256,-0.0036539812019000095,2.7965390665967487,4.114840062926062,4.0,106,0.0013102627431348765,0.0007190003480572364,0.0009211441301764471,0.07620134171043419,43.876342614883214,1.0786417915551634,0.7464189462275026,20.44983414321925,2.1018327459818225,63.88549379883958,39.022793240847705,0.0,1.1628493223633256,31.858885544200703,3.289571788783629,99.98698446150848,56.60904891946959,0.0009613703897919944,1.2892876540835436,35.3229494269464,3.296210935435967,100.18878223209626,90.16354742977637,0.001048767697954903
wave_h70_s20_04,wave_h70_s20,capped,4,4228.046,2.4455999999999998,1.0,0.07,0.02,1.019,-5.455661930848552,-1.4164791307809936,-2.0955660517802683,39312,85063,wave,0.024,2185,True,False,,40.81999999999971,83.33333333333333,40.81999999999971,1.000019388565924,0.024498270175549515,1.020761257314563,0.004540235070345884,0.35876156436667406,0.04416192067873699,0.05195075245544225,0.264974640223291,0.08628891925985814,-0.003187530985783869,0.018934472812232633,0.264974640223291,0.264974640223291,0.09933615280811685,0.1365005421920506,0.1013269211400077,0.0,0.09806372660150545,-0.005737517318691256,2.9294809010773752,5.19539666993144,5.0,239,0.0005989558301889971,0.0003760195750975278,0.0021307201558698587,0.08986600986095,38.17425749631797,0.9385920552578184,1.3528902077809315,37.06548514468305,2.491275313242866,75.72265389795946,12.078864229012753,0.0,1.2405116153949556,33.9866195998618,2.9670040691618658,90.18249450340018,81.8183012179419,0.0,1.5206226730265109,41.66089515141126,3.2978861841953107,100.23970164727388,99.79217406496086,0.09549461312438785
wave_h100_s20_04,wave_h100_s20,capped,4,4279.369000000001,2.4,1.0,0.1,0.02,1.0,-5.4682139405932055,-1.395083749052313,-0.04370112080338728,38178,82085,wave,0.0245,2122,True,False,,39.64000000000033,81.63265306122449,39.64000000000033,1.0002902067637374,0.025234364449135446,1.0299740591483855,0.006070172609819844,0.50270491180872,0.04155990566230122,0.05093807591801408,0.23908773658328733,0.11627236226085688,-0.005663167447450213,0.01443893108749035,0.23908773658328733,0.23908773658328733,0.09973275649390878,0.13745741595595992,0.10148420464115696,0.0,0.09842996986173948,-0.005636510372360668,2.896621280887544,5.202218860312658,5.0,234,0.000675172453462568,0.00035347048107780123,0.002417660803336182,0.08268657344940598,30.11005009976255,0.7401106203146485,1.3699723962701418,37.53349030877101,2.235853873883172,67.95908431255842,13.031410138066983,0.0,0.8633015968035611,23.652098542563316,3.29062443799145,100.01897987815957,99.99590176933043,0.10346276685157169,1.3982864044947099,38.3092165614989,3.2912016128048656,100.03652318555822,89.13044853868905,0.0007564296520423601
wave_h100_s35_04,wave_h100_s35,capped,4,4328.446,3.6012000000000035,1.0,0.1,0.035,1.5005000000000015,-5.460257879876004,-1.398946050419108,-0.4533193340641315,56916,128816,wave,0.0163,3163,True,False,,59.05999999999949,122.6993865030675,59.05999999999949,1.0003039734845485,0.016937080485685017,1.039084692373314,0.004954700987849513,0.3193995625838582,0.027596248251777,0.034576048100718966,0.23466596772072,0.11630454822279646,-0.0006720136197100506,0.013148222480167707,0.23466596772072,0.23466596772072,0.09941770714096529,0.13586884655032985,0.10141145663881439,0.0,0.09840103097643954,-0.0035088934171651244,2.968855788761002,5.185511171293162,5.0,203,0.0007631727783703028,0.0003982891012128409,0.0016217789501858204,0.08082712643544218,31.633038560422435,0.777540036756477,1.0428305250263556,28.570699315790566,3.2903809281971097,100.01157836465379,12.897500462319805,5.642067253441661e-05,0.7874459029251034,21.573860354112423,3.2908144760264206,100.02475611022555,98.50830909156427,0.053543218235161366,1.1374714455050599,31.163601246713966,3.2908666886710516,100.02634312070066,88.4590460681102,0.00028210336267208303
wave_h100_s50_04,wave_h100_s50,capped,4,4398.968,5.462400000000006,1.0,0.1,0.05,2.2760000000000025,-5.443633871051797,-1.3826933112100817,-0.880247361158502,85392,203749,wave,0.0108,4745,True,False,,88.53999999999996,185.18518518518516,88.53999999999996,1.000112766984139,0.01129560387377614,1.0458892475718646,0.00854680912154705,0.07464740292471758,0.013577766407642326,0.01655591109217871,0.14498456998881926,0.11631206952348114,0.00024305850009989597,0.005629993454202285,0.14498456998881926,0.14498456998881926,0.09950387002132217,0.14025462625831317,0.10151670734721496,0.0,0.09846262694829888,-0.0028459784843637716,3.1413730803974707,5.239385727190605,5.0,203,0.0008467447492318369,0.000501316422999191,0.0028646670703949334,0.10175204369571536,33.008243722478156,0.8114780173656506,0.7523590168307884,20.612575803583244,2.5019142541992156,76.04602596350199,13.666104438926254,0.0,0.5642728234305431,15.459529409055975,3.2910611237286975,100.03225300087226,97.04685228845857,0.04637157482685938,0.8273752894436829,22.667816149142,3.2875213992472316,99.92466259110127,86.99316870547202,3.7639265281541705e-05
wave_h135_s20_04,wave_h135_s20,capped,4,4503.527,2.4,1.0,0.135,0.02,1.0,-5.4441939386930045,-1.4112433304715872,2.639396394095905,38124,82123,wave,0.0245,2119,True,False,,39.58000000000084,81.63265306122449,39.58000000000084,1.0004080251592413,0.02527559436986408,1.0316569130556767,0.007058018646414983,0.6194534755646495,0.039881581872757144,0.05067745964206029,0.21837655593580851,0.15128893607494037,-0.006720113828301905,0.01055456718485386,0.21837655593580851,0.21837655593580851,0.09986168613483332,0.1382115782883163,0.10162049913132647,0.0,0.09851322783568918,-0.006095861506547801,2.9393939393939394,5.211616161616162,5.0,239,0.0006354718217794162,0.0003408189271931244,0.001359829167195165,0.08142047484329722,26.05901904286354,0.6404559423297855,1.3709289530736057,37.55969734448235,1.894549265189486,57.58508404831264,10.34708972254944,0.0,0.6887094689814276,18.868752574833636,3.291426195559381,100.04334940909972,99.97855599164855,0.1218013468013468,1.3776848591500002,37.74479066164384,3.297177077264998,100.21814824513672,79.39430527151383,0.0016835016835016834
wave_h135_s35_04,wave_h135_s35,capped,4,4552.587,3.1176,1.0,0.135,0.035,1.299,-5.445292300780715,-1.413650102495984,-1.4576936345938771,49140,105695,wave,0.0189,2731,True,False,,50.960000000000036,105.82010582010582,50.960000000000036,1.000218464149463,0.01962752088205381,1.0384931683626355,0.006200611863573843,0.5522911001672646,0.036405141711263106,0.043345180787497835,0.24749510479672965,0.15129972855344032,-0.005371618607032622,0.013955286917865834,0.24749510479672965,0.24749510479672965,0.09935150646131968,0.13274507254667217,0.10120905410089963,0.0,0.09847243092315883,-0.005824498617113364,2.844252648097293,5.141231855629659,5.0,214,0.0006573900926010996,0.00034266108795708385,0.0014382538166591392,0.07331204775433248,29.18429158634946,0.7174061821647364,1.1606179941642898,31.797753264775064,3.290488509225776,100.01484830473484,11.22150023642848,6.53851183470642e-05,0.7960417953837047,21.8093642570878,3.291426107513427,100.04334673293091,99.80108255497191,0.08741990323002484,1.3257531172133938,36.32200321132586,3.290990909837467,100.03011884004458,82.22825844622989,0.0011769321302471558
wave_h135_s50_04,wave_h135_s50,capped,4,4614.030000000001,4.3751999999999995,1.0,0.135,0.05,1.823,-5.463633945575459,-1.4128346386212123,-1.15920685998948,68904,157066,wave,0.0134,3829,True,False,,71.46000000000004,149.2537313432836,71.46000000000004,1.0000419924870023,0.01399443034546602,1.0443604735422403,0.007507417655377258,0.25097649259636884,0.022146180194684124,0.02740862986095573,0.20681747096040917,0.15131108378804967,-0.0007092413436416283,0.00984436892048498,0.20681747096040917,0.20681747096040917,0.0994329274198872,0.1350119978066248,0.10131307391538427,0.0,0.09856144095836947,-0.0039915742563830575,3.0027979854504756,5.171516508114157,5.0,217,0.000740206928968732,0.0003956275606596466,0.0015137549787235184,0.08584515677400845,30.63425446992356,0.7531752026445361,0.8972907644197465,24.58330861423963,2.6557826126731556,80.72287576514151,13.112894195942841,0.0,0.6526668102886333,17.881282473661187,3.2908163120637384,100.02481191683096,98.79325101971234,0.051809363924640923,1.0594375372514722,29.025685952095127,3.292526572263824,100.07679550953871,92.23085598385916,0.007274762171236709
tripod_h70_s20_05,tripod_h70_s20,common,5,4700.3460000000005,0.9766,1.0,0.07,0.02,1.028,-5.43707718227348,-1.401717647934755,-1.3369801952460112,41580,129382,tripod,0.025,2311,True,False,,44.80000000000018,80.0,44.80000000000018,1.000236074710323,0.022326698096212474,0.893067923848499,0.001972091579384678,0.10775349040183851,0.000440966084525044,0.0012048056520897645,0.009771432505097747,0.0851924853353087,1.1191652969774567e-06,3.763801543518219e-05,0.009771432505097747,0.009771432505097747,0.0992615928697743,0.12862302844945764,0.10003757466508686,0.0,0.09742632333765076,0.09832333515653907,3.149040606871932,3.817492190986167,3.0,276,0.00024000719209518794,0.00045119651536626486,0.0007965179159521344,0.12450060475379782,54.01799597940093,1.327866093985352,0.3803970690774889,10.421837508972297,2.7795434694131496,84.48460393353038,42.056133707214485,0.0,0.795074968198247,21.78287584104786,3.2834543762392263,99.8010448704932,57.5591951662138,0.000892458723784025,0.5360409094784001,14.686052314476717,3.291176917357166,100.03577256404759,73.73837188137065,7.437156031533541e-05
tripod_h100_s20_05,tripod_h100_s20,common,5,4754.185,0.95,1.0,0.1,0.02,1.0,-5.453236965569299,-1.4093040707960722,1.4020944970397622,41364,124484,tripod,0.025,2299,True,False,,44.57999999999993,80.0,44.57999999999993,1.000340205429556,0.022439215016365133,0.8975686006546053,0.0006731000487317576,-0.02994909777875634,0.0015607184803063609,0.0005983205996615299,0.005893734633209005,0.11517144797976175,-0.0003691204855285819,8.162324615397859e-05,0.001800727987252277,0.005893734633209005,0.09959386009129846,0.12985559028467475,0.10019459345556816,0.0,0.09763598958510863,0.09849910157000757,3.1573991031390136,3.852914798206278,3.0,282,0.0003638755688004059,0.0005913658390875625,0.0009623753376413166,0.16670841376326206,50.55906006784051,1.2427115660608297,0.3758069395893544,10.296080536694642,1.381791955638311,41.99975549052616,41.90440306790423,0.0,0.6631480126307224,18.168438702211574,2.502899101879399,76.07596054344677,68.50887636617574,0.0,0.5756448534861963,15.771091876334147,2.205062408272382,67.02317350371982,65.40296512019675,0.0
tripod_h100_s35_05,tripod_h100_s35,common,5,4807.143,1.288675000000002,1.0,0.1,0.035,1.3565000000000023,-5.467648750119588,-1.4084308575941087,-1.060523471014152,39195,92550,tripod,0.025,2179,True,False,,41.840000000000146,80.0,41.840000000000146,1.0004161213529361,0.023910519152794758,0.9564207661117903,0.002865600143019398,0.15964205022473016,0.0015383329197229405,0.0008022044840509417,0.008536599509086324,0.11491524994022569,-3.793865359599246e-05,-0.00013597628725861119,0.0025887836051258703,0.008536599509086324,0.09709210067633109,0.11794221947789658,0.09795106321210655,0.0,0.09567858528941743,0.09639561334272019,3.113234591495461,3.508838987099857,3.0,195,0.0005061669258807988,0.0008318743455938549,0.0013971368925431143,0.16214735894087712,53.609310988744014,1.3175798172780837,0.42103532476029126,11.535214376994281,2.2709290808421607,69.02520002559758,41.96535383311422,0.0,0.9793316998114051,26.83100547428507,3.309338218894803,100.58778780835269,68.31887104497964,0.0007963051441312311,0.762700466028226,20.89590317885551,3.2892550881052176,99.97735830107044,64.8814374499681,0.00031852205765249244
tripod_h100_s50_05,tripod_h100_s50,common,5,4857.406,1.9446500000000055,1.0,0.1,0.05,2.047000000000006,-5.46273921925282,-1.3904737686647102,-1.9185158243477334,38034,88583,tripod,0.025,2114,True,False,,39.94000000000051,80.0,39.94000000000051,1.000437285479779,0.025048504894335657,1.0019401957734262,6.302111311066311e-05,-0.14274589737223237,0.0012738309330594722,0.0007188669738937541,0.005355337719967671,0.11521809054012914,1.955493909475743e-05,-0.0001574097647998815,0.0025459474168144937,0.005355337719967671,0.09357590417230359,0.11371080283932711,0.09461800030164706,0.0,0.09203599071999416,0.0925249516935848,3.076076076076076,3.4254254254254253,3.0,126,0.0008583377948607644,0.00129234028589799,0.0021004343708374324,0.1627637014967673,49.92667517945486,1.2270491162618031,0.46356993672466906,12.70054621163477,2.1755894048965465,66.12733753484943,42.24385991504044,0.0,1.0744011709385797,29.435648518865197,3.3036450879348225,100.41474431412834,67.2798924707851,0.00025025025025025025,0.8131034545912714,22.27680697510333,3.245662289756171,98.65234923271036,63.929967139277196,8.341675008341675e-05
tripod_h135_s20_05,tripod_h135_s20,common,5,4908.107,0.95,1.0,0.135,0.02,1.0,-5.4579807462763315,-1.4177409375148926,1.5335138230073238,41094,95036,tripod,0.025,2284,True,False,,44.25999999999931,80.0,44.25999999999931,1.0000166363612262,0.022594139999124307,0.9037655999649722,0.0011565413066658564,-0.032760742191098445,0.0011375187200100057,0.00016470381662543937,0.0015619037448852601,0.15021635250048582,5.098898127248356e-06,3.241557946750875e-05,0.0005534805816884969,0.0015619037448852601,0.0994541362387299,0.12867916086739237,0.10017279732680189,0.0,0.0976683373011693,0.09851858752232334,3.1571815718157183,3.817073170731707,3.0,282,0.0004315956109032493,0.0006239416190891454,0.0009846942697358768,0.1759484917691922,51.42977358424398,1.2645216471016727,0.37677299772835615,10.322547882968662,1.3828561809393767,42.032102764114796,41.96191602556904,0.0,0.5755311107840325,15.7679756379187,2.9210462737290643,88.78560102519951,81.2868873151439,0.0,0.6506893909524507,17.827106601437006,2.061850795196596,62.67023693606674,61.11519450462172,0.0
tripod_h135_s35_05,tripod_h135_s35,common,5,4960.606000000001,1.132875,1.0,0.135,0.035,1.1925000000000001,-5.455445479335102,-1.3937628642894357,-1.696583386819459,39726,95060,tripod,0.025,2208,True,False,,42.57999999999993,80.0,42.57999999999993,1.0000573861635944,0.023486552047054864,0.9394620818821945,0.0027662973276480936,0.15362883395140395,0.002279647628642123,0.0004241421525369897,0.010995439583510439,0.14968019504050298,3.8410041441163516e-05,3.5204094120581e-05,0.005593010466948904,0.010995439583510439,0.09793276568261082,0.118314369725008,0.09866304827078233,0.0,0.09656563811605287,0.09735594927187588,3.1286384976525823,3.5093896713615025,3.0,228,0.000494641606370823,0.0007554873486788052,0.001274230253631858,0.17224057228523065,61.272680221975754,1.5064664567579917,0.4033792626534696,11.051486648040262,3.294199233637331,100.12763628076995,42.187955583676825,0.00015649452269170578,0.9223557686821945,25.270021059786153,3.311732612633157,100.66056573353062,81.92343774090335,0.001486697965571205,0.93056107067672,25.494823854156714,3.2813959841273834,99.73847976071075,61.031377490622155,0.0007042253521126761
tripod_h135_s50_05,tripod_h135_s50,common,5,5011.531,1.5029,1.0,0.135,0.05,1.582,-5.469127992211445,-1.4071032736596119,1.6743831167820815,38394,92233,tripod,0.025,2134,True,False,,40.73999999999978,80.0,40.73999999999978,1.0002758207152083,0.02455267110248438,0.9821068440993752,0.0015272505087547267,-0.009269901948760508,0.0019399157393498398,0.0004447640133846923,0.010529083704789543,0.14971004785072614,-2.7270095037719554e-05,3.595004724947047e-05,0.0033680273993931128,0.010529083704789543,0.09576010179717762,0.11311922396408625,0.09656142603128362,0.0,0.09449672046039874,0.09512325557049056,3.096172718351325,3.375368007850834,3.0,165,0.0007111251753905215,0.0010514162663984212,0.0017488824434267135,0.17343564459928557,58.50163259318468,1.4380264702910497,0.43923082060338703,12.033721112421562,2.079606131674985,63.209912816868844,41.91325272089121,0.0,1.1172000460848313,30.60822044068031,3.2949896187866283,100.15166014549023,80.65805021827155,0.0016355904481517827,1.0745529865464514,29.43980785058771,3.2818335616274683,99.75177998867684,60.151129990462934,0.0004906771344455348
ripple_h70_s20_05,ripple_h70_s20,common,5,5063.686000000001,1.3,1.0,0.07,0.02,1.0,-5.4365021687814,-1.4060464097413534,2.08164467124952,37224,77380,ripple,0.025,2069,True,False,,39.659999999999854,80.0,39.659999999999854,1.000220607848801,0.025219884212022304,1.0087953684808921,0.0006131069439938922,-0.07838256695676471,0.05867737152477838,0.051713214325206334,0.2080207637938639,0.08621532871225392,0.004016559562717387,0.021425261410609124,0.17283973946453887,0.2080207637938639,0.1021563142331777,0.1119427686739253,0.1029420679704656,0.0,0.10040058808786202,-0.0037566289405865923,2.772681451612903,4.352822580645161,4.0,184,0.0004917026934006943,0.0002779045842266693,0.0005430724913070045,0.0511231557218193,41.80038033129974,1.0275513282512316,0.6343020230994969,17.3781376191643,1.3529713980576827,41.12375070084142,28.70219885447948,0.0,0.9322852804639828,25.542062478465283,2.8041180717720566,85.23155233349716,55.87573062082462,0.0,0.7846378203442227,21.496926584773224,3.2821783116235888,99.76225871196318,72.2946759515964,0.004788306451612903
ripple_h100_s20_05,ripple_h100_s20,common,5,5113.029,1.3,1.0,0.1,0.02,1.0,-5.467986042965052,-1.399115418557061,-1.455465502011924,36900,73937,ripple,0.025,2051,True,False,,39.30000000000018,80.0,39.30000000000018,1.0001722345849733,0.025449675180279102,1.017987007211164,0.0016451403386347208,0.17395269022642004,0.05996790776388655,0.05281542137560147,0.21764854573541675,0.11621839841645344,0.0003604690163227322,0.01768404906737695,0.18179687809511672,0.21764854573541675,0.10258381591960461,0.11256320997014944,0.10346450518955581,0.0,0.10059973271997605,-0.004283128887227136,2.692268565615463,4.373855544252289,4.0,182,0.0005882227106496791,0.0003468324722297732,0.0006504012126916913,0.06311255438932649,41.8585747744293,1.0290304519843188,0.6320495290969395,17.31642545471067,1.734390211058998,52.71702769176286,39.787875503419684,0.0,0.7261714980582915,19.895109535843606,3.2911143268948466,100.0338701183844,67.08326047792934,0.013309596473380807,0.7801080781888584,21.372824059968725,3.296567831829662,100.19963014679823,83.54014797210652,0.000254323499491353
ripple_h100_s35_05,ripple_h100_s35,common,5,5160.488,1.8427500000000023,1.0,0.1,0.035,1.4175000000000018,-5.452436892451977,-1.4111343271348915,2.361399730795678,36522,74459,ripple,0.025,2030,True,False,,38.35999999999967,80.0,38.35999999999967,1.0003123506724882,0.026076964303245485,1.0430785721298192,0.0007791946490702528,-0.07754501979098936,0.06095952658101103,0.049405847618052744,0.2559401020860795,0.11626676708860623,0.003760613156315986,0.016589076452856635,0.20377447158182385,0.2559401020860795,0.10083468047591014,0.11003893152200583,0.10212209761677295,0.0,0.09943904601805495,-0.005314523990146611,2.713392391870766,4.197498697238145,4.0,127,0.0010014772340609412,0.000507980939233038,0.0007661063309521881,0.0644934151487147,43.092341272973854,1.0592134803728115,0.7138089736309037,19.556410236463115,3.184481890661246,96.79276263408042,39.34754559180062,0.0,1.0494691913508236,28.752580584954075,3.2907091780526816,100.02155556391129,49.838464475210685,0.00451624109779399,0.9989244860421134,27.367794138140095,3.2972778498069957,100.2212112403342,82.45111723955519,0.0011290602744484974
ripple_h100_s50_05,ripple_h100_s50,common,5,5212.842000000001,2.808000000000006,1.0,0.1,0.05,2.1600000000000046,-5.457913013379848,-1.3821883229185699,-2.3454589264775025,37188,80396,ripple,0.025,2067,True,False,,38.11999999999989,80.0,38.11999999999989,1.0001492707957884,0.026236864396531775,1.049474575861271,-0.0006420717587073202,0.0027140045410178368,0.02954195728937298,0.02281409167902441,0.16912254365212123,0.11631144415371389,0.000346042021787542,0.00959165646305442,0.12889496879253565,0.16912254365212123,0.0996156126427166,0.11214028803310658,0.10148214435588539,0.0,0.09790472985822131,-0.0037820215575396663,2.862611431567908,4.19140010487677,4.0,96,0.0015945801584324425,0.0009209406469174428,0.0016737041416534074,0.08839708878188655,43.868687159671026,1.0784720566082515,0.7816035380858686,21.413795563996402,2.2697603545995717,68.98967643159791,39.67114529950338,0.0,1.1490634340995396,31.481189975329855,3.2914895879058848,100.0452762281424,98.55143938945713,0.05899318300996329,1.0940697107739028,29.974512623942545,3.297416310223702,100.22541976363836,83.39573636537841,0.00017479461632581716
ripple_h135_s20_05,ripple_h135_s20,common,5,5262.088000000001,1.3,1.0,0.135,0.02,1.0,-5.4528067597548135,-1.4022622026781384,1.2566087581339094,36882,74033,ripple,0.025,2050,True,False,,39.30000000000018,80.0,39.30000000000018,1.000005001017803,0.025445419873226422,1.0178167949290569,-0.0013652157291302244,-0.14389919382115293,0.07956349409341225,0.06613285938237225,0.197565933417491,0.15121556850170514,-0.001833680179018121,0.0001482366619742401,0.1700084986783529,0.197565933417491,0.10252480736221459,0.11217806508895421,0.10329860186031949,0.0,0.10081300359414588,-0.004520953747488395,2.7655137334689726,4.40793489318413,4.0,182,0.0006078408392551882,0.0003575000093492577,0.0007338492145284887,0.06506461567842464,39.19410001240552,0.9636898643464401,0.6317005612963769,17.30686469305142,2.014446118656133,61.22936530869705,40.25336376588448,0.0,0.6133378440055745,16.803776548097932,3.2947045162695057,100.1429944154865,81.52888940451628,0.013224821973550356,0.8297873172020699,22.733899101426573,3.2953012216319255,100.16113135659349,89.53083282830134,0.0013563919972872161
ripple_h135_s35_05,ripple_h135_s35,common,5,5309.915,1.6016000000000004,1.0,0.135,0.035,1.2320000000000002,-5.456199109208276,-1.4003002014556856,-2.5773056367727105,36486,70433,ripple,0.025,2028,True,False,,38.55999999999949,80.0,38.55999999999949,1.0001663346929073,0.02593792361755499,1.0375169447021997,0.0019786715270692715,0.11501394228066535,0.07912453749127012,0.06574676233366537,0.2932621233457954,0.1512317025339721,0.0032082683193366537,0.012627595398841507,0.23821055443210667,0.2932621233457954,0.10114431288991095,0.10898194466045832,0.10227901480523105,0.0,0.10000445380163829,-0.005149406594623715,2.701399688958009,4.169517884914463,4.0,146,0.0008298761217980163,0.00042939679793672675,0.000762605082586776,0.0626813837273472,42.80536870925058,1.0523115364454627,0.6838095632466233,18.73450858209927,3.2949720350409755,100.15112568513604,39.13818184769603,0.00017280110592707794,0.9677888257275862,26.51476234870099,3.2938973473014395,100.11846040429907,80.27426637318227,0.0043200276481769485,1.1291322825315575,30.93513102826185,3.2960325104125943,100.18335897910622,92.30866776105924,0.0015552099533437014
ripple_h135_s50_05,ripple_h135_s50,common,5,5357.206,2.197,1.0,0.135,0.05,1.69,-5.457558741653378,-1.3910006272853805,-2.36453164853085,36630,73692,ripple,0.025,2036,True,False,,38.14000000000033,80.0,38.14000000000033,1.0005611026472532,0.026233904107164252,1.04935616428657,0.0014027907917274485,0.06311940095055998,0.05508729007974901,0.04355174313909246,0.25561138018433144,0.15128815818692784,0.0011203996012282772,0.018276247986475282,0.20027644193570437,0.25561138018433144,0.10015629402913316,0.10962624200238502,0.10162000685885461,0.0,0.09906334311101499,-0.005468051986526898,2.80188679245283,4.117400419287212,4.0,107,0.0013200379723489132,0.0007163281979208417,0.0009230844487390293,0.07660405910790216,43.8863069124095,1.0784603062715334,0.7479753288049246,20.492474761778755,2.542990115208735,77.2945323771652,38.772371155454735,0.0,1.163035609965986,31.863989314136607,3.2895961728652554,99.98772561900472,56.84735119260678,0.001310272536687631,1.2870937534509772,35.26284256030075,3.296396779385245,100.19443098435394,91.03260366657605,0.0011355695317959468
wave_h70_s20_05,wave_h70_s20,capped,5,5407.187,2.4455999999999998,1.0,0.07,0.02,1.019,-5.451498573129793,-1.4105309218172675,-2.0070929991799096,39316,82284,wave,0.024,2185,True,False,,40.839999999999236,83.33333333333333,40.839999999999236,1.0004763620322905,0.024497462341633428,1.0207275975680594,0.005055714054401309,0.3985628116559577,0.0447506862193872,0.05257485821503415,0.26449942432942486,0.08629734322564649,-0.00416119878765629,0.019477572034373447,0.26449942432942486,0.26449942432942486,0.0993660015638393,0.1369354395984941,0.10132793857003128,0.0,0.09806501716523852,-0.005941168702317293,2.9211943220753795,5.2006852667645616,5.0,241,0.0005653380644743805,0.00034271600252974466,0.0020784166538229394,0.0825541763910379,38.58502497601421,0.9482559578027303,1.352375593327991,37.051386118575095,1.908241249762008,58.0012537921583,12.239147034212607,0.0,1.2475324368701954,34.17897087315604,3.1049924370534883,94.37666981925496,81.82193606147902,0.0,1.520538259122006,41.6585824416988,3.297870896756427,100.23923698347802,99.7928140620696,0.10009789525208028
wave_h100_s20_05,wave_h100_s20,capped,5,5458.829000000001,2.4,1.0,0.1,0.02,1.0,-5.465147379495658,-1.3874453629046428,1.1199421172383293,38178,80916,wave,0.0245,2122,True,False,,39.61999999999989,81.63265306122449,39.61999999999989,1.0001365575506544,0.025243224572202353,1.0303356968245858,0.00393071029434211,0.38822662553033604,0.04305197577479656,0.05037607934949351,0.26114371615525533,0.11627079168846348,-0.005902256411979369,0.01604672952121064,0.26114371615525533,0.26114371615525533,0.09969859076595419,0.13748111215093722,0.10155360185433632,0.0,0.09834563080738433,-0.0056912903939171765,2.929868819374369,5.2038345105953585,5.0,231,0.000697651892807786,0.0003842074006382269,0.0019017736421741952,0.08873910611765642,30.351137314526415,0.7461591770358904,1.3673380440778808,37.461316276106324,1.3548415298224223,41.18059361162378,12.956054321492951,0.0,0.8698919215430357,23.832655384740708,3.291641244576713,100.04988585339552,99.9962978670917,0.10401950891355533,1.4019039883121918,38.408328446909366,3.29791752349531,100.2406542095839,89.08846354756605,0.0009249915909855364
wave_h100_s35_05,wave_h100_s35,capped,5,5507.687,3.6012000000000035,1.0,0.1,0.035,1.5005000000000015,-5.454821755988314,-1.4043343622870612,1.3707448528897217,56898,119373,wave,0.0163,3162,True,False,,59.039999999999964,122.6993865030675,59.039999999999964,1.0002171866188712,0.01694134801183726,1.0393465037936969,0.005320303304205187,0.31815381564870254,0.028059349520142187,0.03506811631982982,0.23533005826739062,0.1163054711765722,-0.0005142324716747246,0.013662069966072733,0.23533005826739062,0.23533005826739062,0.09941881799465035,0.135866409895392,0.10134779578244692,0.0,0.09840058695621334,-0.004748695275446933,2.964781578056214,5.183880799187267,5.0,202,0.0007727268559317729,0.00039918935676122564,0.0014175608960843994,0.08061760029168422,31.629875475300082,0.7775282855914953,1.0426291573659199,28.56518239358685,3.290384756919003,100.01169473917943,12.854226493356572,5.6439778756067275e-05,0.7874491169628168,21.57394840994019,3.2908186013362064,100.02488149958074,98.24446765900676,0.051473078225533354,1.136682625945255,31.141989751924793,3.2908674065414063,100.02636494046827,88.6277156979035,0.0019753922564623547
wave_h100_s50_05,wave_h100_s50,capped,5,5578.068,5.462400000000006,1.0,0.1,0.05,2.2760000000000025,-5.44584175401522,-1.383359389457908,2.516482117392454,85428,194529,wave,0.0108,4747,True,False,,88.53999999999996,185.18518518518516,88.53999999999996,1.0000570353649076,0.011294974422463385,1.0458309650429058,0.00782815191046235,0.05466526030386217,0.01362959445128168,0.017150802484870206,0.1453243529921634,0.11631192083874964,2.0080983286732802e-05,0.00580959833083628,0.1453243529921634,0.1453243529921634,0.09950410599111989,0.1399350320053133,0.1015499977753661,0.0,0.09846278180459875,-0.0027686989399699695,3.1368563685636857,5.23803071364047,5.0,205,0.0008359919782980829,0.00048724625538263587,0.002864362364773604,0.09987672584834081,33.411182662025304,0.8214345127202338,0.7524650509224056,20.615480847189193,2.2483188846750446,68.33796002051807,14.04110762412579,0.0,0.5642963839324711,15.46017490225948,3.2910613302133274,100.03225927700082,96.1186834663322,0.04245709123757904,0.8273038401195378,22.665858633411997,3.287521412660696,99.92466299880535,91.31254629462242,0.009183980728696176
wave_h135_s20_05,wave_h135_s20,capped,5,5682.733,2.4,1.0,0.135,0.02,1.0,-5.450713011886976,-1.3936345897212323,0.26800628361293244,38106,81487,wave,0.0245,2118,True,False,,39.55999999999949,81.63265306122449,39.55999999999949,1.0002406853694668,0.02528414270398078,1.0320058246522767,0.006291206712134855,0.541466331799944,0.03786818991308643,0.04628550818921709,0.22369670317737608,0.1512839513358347,-0.006677756891220125,0.010468488497934,0.22369670317737608,0.22369670317737608,0.09976765969891026,0.13813078870319587,0.10167221870686367,0.0,0.0985401188148571,-0.006491941769980918,2.8938858009095503,5.21121778676099,5.0,235,0.0006310158273457236,0.0003480780091875997,0.0014193982429399866,0.08177703169132237,26.169621479294328,0.6432851210635832,1.3704368671947802,37.54621553958302,2.3375054291553727,71.04879723876513,10.291171075982229,0.0,0.6913121893319228,18.940059981696518,3.291419345750008,100.04314120820692,99.98275673382001,0.12809499747347144,1.3799113696465108,37.80579094921947,3.2825539036756157,99.77367488375732,81.22347259260347,8.421761832575375e-05
wave_h135_s35_05,wave_h135_s35,capped,5,5731.568,3.1176,1.0,0.135,0.035,1.299,-5.457588578331878,-1.4018594630065768,1.3270551852647214,49122,103224,wave,0.0189,2730,True,False,,50.960000000000036,105.82010582010582,50.960000000000036,1.0001640808570125,0.019626453705985317,1.0384367040203872,0.005239298288003392,0.4728938459941728,0.035892901577152456,0.04241132518324944,0.24973452173637653,0.15129587627424956,-0.004752596478185413,0.013345205541427084,0.24973452173637653,0.24973452173637653,0.09934136259674207,0.1323983870890609,0.1012116127146923,0.0,0.09847170601917887,-0.005619765570385856,2.848568065908199,5.139270302079247,5.0,214,0.0006766042479107567,0.00034722093928503823,0.0014405811724472694,0.07429207160665306,29.178097509472515,0.7172968612830205,1.1604777448687638,31.793910818322296,3.293989038886906,100.12124738258073,11.194691023209256,6.53851183470642e-05,0.7952974860121046,21.788972219509716,3.2913937397727087,100.04236291102457,99.65673485748265,0.08486988361448934,1.3266781955125648,36.34734782226205,3.295803576719279,100.17640050818476,82.97979988811753,0.008957761213547797
wave_h135_s50_05,wave_h135_s50,capped,5,5793.268,4.3751999999999995,1.0,0.135,0.05,1.823,-5.447892713892752,-1.3947037453421356,-0.0775602133897384,68886,146553,wave,0.0134,3828,True,False,,71.42000000000007,149.2537313432836,71.42000000000007,1.0000301004736964,0.014002101658830795,1.0449329596142385,0.007094463733494977,0.23688596013209248,0.021936544716598307,0.027206733407094414,0.2070299117499556,0.15131110386863142,-0.00031778214101603496,0.009819203962172101,0.2070299117499556,0.2070299117499556,0.09941035098088803,0.13527887496351546,0.10125067742954444,0.0,0.0985653127153084,-0.004048630035778124,2.9969204927211646,5.174132138857782,5.0,216,0.0007576383893352456,0.0004015562045154918,0.001504613128632284,0.0867313469581388,30.75372446738284,0.7561237678858719,0.8969267268569324,24.57333498238171,2.6550176078934826,80.69962334022745,12.913119634462701,0.0,0.6525306890892195,17.87755312573204,3.29081544487413,100.0247855584842,94.46488866543677,0.04917879805897723,1.0595124813056658,29.02773921385386,3.290707785167305,100.02151322696976,91.37741617539865,0.004479283314669653
