trial,condition,group,speed_label,rep,t_command,warmup_s,distance_m,stance_m,step_m,cadence_scale,posture_control,scenario,surface_mu,soft,slope_deg,obstacle_h_m,ground_x,ground_y,ground_z,start_x,start_y,start_yaw_deg,torque_msgs,contact_msgs,imu_msgs,snapshots,gait,speed_cmd_m_s,n_samples,success,fell,fall_reason,time_to_goal_s,time_limit_s,window_s,progress_m,speed_m_s,speed_ratio,lateral_drift_m,yaw_drift_deg,roll_rms_deg,pitch_rms_deg,tilt_max_deg,body_z_min_m,roll_mean_deg,pitch_mean_deg,pitch_abs_max_deg,tilt_rel_max_deg,att_err_roll_rms_deg,att_err_pitch_rms_deg,att_err_max_deg,posture_roll_mean_deg,posture_pitch_mean_deg,ssm_min_m,ssm_mean_m,ssm_p5_m,ssm_negative_frac,planned_ssm_min_m,ssm_contact_min_m,contact_feet_mean,support_feet_mean,stance_feet_planned_mean,foot_sink_max_m,foot_sink_mean_m,stance_count,centre_slip_mean_m,slip_mean_m,slip_max_m,slip_per_m,energy_j,cot,qd_peak_coxa_rad_s,qd_peak_coxa_pct,tau_peak_coxa_nm,tau_peak_coxa_pct,tau_p95_coxa_pct,tau_sat_coxa_frac,qd_peak_femur_rad_s,qd_peak_femur_pct,tau_peak_femur_nm,tau_peak_femur_pct,tau_p95_femur_pct,tau_sat_femur_frac,qd_peak_tibia_rad_s,qd_peak_tibia_pct,tau_peak_tibia_nm,tau_peak_tibia_pct,tau_p95_tibia_pct,tau_sat_tibia_frac
tripod_mu100_01,tripod_mu100,,common,1,13.556000000000001,0.95,1.0,0.1,0.02,1.0,False,"{""mu"": 1.0, ""soft"": false, ""type"": ""patch""}",1.0,False,0.0,,-5.45,-1.4,0.02,-5.459535514630027,-1.408060354263435,1.885354443565682,41400,50500,4600,92,tripod,0.025,2301,True,False,,44.599999999999994,80.0,44.599999999999994,1.0003664711663656,0.022429741505972326,0.897189660238893,0.0004216389272603885,-0.07677089186135776,0.0010838314002753358,0.0006003834152114944,0.00583207928028264,0.13516127502418374,-4.348127900688738e-05,6.907616457899244e-05,0.001898278656932091,0.00583207928028264,0.013660988316694095,0.02106280370212159,0.24550109550215451,0.0,0.0,0.09958655838115416,0.12987466424650856,0.10018901450668655,0.0,0.09761535161603885,0.09849615152049919,3.158673240699238,3.8583594800537875,3.0,0.00027376826798428816,-1.6299315186461133e-05,282,0.0003623706611149918,0.0005863524994391233,0.0009635685073509079,0.16529081583649696,60.98270268225346,1.4988793400077376,0.3775968291760188,10.345118607562158,1.7339941842647977,52.70499040318534,52.58164719718122,0.0,0.6689592116428761,18.3276496340514,2.8436778569466283,86.43397741479113,79.29478464096667,0.0,0.5809139881605505,15.91545173042604,2.7277636593468095,82.91074952421913,80.50701815562206,0.0
tripod_mu060_01,tripod_mu060,,common,1,69.509,0.95,1.0,0.1,0.02,1.0,False,"{""mu"": 0.6, ""soft"": false, ""type"": ""patch""}",0.6,False,0.0,,-5.45,-1.4,0.02,-5.466323362314596,-1.3959959789613738,1.371363160870768,41364,47674,4597,92,tripod,0.025,2299,True,False,,44.58000000000001,80.0,44.58000000000001,1.0002234766789826,0.02243659660562993,0.8974638642251972,0.00163420721032205,-0.013072752995457848,0.001153273799953736,0.0005886369702449605,0.006292889549450004,0.13516125809290325,-8.92690076607371e-05,7.164427380318067e-05,0.0018244653245553446,0.006292889549450004,0.008915102576888559,0.008105287611520653,0.031536026727558224,0.0,0.0,0.09959056450775595,0.1302000385904928,0.10019073411785415,0.0,0.09762493912364838,0.09849487944590962,3.1560538116591927,3.8654708520179373,3.0,0.00027311399106801776,-1.4663327681258692e-05,285,0.0003666758027081651,0.0005838203055250384,0.0009612229918055088,0.1663513893366091,41.43575141670921,1.0185838051763632,0.3786808887267531,10.374818869226113,1.0361362356944808,31.493502604695465,31.419133657217408,0.0,0.6680796416854886,18.30355182699969,2.165750345613461,65.82827798217207,57.60073805717266,0.0,0.5804769024611174,15.903476779756643,1.6823149255303664,51.13419226536068,50.14038383633049,0.0
tripod_mu030_01,tripod_mu030,,common,1,125.35900000000001,0.95,1.0,0.1,0.02,1.0,False,"{""mu"": 0.3, ""soft"": false, ""type"": ""patch""}",0.3,False,0.0,,-5.45,-1.4,0.02,-5.462483957065336,-1.4177941349066772,-1.3501837925637714,41364,48868,4596,92,tripod,0.025,2299,True,False,,44.54000000000002,80.0,44.54000000000002,1.0000467107106978,0.022452777519324143,0.8981111007729656,0.0023888174916144,0.11278143249345485,0.0012499116966113537,0.0005873606291779239,0.007163096763959881,0.13516262120415484,-2.0765778346290952e-05,6.667050534717109e-05,0.0018557426356767218,0.007163096763959881,0.03633112502912795,0.014932288894632086,0.2669354584739563,0.0,0.0,0.09958923126673773,0.129787907218599,0.10015902126108088,0.0,0.09762493912355082,0.09849526255479092,3.1584380610412928,3.85278276481149,3.0,0.0002743863263738114,-1.597100119187303e-05,285,0.0003594555698192987,0.0005785058158323836,0.0009558209893729936,0.16486598612781855,29.61443475932179,0.7281168717040857,0.37841733751731277,10.367598288145555,2.6983080621711757,82.01544261918467,15.778186016012514,0.0,0.6708812167747592,18.380307308897514,3.2824671674522983,99.77103852438597,41.09500218996154,7.480550568521843e-05,0.5804287942955733,15.902158747823925,0.9362539371456368,28.45756647859078,27.244078527806952,0.0
tripod_mu015_01,tripod_mu015,,common,1,180.99800000000002,0.95,1.0,0.1,0.02,1.0,False,"{""mu"": 0.15, ""soft"": false, ""type"": ""patch""}",0.15,False,0.0,,-5.45,-1.4,0.02,-5.443702679404977,-1.397509373488783,-2.0996264201679833,41256,48506,4584,92,tripod,0.025,2293,True,False,,44.44,80.0,44.44,1.0001274352976801,0.0225051178059784,0.900204712239136,0.0027374843921292233,0.08317689897474524,0.0015874184037298678,0.0005882393192395776,0.00806518879221791,0.13516085062773311,-4.3675642766132174e-05,6.608244236824113e-05,0.0018145999567249045,0.00806518879221791,0.022488464557829893,0.03658451513977105,0.09217094799170793,0.0,0.0,0.09959135748527491,0.12975536723817058,0.10016481385692506,0.0,0.0976347993383637,0.09849558707078639,3.158344579397211,3.851102114260009,3.0,0.0002743213743281528,-1.5816951380018263e-05,282,0.0003655155044236635,0.0005824995253959428,0.0009452823082212505,0.1642433204397852,23.918018592324827,0.5880136432577959,0.37993379292592805,10.409145011669262,1.3576620121959522,41.26632255914748,7.930941429890407,0.0,0.6689881209898335,18.328441670954344,3.2824837257056156,99.77154181476035,35.76735572369395,7.49737591842855e-05,0.5786792448399949,15.854225886027258,0.6767420948702759,20.569668537090454,16.020624044166027,0.0
tripod_soft_01,tripod_soft,,common,1,236.83900000000003,0.95,1.0,0.1,0.02,1.0,False,"{""mu"": 0.8, ""soft"": true, ""type"": ""patch""}",0.8,True,0.0,,-5.45,-1.4,0.02,-5.452694768367809,-1.393228108057019,-0.46329196037923315,41400,49112,4599,92,tripod,0.025,2300,True,False,,44.579999999999984,80.0,44.579999999999984,1.0004111648443805,0.022440806748415903,0.897632269936636,0.0028970888180836667,0.10491712090265291,0.0012338585757551168,0.0006002223633828975,0.006084429517556132,0.13516098792440026,-7.817968851745373e-05,6.344878539204038e-05,0.0018875886281274755,0.006084429517556132,0.04104622059919486,0.03743305085228533,0.4225912635546299,0.0,0.0,0.09958942418463627,0.13015683185808796,0.10019159318701626,0.0,0.0976249391232935,0.098496508963206,3.157847533632287,3.8645739910313903,3.0,0.0002759583108261701,-1.6947849897547967e-05,282,0.0003610554997915072,0.0005875620570928054,0.0009611857931619716,0.16562370669158058,50.85260816041773,1.2498331878710771,0.37997202027086663,10.410192336188128,1.3776498394062173,41.87385530110083,41.78813906678518,0.0,0.6695090968764781,18.342714982917208,2.5024712952151305,76.06295730137174,68.42336795859958,0.0,0.5839931674978932,15.999812808161458,2.3155153680850975,70.380406324775,65.33386846240653,0.0
ripple_mu100_01,ripple_mu100,,common,1,292.772,1.3,1.0,0.1,0.02,1.0,False,"{""mu"": 1.0, ""soft"": false, ""type"": ""patch""}",1.0,False,0.0,,-5.45,-1.4,0.02,-5.444672624029035,-1.3813025619002528,1.0983889338577517,36792,38645,4089,82,ripple,0.025,2045,True,False,,39.18000000000001,80.0,39.18000000000001,1.0000036122551996,0.02552331833218988,1.020932733287595,0.0006496974262384068,0.0027479510113075666,0.06611090163043824,0.057277408375667686,0.2177321337582175,0.1362170057674021,0.001130447247347543,0.012772925198203623,0.18481883852806893,0.2177321337582175,0.1998808819231338,0.4341769024124585,1.4182801199970954,0.0,0.0,0.10245829701810391,0.11231815661521641,0.10319314328297699,0.0,0.1004667062266928,-0.004601820367516554,2.686734693877551,4.384183673469388,4.0,0.00012725393604250818,-7.183570827073993e-06,182,0.0006364797447194704,0.00031988953958293667,0.0006053765180981384,0.05821967361236294,49.49485728450645,1.2169635968293853,0.6388514493461376,17.502779434140756,2.317102263177379,70.42864021815743,50.29081249521935,0.0,0.7353378519534944,20.14624251927382,3.293746705319674,100.11388162065879,77.39523084492942,0.006972789115646258,0.7883739948128037,21.59928752911791,3.2974894491656297,100.22764283178205,100.20449430291802,0.1489795918367347
ripple_mu060_01,ripple_mu060,,common,1,343.529,1.3,1.0,0.1,0.02,1.0,False,"{""mu"": 0.6, ""soft"": false, ""type"": ""patch""}",0.6,False,0.0,,-5.45,-1.4,0.02,-5.454335006676799,-1.412509897211196,-0.9242360065696015,36810,38957,4091,82,ripple,0.025,2046,True,False,,39.200000000000045,80.0,39.200000000000045,1.0000897048501205,0.02551249247066631,1.0204996988266524,0.0019727665085619503,0.11716086632125348,0.05969829535140204,0.052543769722450694,0.21661413684143482,0.13622250151181722,0.0035180758673530282,0.020118863297772904,0.1836273172437218,0.21661413684143482,0.1680411007617033,0.36153343489873896,0.9270248988444,0.0,0.0,0.10246965377597383,0.11239213409524366,0.10320541753090016,0.0,0.10046670622651598,-0.003884021770580511,2.707802141764406,4.363590005099439,4.0,0.00012676793090624777,-5.163566037566514e-06,183,0.0006358978007679819,0.00033461260524594215,0.0006404244924175581,0.06122849513306687,32.30038480159012,0.7941217045798477,0.637610400108071,17.468778085152632,1.5803216550979602,48.03409286012037,30.040798727615044,0.0,0.7317095938650751,20.046838188084248,3.291384704045986,100.04208826887495,56.21734456218902,0.00025497195308516065,0.7849371404691116,21.505127136140043,3.2828276273443366,99.7819947521075,60.096369315278444,0.00016998130205677376
ripple_mu030_01,ripple_mu030,,common,1,394.04900000000004,1.3,1.0,0.1,0.02,1.0,False,"{""mu"": 0.3, ""soft"": false, ""type"": ""patch""}",0.3,False,0.0,,-5.45,-1.4,0.02,-5.449557361057217,-1.3843516236199767,1.653383654836137,36720,38446,4081,82,ripple,0.025,2041,True,False,,39.120000000000005,80.0,39.120000000000005,1.000291940903927,0.02556983489018218,1.0227933956072872,0.0006138426899190697,-0.08715685637303351,0.06309774475434839,0.05500422902381604,0.2150543790469151,0.13621924998133453,-0.003339957722411448,0.015794392138188368,0.1828474352029925,0.2150543790469151,0.17250384039436303,0.14010222397526892,0.47034982470521874,0.0,0.0,0.102373497638759,0.11221759395190938,0.10327270297374695,0.0,0.10039490623053231,-0.00411411441139059,2.6821665815022993,4.380173735309147,4.0,0.0001257989610875601,-2.8530208354971e-06,182,0.0006513549279550882,0.0003286560386122675,0.0006017855553354655,0.05979793030288098,20.342458755411656,0.5000296577563791,0.6412878701210454,17.56953068824782,1.3213231283757623,40.16179721506876,15.000305549500334,0.0,0.7347827425299306,20.131034041915907,2.404077986783559,73.07227923354283,39.97560654944028,0.0,0.7846833874236381,21.498174997907896,1.5447728774544924,46.953582901352355,26.2147337957468,0.0
ripple_mu015_01,ripple_mu015,,common,1,444.46200000000005,1.3,1.0,0.1,0.02,1.0,False,"{""mu"": 0.15, ""soft"": false, ""type"": ""patch""}",0.15,False,0.0,,-5.45,-1.4,0.02,-5.457274135975386,-1.383031324139727,-0.17454068750545493,36684,38971,4076,82,ripple,0.025,2039,True,False,,39.04000000000002,80.0,39.04000000000002,1.00009847655495,0.025617276551100143,1.0246910620440057,0.001732765291851645,0.05021293152000433,0.07281780413413837,0.062498067198238576,0.2166382347382798,0.1362172007244953,0.008387428459180417,0.024281574031931746,0.18310715765277855,0.2166382347382798,0.10252190507084856,0.08464980776550993,0.30867472537666246,0.0,0.0,0.1023727753295866,0.11228470132482034,0.10327434776324744,0.0,0.10039490623030589,-0.004006369859336462,2.6769073220686126,4.387096774193548,4.0,0.00013373824493664171,-2.6316079689558958e-06,182,0.0006428133424021023,0.00032716949070583814,0.0005998542096575043,0.05953889475005218,13.95520335907479,0.3430930521396411,0.6400495916119471,17.535605249642387,0.6483135817952382,19.705579993776237,7.562927241253211,0.0,0.7326100755721799,20.071508919785753,2.125449458323989,64.60332700072915,35.43503049210986,0.0,0.7793735244917466,21.35269930114374,0.885342053371849,26.910092807654983,14.261167696189808,0.0
ripple_soft_01,ripple_soft,,common,1,494.76000000000005,1.3,1.0,0.1,0.02,1.0,False,"{""mu"": 0.8, ""soft"": true, ""type"": ""patch""}",0.8,True,0.0,,-5.45,-1.4,0.02,-5.442249646311911,-1.4157117076618564,-2.372738649402351,36936,37428,4104,83,ripple,0.025,2053,True,False,,39.31999999999999,80.0,39.31999999999999,1.0001189535866686,0.025435375218379165,1.0174150087351665,0.0028217393985750447,0.23725613386940744,0.06662994735545127,0.057461655066123475,0.21552209538386694,0.1362191799138004,0.008957589409561954,0.014294844010483613,0.18336629208985722,0.21552209538386694,0.20747522905672447,0.2062501990881192,0.6925688102189222,0.0,0.0,0.10237223133272223,0.11240004874718751,0.10327459762888651,0.0,0.1003949062300724,-0.004309099354233653,2.7112353838332486,4.378749364514489,4.0,0.00012922466206160416,-7.615655348267719e-06,184,0.0005876809777471284,0.0003597203107730605,0.0007045959059672922,0.06618040134676345,42.10950450025717,1.0352516138672023,0.63571289400051,17.41679161645233,3.293768828369926,100.11455405379714,39.500237228248274,0.000762582613116421,0.7375029475217033,20.205560206074065,3.291054132901109,100.03204051371152,67.11184004302348,0.013811218437552958,0.7825161350574095,21.438798220750947,3.2825900228997473,99.77477273251512,84.63191843774509,8.47314014573801e-05
wave_mu100_01,wave_mu100,,capped,1,545.432,2.4,1.0,0.1,0.02,1.0,False,"{""mu"": 1.0, ""soft"": false, ""type"": ""patch""}",1.0,False,0.0,,-5.45,-1.4,0.02,-5.461923702098822,-1.3846220130524682,1.0788687689075016,38214,40204,4247,85,wave,0.0245,2124,True,False,,39.65999999999997,81.63265306122449,39.65999999999997,1.0000805395281862,0.025216352484321407,1.0292388769110778,0.007865961193442225,0.7851322397039436,0.044214208849514325,0.05220683964943401,0.25195311092956574,0.1362704796457555,-0.007197428375058196,0.014338571889290625,0.25195311092956574,0.25195311092956574,0.20533379748440622,0.3091920597728915,1.1850201559980114,0.0,0.0,0.09962347402989497,0.13706769447377382,0.1015173985286244,0.0,0.09844558945344925,-0.006382984176154801,2.955141129032258,5.202116935483871,5.0,4.7923976534698653e-05,-4.497838829838063e-06,235,0.0006357721902666654,0.0003605885478197516,0.0018236720290631199,0.08472886373743323,34.583605368929824,0.850239013380294,1.3832414537309223,37.89702612961431,3.2945389020063685,100.13796054730604,13.385257136519632,0.0004200268817204301,0.8716957610459667,23.88207564509498,3.2906601368614345,100.02006495019558,99.99815772653939,0.1345766129032258,1.412445114448283,38.69712642324063,3.2976606417713175,100.23284625444734,94.87325492618793,0.011928763440860215
wave_mu060_01,wave_mu060,,capped,1,597.623,2.4,1.0,0.1,0.02,1.0,False,"{""mu"": 0.6, ""soft"": false, ""type"": ""patch""}",0.6,False,0.0,,-5.45,-1.4,0.02,-5.436030547055423,-1.3942225492317792,-0.5607456139467812,38160,42320,4240,85,wave,0.0245,2121,True,False,,39.58000000000004,81.63265306122449,39.58000000000004,1.0001414531405086,0.0252688593517056,1.0313820143553305,0.004471491146688712,0.3011895953108871,0.04664007811761746,0.05111628701391244,0.2245393590445882,0.13629557716010748,-0.007903990591803602,0.016345847352126963,0.21661969686951582,0.2245393590445882,0.1373563179518924,0.1852694924931041,0.7336964065421889,0.0,0.0,0.09975105680700473,0.13759168722364212,0.10153053084701283,0.0,0.09844558945382514,-0.006114510162685361,2.8585858585858586,5.207070707070707,5.0,7.29986127256041e-05,-4.019275623219631e-06,217,0.0007010894733013226,0.00040884082948329075,0.0019157120526040832,0.08870502572877907,23.8252072767333,0.5857200498703697,1.3799247127117737,37.806156512651334,0.964331332746793,29.310982758261183,10.515510980627388,0.0,0.873240372773386,23.924393774613314,3.289922593543363,99.99764722016302,87.23844637537057,0.00101010101010101,1.4137563148477796,38.73304972185697,3.2953721273916816,100.16328654685962,70.93076793330609,0.0011784511784511784
wave_mu030_01,wave_mu030,,capped,1,649.813,2.4,1.0,0.1,0.02,1.0,False,"{""mu"": 0.3, ""soft"": false, ""type"": ""patch""}",0.3,False,0.0,,-5.45,-1.4,0.02,-5.449336872235,-1.3962622592897636,2.172707909445769,38088,40992,4233,85,wave,0.0245,2117,True,False,,39.539999999999964,81.63265306122449,39.539999999999964,1.0004646335933571,0.02530259569027208,1.0327590077662072,0.0021745200788587313,0.09445017457238385,0.048031131274217376,0.056465162801358625,0.22609618749519472,0.1362957646443152,-0.008592294367189127,0.020660358398367166,0.22609618749519472,0.22609618749519472,0.10487628451119217,0.15709411781944685,0.6196449007297766,0.0,0.0,0.09975003980537832,0.13754307042330527,0.10152718386695644,0.0,0.09844558945420387,-0.003744971987594103,2.8367037411526796,5.206268958543983,5.0,7.29148909824548e-05,-2.851795872220453e-06,217,0.0008157687456455007,0.0004578448858968018,0.002115387311848011,0.09930596467572024,14.294594696986326,0.35130817071932535,1.3802244527398506,37.81436856821509,0.4708899484897028,14.31276439178428,5.189332852650928,0.0,0.8720990846444256,23.893125606696593,3.289978051292794,99.99933286604238,63.370210772541526,0.0006740815638692282,1.4130120416043888,38.71265867409284,1.8684673286745037,56.792320020501634,36.142629090905075,0.0
wave_mu015_01,wave_mu015,,capped,1,701.82,2.4,1.0,0.1,0.02,1.0,False,"{""mu"": 0.15, ""soft"": false, ""type"": ""patch""}",0.15,False,0.0,,-5.45,-1.4,0.02,-5.452472553353635,-1.3843103956013343,0.6823016304155234,38052,40834,4228,85,wave,0.0245,2115,True,False,,39.48000000000002,81.63265306122449,39.48000000000002,1.0002557206974074,0.025335757869741817,1.0341125661119108,0.0028695541225608467,0.10834845262839234,0.05138502029847916,0.059391411807281726,0.23823059777504554,0.13629555174790584,-0.010552398970786555,0.023171287557893206,0.23823059777504554,0.23823059777504554,0.07397930573566092,0.07243442440469039,0.3488442260648585,0.0,0.0,0.0997473119714441,0.13752553450959729,0.10145242565573633,0.0,0.09842589164979294,-0.004397589524120399,2.8840506329113924,5.207088607594937,5.0,8.087234488018263e-05,-3.1519301738440475e-06,217,0.0009695076157535788,0.000619984268664724,0.0027676743818453873,0.13450163782416447,9.508152024116844,0.2337235409758435,1.377095115115277,37.72863329082951,0.6603503181988222,20.071438243125296,2.7441407646675975,0.0,0.8695766276770122,23.82401719663047,3.288505284104862,99.95456790592286,50.75228844446811,8.438818565400843e-05,1.4096018623272746,38.61922910485684,1.1407582982374902,34.67350450569879,19.3246598030446,0.0
wave_soft_01,wave_soft,,capped,1,753.798,2.4,1.0,0.1,0.02,1.0,False,"{""mu"": 0.8, ""soft"": true, ""type"": ""patch""}",0.8,True,0.0,,-5.45,-1.4,0.02,-5.436825754967737,-1.40007775780331,1.1551087909798408,38178,41655,4242,85,wave,0.0245,2122,True,False,,39.639999999999986,81.63265306122449,39.639999999999986,1.0002875629080057,0.025234297752472403,1.0299713368356083,0.00564095429426871,0.5119842536234618,0.04424066875846517,0.05251463707030097,0.2524599045908823,0.1362715548504545,-0.0064802053806273015,0.015699086697033873,0.2524599045908823,0.2524599045908823,0.18856743667390025,0.2826538256150815,1.1326337670740314,0.0,0.0,0.09962065615479959,0.13755070983487727,0.10145998124877659,0.0,0.09844558945497109,-0.006374044874835782,2.9319213313161874,5.206253151790217,5.0,4.718367147441699e-05,-4.245314978348902e-06,235,0.0006713149984459573,0.00036988473551017486,0.001807615474515818,0.08689654249101335,30.47089221376832,0.7489840472916551,1.3740127769607637,37.64418567015791,3.2882516223176004,99.94685782120365,13.024795635922121,8.404773911581779e-05,0.8606465050286927,23.579356302155965,3.290662589819502,100.02013950819153,99.99630544888004,0.10993444276348967,1.4080263617323243,38.57606470499519,3.297957986265222,100.2418840810098,89.17240651504504,0.0004202386955790889
tripod_mu100_02,tripod_mu100,,common,2,806.113,0.95,1.0,0.1,0.02,1.0,False,"{""mu"": 1.0, ""soft"": false, ""type"": ""patch""}",1.0,False,0.0,,-5.45,-1.4,0.02,-5.456438985014028,-1.3990868598430493,-1.7026596538859133,41418,48866,4603,93,tripod,0.025,2302,True,False,,44.59999999999991,80.0,44.59999999999991,1.000030637401513,0.022422211600930834,0.8968884640372333,0.0028083620686401266,0.17068748919238988,0.001141403108843935,0.0006495370651823641,0.005874410840895621,0.13516153928713995,3.2474134567989524e-05,4.280828306755947e-05,0.0021964767751357322,0.005874410840895621,0.02058403568933853,0.05117705158786991,0.3753980399048213,0.0,0.0,0.09935651542488576,0.12974367583196544,0.10026380186991754,0.0,0.09759520162206918,0.09853866200688857,3.16001792917974,3.8511878081577766,3.0,0.0002729361286183882,-1.4066179739154194e-05,285,0.00034879938014526206,0.0005877054858320261,0.0009664485205852388,0.16749027152766371,61.361781777030316,1.5086973076386432,0.37942570706270895,10.395224851033122,2.541774722552895,77.25759035115182,52.7392068419507,0.0,0.6689933995636999,18.328586289416435,3.137946843178954,95.37832350088007,79.05348677373892,0.0,0.5816249022601809,15.934928829046052,2.7588711900415146,83.85626717451413,80.32802666548537,0.0
tripod_mu060_02,tripod_mu060,,common,2,862.1750000000001,0.95,1.0,0.1,0.02,1.0,False,"{""mu"": 0.6, ""soft"": false, ""type"": ""patch""}",0.6,False,0.0,,-5.45,-1.4,0.02,-5.465971855919261,-1.418455834803161,1.2116968583159369,41382,46733,4599,92,tripod,0.025,2300,True,False,,44.58000000000004,80.0,44.58000000000004,1.000229007553207,0.022436720671897847,0.8974688268759138,0.0011902422803581995,-0.046192454109269136,0.0013261731252418882,0.0006565030564646214,0.006261587198348326,0.13518273619385107,1.978156702121874e-05,6.72665827900404e-05,0.004794150980193274,0.006261587198348326,0.03530739277697112,0.05035294252497737,0.36642977031015744,0.0,0.0,0.09935421868655378,0.12956115602271154,0.1002656258564734,0.0,0.09759520162139841,0.09853734809576509,3.1573991031390136,3.8452914798206277,3.0,0.0002737263586970115,-1.3361773802459537e-05,285,0.0003622614652232158,0.0005857512990237159,0.0009637968886705302,0.16690078048727844,41.54937374342536,1.0213718893669017,0.37913383650404175,10.387228397371008,1.580589124020679,48.0422226146103,31.377389234579418,0.0,0.6714161374810643,18.394962670714094,2.5309608874886087,76.92890235527686,57.61187447495968,0.0,0.5783305216619797,15.84467182635561,1.771188724680727,53.83552354652666,50.16517925266141,0.0
tripod_mu030_02,tripod_mu030,,common,2,918.1400000000001,0.95,1.0,0.1,0.02,1.0,False,"{""mu"": 0.3, ""soft"": false, ""type"": ""patch""}",0.3,False,0.0,,-5.45,-1.4,0.02,-5.451742775164738,-1.3840906341162729,2.011099228153678,41328,48137,4592,92,tripod,0.025,2297,True,False,,44.51999999999998,80.0,44.51999999999998,1.0000170549413516,0.022462197999581133,0.8984879199832453,0.0003949541128659001,-0.07038990690259649,0.0012842402754003474,0.00062926413332544,0.007458818470432044,0.1351814493980355,2.053020880215867e-05,3.362229670423298e-05,0.0021682152140039563,0.007458818470432044,0.041660205457388036,0.033829699333517364,0.27887509963775403,0.0,0.0,0.09935594215248245,0.1297924284331116,0.10015997835049477,0.0,0.09759520162075719,0.09853790495342597,3.1535698248765156,3.855410866636731,3.0,0.00027032393176210784,-1.3950940073878537e-05,282,0.0003735391541960601,0.0005869811095340535,0.0009594754925243888,0.16552583694529818,29.51870743578162,0.7257868035102439,0.3793168911294834,10.392243592588587,0.5394298600334199,16.396044377915498,15.7864478279531,0.0,0.6720943255210872,18.413543164961293,1.7308862833301033,52.610525329182465,41.14238302473311,0.0,0.5791461421326256,15.867017592674674,0.9608767409083389,29.20597996681881,27.275860493324526,0.0
tripod_mu015_02,tripod_mu015,,common,2,973.9830000000001,0.95,1.0,0.1,0.02,1.0,False,"{""mu"": 0.15, ""soft"": false, ""type"": ""patch""}",0.15,False,0.0,,-5.45,-1.4,0.02,-5.454596194620768,-1.381052849211791,0.5523720664701879,41256,47023,4584,92,tripod,0.025,2293,True,False,,44.43999999999994,80.0,44.43999999999994,1.000306382117676,0.022509144512098952,0.900365780483958,0.0019257509940596076,0.01601693507908345,0.001572723631707871,0.0006464785696460877,0.007809113023659276,0.13517828545171215,4.054192501400589e-05,4.9350733110920915e-05,0.005088107745721831,0.007809113023659276,0.02983967291316493,0.03880791131807733,0.18375935578782598,0.0,0.0,0.09935511106559534,0.12972995488276542,0.10011418183648879,0.0,0.09759520162008166,0.09854038232045988,3.1538461538461537,3.851551956815115,3.0,0.0002709425003302249,-1.2780645552865066e-05,282,0.00037760164028733566,0.0005763527529033325,0.0009572761025657119,0.16248139373530596,23.662674201327178,0.5816331501553572,0.37978500503489415,10.405068631092991,0.2689317900043271,8.174218541164958,7.7866555478983415,0.0,0.6697444507479304,18.349163034189875,1.5894518258209227,48.31160564805236,35.75327241361422,0.0,0.5777822543666068,15.829650804564569,0.6070064961572117,18.450045475903092,16.02746317724474,0.0
tripod_soft_02,tripod_soft,,common,2,1029.999,0.95,1.0,0.1,0.02,1.0,False,"{""mu"": 0.8, ""soft"": true, ""type"": ""patch""}",0.8,True,0.0,,-5.45,-1.4,0.02,-5.439364667431389,-1.4037122256608157,-1.8229805281903684,41418,47120,4602,93,tripod,0.025,2302,True,False,,44.59999999999991,80.0,44.59999999999991,1.0001097554870246,0.022423985549036473,0.8969594219614588,0.002441962735584901,0.14977771803020168,0.0012864763509392136,0.0006350794738553856,0.006210817810857954,0.13518290453543474,3.034686420655819e-05,4.9931275987125135e-05,0.0020281646440948593,0.006210817810857954,0.018695587145302128,0.036124704356427464,0.36769508298607656,0.0,0.0,0.09935532621317297,0.12954534477712293,0.10011297117401596,0.0,0.09759520161941568,0.09854139561173321,3.1595696996862395,3.8449125952487675,3.0,0.00027084351400378376,-1.383567032622185e-05,285,0.0003568692416321669,0.0005786079533399933,0.000965965784036879,0.16488467813975802,51.08488252134802,1.2559218385839526,0.380080438338027,10.413162694192522,2.168055839391547,65.89835378089808,42.22965018930686,0.0,0.6649103310727456,18.216721399253306,3.290632893858413,100.0192368953925,68.23095145271967,0.00014940983116689077,0.5789822286681554,15.862526812826177,2.917090131578758,88.6653535434273,65.14179766958044,0.0
ripple_mu100_02,ripple_mu100,,common,2,1086.0130000000001,1.3,1.0,0.1,0.02,1.0,False,"{""mu"": 1.0, ""soft"": false, ""type"": ""patch""}",1.0,False,0.0,,-5.45,-1.4,0.02,-5.463128919396727,-1.4127517509507603,0.6228331035746315,36810,36743,4091,82,ripple,0.025,2046,True,False,,39.22000000000003,80.0,39.22000000000003,1.0004921680796768,0.02550974421416818,1.0203897685667271,0.0018558958364240478,0.0024251066463919168,0.06285081518096272,0.05514542551693064,0.22128409213958958,0.13621991926099836,-0.0026102444523454595,0.015964859450846695,0.1883511032779217,0.22128409213958958,0.11551688962520437,0.22509508044584134,1.1260096640844846,0.0,0.0,0.10243297555739365,0.1122836857436849,0.10332068818983925,0.0,0.10046376763608117,-0.00461764249937555,2.672782874617737,4.376146788990826,4.0,0.00013424090372676084,-6.167795903188472e-06,182,0.0006341971334592201,0.00030700971980830813,0.0006149257943206982,0.05584818617763187,49.53298904673734,1.2173046108680103,0.6390737444712612,17.5088697115414,2.5434331206200818,77.30799758723653,50.4577844039765,0.0,0.7303336123772372,20.009140065129785,3.2941642154086703,100.12657189692007,77.42095350868253,0.004757050628610262,0.784014591929226,21.479851833677426,3.297394505863005,100.22475701711261,100.20480163624237,0.14848793747876315
ripple_mu060_02,ripple_mu060,,common,2,1136.7230000000002,1.3,1.0,0.1,0.02,1.0,False,"{""mu"": 0.6, ""soft"": false, ""type"": ""patch""}",0.6,False,0.0,,-5.45,-1.4,0.02,-5.465494685795547,-1.419203570046503,1.9979817851305233,36846,38197,4094,82,ripple,0.025,2048,True,False,,39.24000000000001,80.0,39.24000000000001,1.000346279678706,0.025493024456643875,1.019720978265755,0.0008790688835026358,-0.05748108747217226,0.06299809972753073,0.05491518863892376,0.22333456529976511,0.13621942962214958,0.006156095472030918,0.017605583825380407,0.18839690918215468,0.22333456529976511,0.19742481547107912,0.27915386002555664,0.833698005396354,0.0,0.0,0.10243969728544683,0.1122914087040116,0.10333506544262006,0.0,0.10043983729313877,-0.003964287582951896,2.7111563932755987,4.365766683647478,4.0,0.00013554568361454772,-5.721807315551414e-06,183,0.0006278804297251867,0.0003550553647782704,0.0006401951065992878,0.06495261489603879,32.45759349628056,0.7977833334839953,0.6393229236844281,17.5156965392994,2.740866618643285,83.30901576423359,29.90675565856795,0.0,0.7267079154661276,19.909805903181578,3.291426142089308,100.04334778386955,56.41874933099276,0.00025471217524197657,0.7845277429919079,21.49391076690159,3.2968682576860195,100.20876163179392,60.10511209359797,0.0005094243504839531
ripple_mu030_02,ripple_mu030,,common,2,1191.747,1.3,1.0,0.1,0.02,1.0,False,"{""mu"": 0.3, ""soft"": false, ""type"": ""patch""}",0.3,False,0.0,,-5.45,-1.4,0.02,-5.466023555282694,-1.4019766185779294,-0.06900856149618373,36738,37762,4082,82,ripple,0.025,2042,True,False,,39.12000000000012,80.0,39.12000000000012,1.000340826541878,0.025571084523054066,1.0228433809221626,0.0009059159783077801,0.05218756703846173,0.06161041978880292,0.05407998192943025,0.22162017452586724,0.13621926065693232,0.0007599480828859351,0.01878413341620912,0.18762634918119422,0.22162017452586724,0.08113478151536382,0.09670640472213667,0.3869772058788508,0.0,0.0,0.10244030947805317,0.11221886222871277,0.10333645715601784,0.0,0.10046376763562144,-0.00386856245781319,2.707715891670925,4.364844149207971,4.0,0.00013621786996129842,-2.728098645706639e-06,182,0.0006499919498817578,0.00034473516193142637,0.000612446700144957,0.06272039696748444,20.000603199481933,0.49160251185236453,0.6371189067161186,17.455312512770373,1.309212658400885,39.7936978237351,15.136177718132693,0.0,0.7326556586931449,20.072757772414928,2.4167426637198512,73.45722382127207,39.91123758459138,0.0,0.786394991570598,21.545068262208165,1.5483526614010181,47.06239092404311,26.123087258501144,0.0
ripple_mu015_02,ripple_mu015,,common,2,1242.1000000000001,1.3,1.0,0.1,0.02,1.0,False,"{""mu"": 0.15, ""soft"": false, ""type"": ""patch""}",0.15,False,0.0,,-5.45,-1.4,0.02,-5.445189103664657,-1.399839420703936,2.6240588623738086,36666,38396,4074,82,ripple,0.025,2038,True,False,,39.059999999999945,80.0,39.059999999999945,1.0004607909013463,0.025613435506946947,1.0245374202778779,6.407970792531026e-05,-0.13357178378200008,0.07250940500313258,0.06235856027853162,0.22098127327346734,0.13621947249094313,0.0074977774069711275,0.02472600267209897,0.18714654979386808,0.22098127327346734,0.06815906614685752,0.10356088682352076,0.27880457541114684,0.0,0.0,0.10244446281867972,0.11226075862643631,0.10333698576248784,0.0,0.10046376763539512,-0.003951072976713491,2.6617195496417603,4.365404298874104,4.0,0.00013255756472158736,-1.7178195374847882e-06,182,0.0006304824201411878,0.0003370384952993363,0.0006055192853618336,0.061312753659632846,13.80089654308248,0.33917700264333434,0.6385491353897145,17.49449685999218,0.5022322856857507,15.265419017803973,7.425115239673802,0.0,0.7308745856505221,20.023961250699237,2.043665164914844,62.117482216256654,35.42250785101811,0.0,0.784815955452274,21.50180699869244,0.88675437894713,26.95302063669088,14.279818852899835,0.0
ripple_soft_02,ripple_soft,,common,2,1292.441,1.3,1.0,0.1,0.02,1.0,False,"{""mu"": 0.8, ""soft"": true, ""type"": ""patch""}",0.8,True,0.0,,-5.45,-1.4,0.02,-5.439984136225469,-1.3970213400846814,0.7036328202316995,36900,37895,4100,83,ripple,0.025,2051,True,False,,39.27999999999997,80.0,39.27999999999997,1.0000674369218299,0.025459965298417275,1.018398611936691,0.0007528332101276233,-0.004974098267547086,0.06332265661161686,0.055067328673403686,0.22228451440432676,0.13621989756570513,0.0027974432773661957,0.015394959305743456,0.18977135517328614,0.22228451440432676,0.2458840693589815,0.31053086478776926,0.869085899476848,0.0,0.0,0.10244479354911457,0.11233907567383022,0.10318487454618414,0.0,0.10046376763516877,-0.0047930897413871465,2.6941475826972012,4.372010178117049,4.0,0.0002017103881435875,-5.954495625529188e-06,183,0.0005989580546088945,0.00034527314511098166,0.0006718339344736214,0.06318070694004385,41.28385028735574,1.0150091477394985,0.637456694519608,17.464566973139945,3.2935925122266956,100.10919490050746,40.39066370048171,8.481764206955047e-05,0.7315434241091172,20.04228559203061,3.29468391591328,100.14236826484134,67.20086691525377,0.016709075487701442,0.7808547104449101,21.393279738216712,3.286201356234693,99.88453970318216,81.47037014763943,0.00016963528413910093
wave_mu100_02,wave_mu100,,capped,2,1343.2520000000002,2.4,1.0,0.1,0.02,1.0,False,"{""mu"": 1.0, ""soft"": false, ""type"": ""patch""}",1.0,False,0.0,,-5.45,-1.4,0.02,-5.449737940335721,-1.3814095276449858,-1.6402436198451797,38214,40984,4247,85,wave,0.0245,2124,True,False,,39.659999999999854,81.63265306122449,39.659999999999854,1.00029613380234,0.02522178854771416,1.0294607570495575,0.007632251644356566,0.7541570758894297,0.042835328601962874,0.05115861783594805,0.2580589091263941,0.13626756846703558,-0.005600795530896189,0.01598176009770714,0.2580589091263941,0.2580589091263941,0.19553564151360436,0.23302358736841883,0.9327738391261361,0.0,0.0,0.09965085125963079,0.13733167675515237,0.10149258872939113,0.0,0.09833611402671932,-0.0063028922297484295,2.9319556451612905,5.201612903225806,5.0,4.814408843229617e-05,-3.889464534952147e-06,234,0.0006496655847708428,0.0003556528935838204,0.0017762272085406982,0.08319571765911316,35.02651731592952,0.8609439877256239,1.3819084225330018,37.86050472693156,3.2944317566873815,100.13470385068028,13.337864639855262,0.00016801075268817206,0.8682291901683182,23.787101100501868,3.291711566962008,100.05202331191514,99.99901314558362,0.1309643817204301,1.404898534296247,38.4903708026369,3.2975952806950444,100.23085959559405,95.53892874417977,0.008484543010752688
wave_mu060_02,wave_mu060,,capped,2,1395.4560000000001,2.4,1.0,0.1,0.02,1.0,False,"{""mu"": 0.6, ""soft"": false, ""type"": ""patch""}",0.6,False,0.0,,-5.45,-1.4,0.02,-5.4424389145140575,-1.3977961328440853,-2.7479292655878833,38142,41298,4239,85,wave,0.0245,2120,True,False,,39.56000000000017,81.63265306122449,39.56000000000017,1.0000593310114656,0.025279558417883246,1.03181871093401,0.0046350802784467515,0.29593918725834123,0.04578709756563262,0.05215619248280459,0.2338982507364663,0.13629522409301525,-0.0064733200590723515,0.01699051758418526,0.2185857007051794,0.2338982507364663,0.11987752174612766,0.17319810876446445,0.7592338263270596,0.0,0.0,0.09965096221588979,0.13719695862755968,0.10149131770516699,0.0,0.0983373922017446,-0.006062885410509275,2.8458817584638707,5.198585144012127,5.0,6.871216847836176e-05,-3.7240532326440756e-06,216,0.0007556407750082021,0.0004253506062434689,0.0021356197077896,0.0918692934557982,23.88135776020708,0.5871482289042911,1.3750393506433163,37.67231097652922,1.2951969858471564,39.36768953942724,10.292274954036106,0.0,0.8753780808361931,23.98296111879981,3.2899168717309437,99.9974733048919,85.71338265128823,0.0001684352366515075,1.4152386004869946,38.77366028731492,2.710050661425415,82.37236052964788,69.0604289116494,0.0
wave_mu030_02,wave_mu030,,capped,2,1447.688,2.4,1.0,0.1,0.02,1.0,False,"{""mu"": 0.3, ""soft"": false, ""type"": ""patch""}",0.3,False,0.0,,-5.45,-1.4,0.02,-5.458154000008651,-1.3829133225839363,1.707389144579999,38106,40773,4235,85,wave,0.0245,2118,True,False,,39.54000000000019,81.63265306122449,39.54000000000019,1.0004886363535106,0.02530320274035169,1.032783785320477,0.002371567080362645,0.07545290756893691,0.04712416206699213,0.05555569317277106,0.2314164869497379,0.13629551167000453,-0.006721529215882365,0.019003170821067176,0.21946336535403538,0.2314164869497379,0.11589366369936854,0.087975288397129,0.5630406525007696,0.0,0.0,0.09965216534691292,0.13745982717240912,0.10149100045663252,0.0,0.09833739220179084,-0.004164001071570623,2.832659251769464,5.202224469160768,5.0,6.893362950000786e-05,-2.986695186051047e-06,217,0.0008064761502319847,0.00045284164959632454,0.0021450308433526204,0.0982183688258183,14.323518313056292,0.3520104032586339,1.3717121969298793,37.58115608027067,0.5840617667420138,17.752637286991302,5.142434830736271,0.0,0.8736001397054282,23.93425040288844,3.289924710243636,99.99771155755734,63.22593680773367,0.00016852039096730705,1.4142169581375295,38.74567008595971,1.8694768848494308,56.82300561852373,36.00593940650028,0.0
wave_mu015_02,wave_mu015,,capped,2,1500.057,2.4,1.0,0.1,0.02,1.0,False,"{""mu"": 0.15, ""soft"": false, ""type"": ""patch""}",0.15,False,0.0,,-5.45,-1.4,0.02,-5.469486756258784,-1.40813494681349,-2.941167905720617,38034,40044,4226,85,wave,0.0245,2114,True,False,,39.460000000000036,81.63265306122449,39.460000000000036,1.000004964749856,0.025342244418394704,1.0343773231997837,0.0029466991336447174,0.08853466186805008,0.051097321453755846,0.05917032665001128,0.2494590961593618,0.13629604372627577,-0.009443942457036392,0.02138874036503014,0.2494590961593618,0.2494590961593618,0.059867949289859126,0.06040004965822499,0.22549778986799163,0.0,0.0,0.09964785590092327,0.13796469017537263,0.10154727089959617,0.0,0.09833644135822299,-0.0031048914781893794,2.880952380952381,5.207700101317123,5.0,6.866475366155284e-05,-2.8313802118984377e-06,216,0.0009977093212011805,0.0006423376322608144,0.002821470192152622,0.13874363738719614,9.699557877663489,0.23848829494880286,1.3808853700675556,37.8324758922618,1.0170800270949898,30.914286537841637,2.7119778088288164,0.0,0.8684949385833758,23.7943818789966,2.970061800338493,90.27543466074447,50.91439844719913,0.0,1.4167442792369207,38.81491175991564,1.034992221403445,31.458730133843314,19.533117158633743,0.0
wave_soft_02,wave_soft,,capped,2,1552.19,2.4,1.0,0.1,0.02,1.0,False,"{""mu"": 0.8, ""soft"": true, ""type"": ""patch""}",0.8,True,0.0,,-5.45,-1.4,0.02,-5.436901322280877,-1.4155852963076374,-2.6552689273510834,38178,39575,4243,85,wave,0.0245,2123,True,False,,39.62000000000012,81.63265306122449,39.62000000000012,1.0001507695868612,0.02524358328083943,1.0303503379934462,0.007103713711400797,0.595846227356128,0.043360651102017034,0.050442985103462,0.25765980237098435,0.1362747017302795,-0.005723639026884159,0.015359481676143854,0.25765980237098435,0.25765980237098435,0.16843031984485782,0.22655968744932767,0.8418748994741888,0.0,0.0,0.09965025940266904,0.13705234325056653,0.10155287509433658,0.0,0.09833739220188464,-0.00632746223339849,2.8955600403632693,5.1972754793138245,5.0,4.856261684941382e-05,-3.4427256540257856e-06,234,0.0006687697110605724,0.00038633574703743985,0.0018028288361172716,0.09038665704079796,31.160598529130034,0.7660348619604678,1.3802309654717915,37.81454699922716,3.2879879794392046,99.93884435985424,13.095749513143568,0.0002522704339051463,0.8754923670875873,23.986092248974995,3.2916550758416925,100.0503062565864,99.99534713232562,0.10830810628994282,1.411460799061394,38.67015887839436,3.2979712262331673,100.24228651164643,89.15149268252398,0.0002522704339051463
tripod_mu100_03,tripod_mu100,,common,3,1604.432,0.95,1.0,0.1,0.02,1.0,False,"{""mu"": 1.0, ""soft"": false, ""type"": ""patch""}",1.0,False,0.0,,-5.45,-1.4,0.02,-5.430724666272196,-1.4021652048233915,-1.0896420056179439,41400,46101,4601,93,tripod,0.025,2301,True,False,,44.59999999999991,80.0,44.59999999999991,1.0002576186169247,0.022427300865850375,0.897092034634015,0.002795314336153862,0.12778389695992345,0.00210019207477545,0.0006841317536315003,0.0064686954552462825,0.13518348152878534,0.00019025187400038582,4.4644787774173004e-05,0.004874486895626513,0.0064686954552462825,0.04232439852709004,0.08467297318246772,0.5168795916862751,0.0,0.0,0.09947034879591037,0.128143456621082,0.10004313803068904,0.0,0.09766074122436504,0.09851360112391644,3.147915732855222,3.8103989242492156,3.0,0.0002689789166341952,-1.2292564477617979e-05,285,0.0003649741833628376,0.0005850052636016486,0.0009672976316737005,0.16668290846314407,61.15087888558424,1.5031707313761198,0.3801150963765731,10.414112229495155,2.5769787765550407,78.32762238769119,52.49631315661978,0.0,0.6668578405244704,18.270077822588227,3.290656405248058,100.0199515272966,79.27944169671765,7.470491558344539e-05,0.5809866571803507,15.917442662475363,2.968743485338556,90.23536429600473,80.53849844140518,0.0
tripod_mu060_03,tripod_mu060,,common,3,1660.419,0.95,1.0,0.1,0.02,1.0,False,"{""mu"": 0.6, ""soft"": false, ""type"": ""patch""}",0.6,False,0.0,,-5.45,-1.4,0.02,-5.468039464417476,-1.404416188628047,-0.8037656564271705,41364,47761,4596,92,tripod,0.025,2299,True,False,,44.57999999999993,80.0,44.57999999999993,1.0003610322429628,0.02243968219477264,0.8975872877909056,0.0021005538103297007,0.11908760554347149,0.0021255745229421578,0.0007002326940122529,0.006673611650589088,0.13518708321415948,9.292867765386331e-05,2.5961621424643427e-05,0.00484426505170817,0.006673611650589088,0.04832763956069474,0.07160777627831653,0.458604705229866,0.0,0.0,0.09947283534075455,0.1278167502883769,0.10004491021920894,0.0,0.09763995976634345,0.09851556720274388,3.1515695067264575,3.798206278026906,3.0,0.0002700597424220505,-1.1254912575947573e-05,282,0.0003716172906974658,0.0005841775573659425,0.000967005801066444,0.16467825384226648,41.51008574514963,1.0202699098232462,0.3801583051867122,10.415296032512662,1.5681454096711591,47.66399421492885,31.426922546302556,0.0,0.672002086140554,18.411016058645316,3.29065357190906,100.01986540757022,57.49043982101272,7.473841554559044e-05,0.5825765164378052,15.961000450350827,2.771417831233835,84.23762404966064,50.12522690359085,0.0
tripod_mu030_03,tripod_mu030,,common,3,1716.0580000000002,0.95,1.0,0.1,0.02,1.0,False,"{""mu"": 0.3, ""soft"": false, ""type"": ""patch""}",0.3,False,0.0,,-5.45,-1.4,0.02,-5.449060768477781,-1.4197285813407405,-2.112222718258689,41346,47472,4594,92,tripod,0.025,2298,True,False,,44.51999999999998,80.0,44.51999999999998,1.0001838409662043,0.022465944316401722,0.8986377726560688,0.0034220993000317057,0.14068793340262417,0.002354491934715321,0.0007259991692927358,0.007581274802793585,0.13518995639891204,8.955524323829755e-05,5.483973914343101e-06,0.005031700999624643,0.007581274802793585,0.05934405013568043,0.07142153195156319,0.32320468832548943,0.0,0.0,0.09947241288369459,0.12815310143342276,0.1000436231079678,0.0,0.09766074122718153,0.09851453549417279,3.1513246519982037,3.811854512797485,3.0,0.0002694468872684666,-1.3028414114719944e-05,282,0.0003625929014741284,0.0005810602681689774,0.0009565542022410285,0.16382791824498635,29.59476139401582,0.7275312265061932,0.37916037717224355,10.387955538965578,0.8378470574738416,25.466475911059014,15.867841462667975,0.0,0.6673666644919953,18.284018205260146,2.3267485724130967,70.72184110678106,41.11112621046435,0.0,0.5818705194039242,15.941658065860938,1.2629330864165524,38.38702390323868,27.237467008989174,0.0
tripod_mu015_03,tripod_mu015,,common,3,1771.7630000000001,0.95,1.0,0.1,0.02,1.0,False,"{""mu"": 0.15, ""soft"": false, ""type"": ""patch""}",0.15,False,0.0,,-5.45,-1.4,0.02,-5.461604538970064,-1.402379819250052,-1.186179802140802,41292,46063,4588,92,tripod,0.025,2295,True,False,,44.48000000000002,80.0,44.48000000000002,1.000314885018538,0.022489093638006687,0.8995637455202674,0.0018844453329536458,0.012604256162802916,0.0024919004280077534,0.0007298928750458002,0.008365681163331631,0.13519053682473248,0.00010521619906165746,1.4367663034824901e-05,0.004675907874966133,0.008365681163331631,0.03541562557817313,0.042790824357499334,0.2109579939080565,0.0,0.0,0.09946759188094956,0.12834909754698284,0.10004646435895756,0.0,0.09766074122897324,0.09851429397755644,3.147865168539326,3.8134831460674157,3.0,0.00027660011782781185,-1.1629853111743554e-05,282,0.00038004772400104103,0.0005781494330866579,0.0009538754380233953,0.1629865288121254,23.89275432208214,0.5872836185475336,0.3778138575772324,10.351064591157053,0.42247445466327627,12.841168834750038,7.879452230412981,0.0,0.6727000747320333,18.43013903375434,2.4625014833462173,74.8480694026206,35.78597311260897,0.0,0.5829206955245106,15.970430014370155,0.9552024830510969,29.033510123133645,16.04984615364814,0.0
tripod_soft_03,tripod_soft,,common,3,1827.8750000000002,0.95,1.0,0.1,0.02,1.0,False,"{""mu"": 0.8, ""soft"": true, ""type"": ""patch""}",0.8,True,0.0,,-5.45,-1.4,0.02,-5.445466892940384,-1.4085826957784282,2.4577980605065193,41404,48143,4601,93,tripod,0.025,2301,True,False,,44.600000000000136,80.0,44.600000000000136,1.000339833105939,0.022429144240043407,0.8971657696017362,0.0007047746297434085,-0.09330639918555891,0.0022110341194617376,0.0006618191653891062,0.006573856216321387,0.1351830348765907,0.00014987884816685255,2.882651985770805e-05,0.004837232161179102,0.006573856216321387,0.05067061969505657,0.09920346693608224,0.5346688622852118,0.0,0.0,0.09946893144736998,0.12814840769405914,0.10004519937783563,0.0,0.09766074123079516,0.0985147172442981,3.1501568803227253,3.810847153742716,3.0,0.0002679937596541185,-1.1749279786549965e-05,285,0.00035960482460158506,0.0005844695331903431,0.0009702932833258099,0.16651718756510994,50.809240894793206,1.2488612992817179,0.3799750352956426,10.410274939606646,1.7208197584304388,52.30455192797686,42.2527705121945,0.0,0.6690398487755058,18.329858870561804,2.8008367829230307,85.13181711012253,68.35477331718111,0.0,0.5813266010732271,15.926756193787043,2.804381064049211,85.23954601973286,65.27386964917687,0.0
ripple_mu100_03,ripple_mu100,,common,3,1883.8110000000001,1.3,1.0,0.1,0.02,1.0,False,"{""mu"": 1.0, ""soft"": false, ""type"": ""patch""}",1.0,False,0.0,,-5.45,-1.4,0.02,-5.431525201672077,-1.4176226053825638,-1.7456416850701253,36854,38714,4096,82,ripple,0.025,2048,True,False,,39.24000000000001,80.0,39.24000000000001,1.0002212080549062,0.025489837106394138,1.0195934842557655,-0.002689869409081294,-0.2991740431332371,0.0649765641717089,0.05654369496560741,0.2076253356913288,0.13621453452978066,0.00316138023447905,0.014172441966982889,0.17696650754559393,0.2076253356913288,0.16294383146653685,0.27910800684520937,1.0967853901397988,0.0,0.0,0.10240018359747914,0.11240274821732052,0.10329784266181177,0.0,0.10037390628239978,-0.004557457553994301,2.6867040244523688,4.382068262862965,4.0,0.00013265718146166644,-6.930056366070275e-06,182,0.0006333134377369744,0.0003313984126422937,0.0006597484661926664,0.06030095394212345,50.234438533025305,1.2348752737563877,0.6394644723146992,17.51957458396436,2.509840293864702,76.28693902324322,49.48969616702713,0.0,0.7350070058717746,20.13717824306232,3.2947149163409657,100.14331052708103,77.6974287883419,0.006707420614705383,0.7852256255452968,21.51303083685745,3.2973184646071854,100.22244573274119,99.9188649718467,0.1597894379351333
ripple_mu060_03,ripple_mu060,,common,3,1934.0720000000001,1.3,1.0,0.1,0.02,1.0,False,"{""mu"": 0.6, ""soft"": false, ""type"": ""patch""}",0.6,False,0.0,,-5.45,-1.4,0.02,-5.447479072669764,-1.3891735908206406,-2.615854612053713,36828,39282,4093,82,ripple,0.025,2047,True,False,,39.23999999999978,80.0,39.23999999999978,1.0004409657145605,0.025495437454499646,1.0198174981799857,0.0012196635349826651,0.07551529306671757,0.05834445192888619,0.05171266850812313,0.2145329995843576,0.13621571090962029,0.0006007095497597104,0.02231598129717556,0.18154804213703063,0.2145329995843576,0.10767558981755533,0.19009028525836486,0.6600993229421204,0.0,0.0,0.10240071637412236,0.1121931952669571,0.10329808178507142,0.0,0.10042178235269916,-0.0036598803685816035,2.7422312786551197,4.362200713194091,4.0,0.00012998907463663417,-5.405121895681042e-06,184,0.0006471181461879084,0.0003427144495733079,0.000649667560783238,0.06303161707784645,33.098844580222455,0.8134675169492406,0.6356188535711813,17.414215166333733,1.6056220749713743,48.80310258271654,29.49531931824048,0.0,0.7300647414891387,20.001773739428458,3.2914280829917355,100.0434067778643,56.338620507051075,0.00033961623365596876,0.7844237000063511,21.491060274146605,3.283023151947889,99.78793774917595,61.84225504987406,8.490405841399219e-05
ripple_mu030_03,ripple_mu030,,common,3,1984.6170000000002,1.3,1.0,0.1,0.02,1.0,False,"{""mu"": 0.3, ""soft"": false, ""type"": ""patch""}",0.3,False,0.0,,-5.45,-1.4,0.02,-5.462607892622805,-1.4017311951323723,1.01214455130104,36738,38574,4082,82,ripple,0.025,2042,True,False,,39.11999999999989,80.0,39.11999999999989,1.0004398049612873,0.025573614646249746,1.0229445858499897,0.00013781998025225173,-0.04390451750485944,0.06335299465326931,0.05517485076746857,0.21661615443541912,0.13621603886642147,-0.0024192684329607207,0.01638227826714995,0.18341053539994817,0.21661615443541912,0.167863535627263,0.14655766309010276,0.4755629420594662,0.0,0.0,0.10239594956643851,0.11217264591835018,0.10326686131681677,0.0,0.10042178235247277,-0.004097481155897378,2.6622381195707714,4.378129790495657,4.0,0.00012868504478271564,-2.144782125249045e-06,181,0.0006592879663981087,0.0003325478155136735,0.0006063227513805904,0.060164693306221165,20.204651004343113,0.4965689473275015,0.6388888677249859,17.503804595205093,1.3106912101745085,39.83863860712791,15.093132107154428,0.0,0.7328295457637625,20.077521801746915,2.390953915278401,72.67337128505778,39.92488578831444,0.0,0.7825589605995272,21.439971523274718,1.5378252483711685,46.74240876508111,26.143614016897583,0.0
ripple_mu015_03,ripple_mu015,,common,3,2037.217,1.3,1.0,0.1,0.02,1.0,False,"{""mu"": 0.15, ""soft"": false, ""type"": ""patch""}",0.15,False,0.0,,-5.45,-1.4,0.02,-5.433866882920448,-1.3853210814583379,1.762532492509546,36666,37763,4074,82,ripple,0.025,2038,True,False,,39.039999999999964,80.0,39.039999999999964,1.0000584156450327,0.02561625040074369,1.0246500160297474,0.0008989864684926102,-0.0729774181017147,0.07238699992284296,0.06209472002085352,0.21593809232536368,0.13621059504446534,0.007968117884264981,0.0247518626062251,0.18253927542500376,0.21593809232536368,0.08764298965230213,0.08748829155806088,0.25298435864357605,0.0,0.0,0.10239869968111279,0.11233837622013547,0.10329835594081296,0.0,0.10042178235224637,-0.003996163850666727,2.663082437275986,4.369687660010241,4.0,0.00013708527755793704,-2.2512594119658558e-06,182,0.0006530296727194433,0.00035089631890235,0.0006333424992049714,0.0638593738503973,13.869191049904362,0.3409924456794053,0.6392078574923099,17.512544040885203,0.4146847289126962,12.604399055097149,7.482272982578004,0.0,0.735021887137799,20.137585948980796,1.991960412536946,60.54590919565185,35.50368969381566,0.0,0.7822465781414887,21.431413099766814,0.8807523866090404,26.77058925863345,14.298355025327965,0.0
ripple_soft_03,ripple_soft,,common,3,2087.576,1.3,1.0,0.1,0.02,1.0,False,"{""mu"": 0.8, ""soft"": true, ""type"": ""patch""}",0.8,True,0.0,,-5.45,-1.4,0.02,-5.4678907142649384,-1.3809345402683124,0.6877676949069409,36900,36664,4100,83,ripple,0.025,2051,True,False,,39.29999999999973,80.0,39.29999999999973,1.0003662083053901,0.02545461089835616,1.0181844359342462,0.0016603466212925244,0.03253103187057791,0.06167145185112202,0.0538063966830781,0.21403973093002618,0.13621518685035422,0.002453206721085666,0.016071868270806568,0.18103872122343434,0.21403973093002618,0.17918609808842678,0.2404994844680033,1.0084066540681036,0.0,0.0,0.10239937792769349,0.11242517844407628,0.10329792010536083,0.0,0.10042178235201289,-0.004111283912281678,2.676500508646999,4.368769074262461,4.0,0.00013470352723602558,-6.112432029095616e-06,184,0.0005846323859464633,0.00035223203018303203,0.0006675445132422641,0.06478687879269254,42.27366002852833,1.0390331661280554,0.6395417389275074,17.521691477465957,2.072925560285015,63.006855935714746,40.338402671307946,0.0,0.7344759180019635,20.122627890464752,3.295091813223031,100.15476635936264,67.2648492244734,0.01364869447270261,0.7883738599020782,21.59928383293365,3.2968648790061037,100.20865893635573,81.68435466838464,0.0043234994913530014
wave_mu100_03,wave_mu100,,capped,3,2138.3940000000002,2.4,1.0,0.1,0.02,1.0,False,"{""mu"": 1.0, ""soft"": false, ""type"": ""patch""}",1.0,False,0.0,,-5.45,-1.4,0.02,-5.466555367391942,-1.4098028489844092,0.7245245073977453,38196,42530,4245,85,wave,0.0245,2123,True,False,,39.63999999999987,81.63265306122449,39.63999999999987,1.0001268129810734,0.025230242507090734,1.0298058166159483,0.008212076202773436,0.7578182605983523,0.042819765777566104,0.051648952576841684,0.25868644277646774,0.1362685142702492,-0.006277531986903295,0.014683798754161953,0.25868644277646774,0.25868644277646774,0.15464199362023562,0.21143528412087745,1.1179296835359809,0.0,0.0,0.09969027243484081,0.1373677576154988,0.10154157063696607,0.0,0.0983436234590835,-0.00623507076502688,2.9359556227937467,5.203227433182048,5.0,5.2282836602836336e-05,-3.2117291549754734e-06,235,0.0006569608519904749,0.0003751855661361598,0.002165564471742733,0.08815445685077553,34.98772401234652,0.8601320945744867,1.3812005614823557,37.8411112734892,1.6955897686451682,51.5376829375431,13.414135934935103,0.0,0.8741622397461509,23.949650404004135,3.2917071034628287,100.05188764324707,100.00040749895665,0.13018994789040175,1.4159951913869255,38.79438880512125,3.2979951100721396,100.24301246419877,95.43834303915327,0.006051437216338881
wave_mu060_03,wave_mu060,,capped,3,2190.7560000000003,2.4,1.0,0.1,0.02,1.0,False,"{""mu"": 0.6, ""soft"": false, ""type"": ""patch""}",0.6,False,0.0,,-5.45,-1.4,0.02,-5.454574395324655,-1.4021358609803782,1.827510393592498,38142,40871,4238,85,wave,0.0245,2120,True,False,,39.57999999999993,81.63265306122449,39.57999999999993,1.0004311250067492,0.025276177994106898,1.0316807344533427,0.003713006781306885,0.25103126247908086,0.045924974894308454,0.050446941328217094,0.240393267332359,0.1362968262563242,-0.007395223509574323,0.016001121061529375,0.2198129271414957,0.240393267332359,0.17164603169943332,0.20860179503366866,0.8256019279257105,0.0,0.0,0.09968771366283134,0.13707167191923386,0.10154324470653461,0.0,0.09834362345748365,-0.006249192204342547,2.8393939393939394,5.198484848484848,5.0,6.0547229404857295e-05,-3.840018735164208e-06,221,0.0007036124159638079,0.00038984620644675125,0.001971257842894736,0.08611829050258663,23.62154141027981,0.5805467783180477,1.3786606509298671,37.77152468301006,2.8309722395811727,86.04778843711772,10.32355442541443,0.0,0.870596243358606,23.85195187283852,3.2900346592576892,100.00105347287808,86.456360497335,0.001430976430976431,1.4192591597090867,38.8838125947695,2.9298459598999758,89.05306868996887,70.38874757440381,0.0
wave_mu030_03,wave_mu030,,capped,3,2242.7780000000002,2.4,1.0,0.1,0.02,1.0,False,"{""mu"": 0.3, ""soft"": false, ""type"": ""patch""}",0.3,False,0.0,,-5.45,-1.4,0.02,-5.437038760903409,-1.3981285207927876,1.7547066243266685,38106,40104,4234,85,wave,0.0245,2118,True,False,,39.539999999999964,81.63265306122449,39.539999999999964,1.000354062589373,0.025299799256180422,1.0326448675992008,0.002166233657587849,0.05325836043650377,0.047991893384413196,0.05557856244455115,0.23936008121665084,0.1362982830289952,-0.008154518204227057,0.019037490351444336,0.20808938211019548,0.23936008121665084,0.18123046709240637,0.15462221031186785,0.5587531580271599,0.0,0.0,0.09968922082161111,0.13699866066413457,0.10154589395005177,0.0,0.09834362345589202,-0.003958409275266437,2.819514661274014,5.198179979777553,5.0,6.0301013880471876e-05,-2.6027521190935543e-06,217,0.0007926941391529159,0.0004395664600018756,0.002183635393692113,0.09535193762317844,14.359484760157347,0.35294194120845035,1.3794125478595918,37.792124598892926,1.37029605599261,41.6503360484076,5.367000188367535,0.0,0.8774444711056673,24.0395745508402,3.2899922471483025,99.99976435101223,63.056550423667574,0.0003370407819346141,1.4205620906627154,38.919509333225086,1.8688558944097027,56.804130529170294,35.915015437133505,0.0
wave_mu015_03,wave_mu015,,capped,3,2294.8900000000003,2.4,1.0,0.1,0.02,1.0,False,"{""mu"": 0.15, ""soft"": false, ""type"": ""patch""}",0.15,False,0.0,,-5.45,-1.4,0.02,-5.453759802836278,-1.3810207265072636,0.6309549925562152,38087,40951,4232,85,wave,0.0245,2116,True,False,,39.48000000000002,81.63265306122449,39.48000000000002,1.000097122094805,0.02533174068122605,1.0339485992337163,0.002636964544479141,0.05982697234680967,0.05208510752252808,0.05868228485135591,0.2389245257432366,0.13629820667181441,-0.011004580621989274,0.021723047589515657,0.21009371203588106,0.2389245257432366,0.11078062877601079,0.07309026407250845,0.3660828971072564,0.0,0.0,0.09968970338199981,0.1374449844257706,0.10154451568927983,0.0,0.09834362345429055,-0.002835355382922386,2.8830379746835444,5.203544303797468,5.0,6.173569096126069e-05,-2.954007865950403e-06,216,0.0009754362302234178,0.0006186475363591402,0.0029183252299677435,0.1336144264370676,9.575004800998634,0.23540435043328584,1.372028169626124,37.58981286646915,0.6782360640523664,20.61507793472238,2.784842077855636,0.0,0.8745967544762235,23.96155491715681,2.4942133555479575,75.8119560956826,50.70376765121344,0.0,1.4221297378757323,38.962458571937866,1.0442596763943308,31.740415695876315,19.188846941345737,0.0
wave_soft_03,wave_soft,,capped,3,2346.9900000000002,2.4,1.0,0.1,0.02,1.0,False,"{""mu"": 0.8, ""soft"": true, ""type"": ""patch""}",0.8,True,0.0,,-5.45,-1.4,0.02,-5.431292080692527,-1.418240492317744,2.2961559170562023,38214,40896,4246,85,wave,0.0245,2123,True,False,,39.63999999999987,81.63265306122449,39.63999999999987,1.0002149733568582,0.025232466532715978,1.0298965931720807,0.005163723878502162,0.4835454401394727,0.043179243547643215,0.05173687547609889,0.25973216119065284,0.13626860324104065,-0.006714796940291175,0.015781097346774527,0.25973216119065284,0.25973216119065284,0.15470109926720163,0.2266316992605776,1.1443130455859138,0.0,0.0,0.09968870426706816,0.1370640304996633,0.10155508614638886,0.0,0.09834362345268743,-0.0062340542193413655,2.913262733232476,5.199697428139183,5.0,4.0285150639453315e-05,-3.0695143102103806e-06,237,0.0006838882934836462,0.0003889339622331613,0.0018967275150193158,0.09215630954033253,30.516955079836414,0.7501726572714956,1.3832720962355267,37.8978656502884,1.4504138523954528,44.08552742843322,13.003033615765187,0.0,0.8805359850204355,24.124273562203715,3.2916848011177717,100.05120976041859,99.99907504516798,0.11447302067574382,1.4056386413390964,38.510647707920455,3.199797256184353,97.25827526396209,89.19803124675416,0.0
tripod_mu100_04,tripod_mu100,,common,4,2399.1730000000002,0.95,1.0,0.1,0.02,1.0,False,"{""mu"": 1.0, ""soft"": false, ""type"": ""patch""}",1.0,False,0.0,,-5.45,-1.4,0.02,-5.447624912498205,-1.391454438761648,-1.8444301477258798,41400,45871,4601,93,tripod,0.025,2301,True,False,,44.59999999999991,80.0,44.59999999999991,1.0001486758736464,0.022424858203445034,0.8969943281378013,0.0023884714612736266,0.17341902631873332,0.0015288011771310082,0.0005933292772004198,0.0062230812871291044,0.13519606201961493,9.12198403314054e-05,5.7856534420561905e-05,0.00196602552463542,0.0062230812871291044,0.013901156269180814,0.01415083913696353,0.06302835508678585,0.0,0.0,0.09937921635654504,0.12888637615262746,0.10013406474091849,0.0,0.09760757443916186,0.09854981120603323,3.1528462572837292,3.823397579560735,3.0,0.000265959308292589,-1.341289129983339e-05,282,0.00036133256709857325,0.0005872734352426794,0.0009699609859135827,0.16558601784623414,61.25815907781688,1.5059734313060014,0.3802992996242544,10.41915889381519,1.7409811782983162,52.91736104250201,52.79644327049309,0.0,0.6681344819923429,18.30505430116008,3.1684660954844293,96.3059603490708,79.06461581131676,0.0,0.5858800576943958,16.051508429983446,2.97154240645093,90.3204378860465,80.30738161315803,0.0
tripod_mu060_04,tripod_mu060,,common,4,2455.396,0.95,1.0,0.1,0.02,1.0,False,"{""mu"": 0.6, ""soft"": false, ""type"": ""patch""}",0.6,False,0.0,,-5.45,-1.4,0.02,-5.44805234496036,-1.408428883035123,-2.3671171387997587,41382,46429,4598,92,tripod,0.025,2300,True,False,,44.57999999999993,80.0,44.57999999999993,1.0002741649037368,0.02243773362278462,0.8975093449113848,0.003380199604714043,0.17232456989076075,0.001371783170414123,0.0005862794871726959,0.006168862317963855,0.1351951176980332,-1.6042965277306193e-05,6.023193384944095e-05,0.0017440899025152159,0.006168862317963855,0.018921119177675153,0.009711342593896888,0.07124616426212418,0.0,0.0,0.0993793364670917,0.12882260453899647,0.10013338502743786,0.0,0.09760757444074412,0.09854848485600617,3.1547085201793723,3.8210762331838564,3.0,0.0002699704631459812,-1.3680597474911849e-05,282,0.0003725063098749735,0.0005838657970941419,0.0009680865820301317,0.16460408601506274,41.85396165624007,1.0288077138186753,0.37933005262458697,10.392604181495534,1.0486086956967995,31.872604732425515,31.795799716429908,0.0,0.6719889500587936,18.410656165994343,2.3464303045106996,71.32007004591792,57.34201225431616,0.0,0.5765168325126591,15.794981712675591,1.7507947609753147,53.21564623025273,50.048405309377564,0.0
tripod_mu030_04,tripod_mu030,,common,4,2511.655,0.95,1.0,0.1,0.02,1.0,False,"{""mu"": 0.3, ""soft"": false, ""type"": ""patch""}",0.3,False,0.0,,-5.45,-1.4,0.02,-5.469872529175276,-1.3837263992054158,1.0254258902149642,41346,47077,4594,92,tripod,0.025,2298,True,False,,44.51999999999998,80.0,44.51999999999998,1.0002239645999598,0.02246684556603684,0.8986738226414737,0.0005738420720415131,-0.03154373541450483,0.0015555788249105012,0.0005866058675310207,0.00728603889265824,0.13519466399932317,-4.4343354233641584e-05,5.9255259136629704e-05,0.0017799216380457194,0.00728603889265824,0.03581663213315923,0.008765738341634263,0.09362343539506089,0.0,0.0,0.0993765207257449,0.12868322829462925,0.10013333110847966,0.0,0.09760757444231641,0.09847906274891434,3.15446789402784,3.8163448585541087,3.0,0.00026591798175171905,-1.3413080844688896e-05,282,0.0003604444375046544,0.0005857955197695167,0.0009653037833371613,0.1651573199952746,29.43712955781718,0.7236312332344208,0.3789970711113145,10.383481400309986,0.5166527855754189,15.703732084359238,15.661434525315245,0.0,0.6697054728600552,18.34809514685083,2.295833517934362,69.78217379739702,41.230364454274344,0.0,0.5780747160960401,15.83766345468603,1.2477673778036853,37.92606011561354,27.27948062146211,0.0
tripod_mu015_04,tripod_mu015,,common,4,2567.791,0.95,1.0,0.1,0.02,1.0,False,"{""mu"": 0.15, ""soft"": false, ""type"": ""patch""}",0.15,False,0.0,,-5.45,-1.4,0.02,-5.46179913073334,-1.4096872528974902,-0.20643413086950924,41292,46571,4589,92,tripod,0.025,2295,True,False,,44.47999999999956,80.0,44.47999999999956,1.0003512130101027,0.022489910364435983,0.8995964145774393,0.0021780685811287528,0.049217827675223605,0.0017062635419192456,0.0005882979213489826,0.007914302306113471,0.13519057965786593,3.303147758123655e-05,6.666648199481982e-05,0.0018052897853597888,0.007914302306113471,0.02565707598371959,0.02782628560864269,0.07274018627255022,0.0,0.0,0.0993766481561349,0.12836002316620793,0.1000997291690596,0.0,0.097607574443852,0.09847795731294479,3.1519101123595505,3.81123595505618,3.0,0.00027202795135344154,-1.2218125807057084e-05,285,0.0003705755206511144,0.0005720124758667057,0.0009629371448018184,0.1629659334483655,23.75771218037095,0.5839427295440383,0.38007111146567346,10.412907163443109,0.2578290123357147,7.836748095310477,7.818551280496369,0.0,0.6708572539720564,18.37965079375497,2.326427599463642,70.71208509008031,35.78397329102944,0.0,0.5824673606477532,15.958009880760361,0.7825642008998654,23.786145924008068,16.054554988222094,0.0
tripod_soft_04,tripod_soft,,common,4,2623.6730000000002,0.95,1.0,0.1,0.02,1.0,False,"{""mu"": 0.8, ""soft"": true, ""type"": ""patch""}",0.8,True,0.0,,-5.45,-1.4,0.02,-5.437268509869221,-1.4152949758848608,2.8067089809823793,41400,47941,4601,93,tripod,0.025,2301,True,False,,44.59999999999991,80.0,44.59999999999991,1.0002930685372793,0.022428095707113932,0.8971238282845573,0.0006213811264995095,-0.1311850761672063,0.0014199364612129705,0.0005931204694457904,0.006147668617521806,0.13519192573816471,3.7879734020842623e-05,7.41720330668125e-05,0.001877689207008031,0.006147668617521806,0.011160644934333917,0.014737116886608477,0.07684114850216356,0.0,0.0,0.09937744790919056,0.12871976587979553,0.1001351198292837,0.0,0.09760757444542817,0.09854791784720807,3.151949798296728,3.819363514119229,3.0,0.000267260968297052,-1.3730327279557614e-05,285,0.00036549639633918346,0.0005776763443054489,0.0009658860667405883,0.16458949035997952,50.894036957468956,1.2510040885942042,0.378770719190982,10.377279977835123,1.3972223628388973,42.46876482793001,42.36368672309388,0.0,0.6670568411884008,18.275529895572625,2.8210977690339236,85.7476525542226,68.2925367743918,0.0,0.582150249105344,15.949321893297094,2.416331756657149,73.44473424489814,65.1678076520481,0.0
ripple_mu100_04,ripple_mu100,,common,4,2679.7960000000003,1.3,1.0,0.1,0.02,1.0,False,"{""mu"": 1.0, ""soft"": false, ""type"": ""patch""}",1.0,False,0.0,,-5.45,-1.4,0.02,-5.4322435693429165,-1.4102135961722946,0.8446911570115847,36776,38033,4087,82,ripple,0.025,2044,True,False,,39.18000000000029,80.0,39.18000000000029,1.0004761570964527,0.025535379201032292,1.0214151680412915,0.0010600760690338794,0.013935367609401934,0.0697789703219828,0.059759009038052174,0.2168283509497297,0.13621550601172214,-0.005579250834984896,0.009208796439989278,0.18612570870853737,0.2168283509497297,0.22293989547683238,0.21575858872990286,0.7525158202006013,0.0,0.0,0.10233878299421999,0.11197311512509169,0.10328727206355842,0.0,0.10037264619265993,-0.0046907106727796495,2.7,4.377551020408164,4.0,0.0001295287116090879,-7.84637093110413e-06,183,0.0006419814909051267,0.0002851954283716315,0.0005777910102792456,0.052165894933894986,50.362055974804434,1.2377006979641905,0.6374018168136584,17.463063474346807,3.2938708880704715,100.11765617235474,50.41873750280795,0.001530612244897959,0.7341895359566355,20.11478180703111,3.291379793727151,100.04193901906234,64.42634945051269,0.0017857142857142857,0.7843802738297836,21.489870515884483,3.29743380383911,100.22595148447141,100.20520707044076,0.15918367346938775
ripple_mu060_04,ripple_mu060,,common,4,2735.552,1.3,1.0,0.1,0.02,1.0,False,"{""mu"": 0.6, ""soft"": false, ""type"": ""patch""}",0.6,False,0.0,,-5.45,-1.4,0.02,-5.455596098689357,-1.3921070662197765,-2.4785033991134795,36828,38515,4093,82,ripple,0.025,2047,True,False,,39.2199999999998,80.0,39.2199999999998,1.0000336226376965,0.025498052591476326,1.019922103659053,0.0020929943333869647,0.07832966652433113,0.05918022184916232,0.05243940418033371,0.21546361911928974,0.1362181433114153,0.0008213562099076957,0.021854957839286458,0.18420632207416301,0.21546361911928974,0.24650687844269745,0.3645107400292291,0.9726131672067567,0.0,0.0,0.10235033678221969,0.11210224254696587,0.10325846318031501,0.0,0.10037264619244055,-0.004027462430744199,2.741080530071356,4.368501529051988,4.0,0.00012902250363969886,-6.260971967066847e-06,182,0.0006447341973690094,0.0003450247901386441,0.0006430921663247998,0.06279226303381043,32.89015392690902,0.8086666342064132,0.6370060150800063,17.45221959123305,2.5623653522095857,77.88344535591446,29.58960860567384,0.0,0.734776215546129,20.130855220441894,3.2914265442151653,100.04336000653997,56.35722939653133,0.00016989466530750936,0.7834553452488058,21.4645300068166,2.828869848555643,85.98388597433566,61.54230476528391,0.0
ripple_mu030_04,ripple_mu030,,common,4,2786.338,1.3,1.0,0.1,0.02,1.0,False,"{""mu"": 0.3, ""soft"": false, ""type"": ""patch""}",0.3,False,0.0,,-5.45,-1.4,0.02,-5.451201364791743,-1.3964603678523961,0.7588544155480965,36720,38528,4080,82,ripple,0.025,2041,True,False,,39.120000000000346,80.0,39.120000000000346,1.0004032883667486,0.025572681195468808,1.0229072478187522,0.0003138805624484618,-0.026128989261290266,0.06990638480081929,0.05960222130292146,0.2158966445195204,0.13621899955069222,-0.008735609082889053,0.011554367331364288,0.18392985304747952,0.2158966445195204,0.19809885981003625,0.1571028799113085,0.5920873966372668,0.0,0.0,0.10234630982597122,0.11216016168410449,0.10325607157284185,0.0,0.10037264619219995,-0.004442887943805757,2.6791006642820645,4.379151762902402,4.0,0.00012208899624655684,-3.5327434484942744e-06,183,0.0006511823829148874,0.00032945585394059877,0.0005906803015806248,0.06026611368103059,20.056297034755175,0.49294083042267467,0.6359549182347976,17.423422417391713,1.3035597927059996,39.621878197750746,15.127466639696586,0.0,0.7265088788393809,19.904352844914545,2.4029376998738634,73.03762005695633,39.992264153964136,0.0,0.7828403057519076,21.447679609641302,1.543521656859818,46.91555188023762,26.13693593961028,0.0
ripple_mu015_04,ripple_mu015,,common,4,2838.8920000000003,1.3,1.0,0.1,0.02,1.0,False,"{""mu"": 0.15, ""soft"": false, ""type"": ""patch""}",0.15,False,0.0,,-5.45,-1.4,0.02,-5.442288181033137,-1.3843447450799597,-1.5524987405554442,36666,37770,4075,82,ripple,0.025,2038,True,False,,39.039999999999964,80.0,39.039999999999964,1.0000691437128568,0.025616525197562953,1.024661007902518,0.002216387037056757,0.13758205346369992,0.07271533091391275,0.062437408279835356,0.2153187492202032,0.13621319298222645,0.007763414499163363,0.02461886841727187,0.1832357578401735,0.2153187492202032,0.12535663617084508,0.08014179782397815,0.2934207027344069,0.0,0.0,0.10235129805265573,0.11235873508163992,0.10325936432650384,0.0,0.1003726461919735,-0.0040285835638569,2.6876600102406556,4.391193036354327,4.0,0.00013211998171352296,-3.413691137026803e-06,181,0.0006616181295381614,0.0003267477753133807,0.000590418045752071,0.0591371131306388,14.001525978560997,0.3442416761559734,0.6397006620333643,17.526045535160666,0.6341010461500294,19.273588028876272,7.463523849017266,0.0,0.7344578093685916,20.12213176352306,2.1213195992325784,64.47779936877139,35.37618270504237,0.0,0.7853244079782045,21.515737204882313,0.8844280031485684,26.882310126096304,14.264950733708904,0.0
ripple_soft_04,ripple_soft,,common,4,2889.501,1.3,1.0,0.1,0.02,1.0,False,"{""mu"": 0.8, ""soft"": true, ""type"": ""patch""}",0.8,True,0.0,,-5.45,-1.4,0.02,-5.463872227306672,-1.4043757225114808,0.4129688861347083,36936,37479,4103,83,ripple,0.025,2052,True,False,,39.29999999999973,80.0,39.29999999999973,1.0000543660094772,0.02544667597988509,1.0178670391954037,0.00030779080586080566,0.0014890313113436865,0.0662769356147546,0.05704366580528996,0.2159297518141081,0.13621810772511378,0.00031269496586917205,0.01398955150387575,0.18435282063552857,0.2159297518141081,0.18774771977130827,0.41637852423693167,1.0911775261864356,0.0,0.0,0.10234895334038963,0.11239161449521268,0.10325871312018864,0.0,0.10037264619174702,-0.0043282129620107095,2.718209562563581,4.381993896236012,4.0,0.00012967177490707388,-7.696977836209318e-06,182,0.0006148479704855904,0.0003418373714743559,0.0006619504647053588,0.06221101649699465,42.16618314167815,1.036716071982273,0.6394609665717155,17.519478536211384,3.2938719796529523,100.11768935115356,40.50307412254618,0.001610715496778569,0.7311824121196628,20.0323948525935,3.2914047794989187,100.04269846501272,67.29765397656516,0.014750762970498474,0.7839571862483646,21.47827907529766,3.283168083222633,99.79234295509522,81.72994245402136,0.000254323499491353
wave_mu100_04,wave_mu100,,capped,4,2944.494,2.4,1.0,0.1,0.02,1.0,False,"{""mu"": 1.0, ""soft"": false, ""type"": ""patch""}",1.0,False,0.0,,-5.45,-1.4,0.02,-5.431578849563178,-1.3915797765753433,1.430655304017775,38214,40522,4246,85,wave,0.0245,2124,True,False,,39.659999999999854,81.63265306122449,39.659999999999854,1.0001143178313343,0.02521720418132471,1.0292736400540696,0.0073550209430120195,0.6743315164687818,0.04174674055802301,0.051880563032195966,0.246908936910617,0.13627075061156532,-0.005534878760625681,0.01564911452065544,0.246908936910617,0.246908936910617,0.2339849327137295,0.25121792899961287,1.0162536149431807,0.0,0.0,0.09960546892351696,0.1380034053707938,0.10148605840589081,0.0,0.09842858492121613,-0.006156541138093467,2.9153225806451615,5.20866935483871,5.0,5.0647545160355245e-05,-3.996815249946578e-06,240,0.0006478966571253866,0.00034955488449346883,0.0019751733090252067,0.08388131460270233,34.457641984420654,0.847116882738855,1.3741512674906173,37.647979931249786,2.2428021293229317,68.17027748701919,13.29014289975278,0.0,0.8722414263417432,23.89702537922584,3.2912373188716812,100.03760847634288,99.99887413820635,0.1302923387096774,1.4086140444818602,38.592165602242744,3.29827876495545,100.25163419317478,93.60768204476877,0.03738239247311828
wave_mu060_04,wave_mu060,,capped,4,2996.722,2.4,1.0,0.1,0.02,1.0,False,"{""mu"": 0.6, ""soft"": false, ""type"": ""patch""}",0.6,False,0.0,,-5.45,-1.4,0.02,-5.431091317847575,-1.4092902734896564,-1.4432302468447324,38160,39328,4240,85,wave,0.0245,2121,True,False,,39.57999999999993,81.63265306122449,39.57999999999993,1.0000101927401401,0.025265543020215817,1.0312466538863598,0.004639767554012535,0.33571816295216617,0.044560171576548395,0.05049202762401574,0.22264552983232774,0.1362957185961008,-0.0064935027114374965,0.017950617430185146,0.22264552983232774,0.22264552983232774,0.2152943266486332,0.20880335623652554,0.9033390007312817,0.0,0.0,0.09972815074943377,0.13726518513571329,0.10150234787039632,0.0,0.09842858491609752,-0.004859688004908898,2.837878787878788,5.203030303030303,5.0,7.848877562612738e-05,-3.4972970270850945e-06,216,0.000741445659566318,0.00041316489470903916,0.0020761529830886825,0.0892417470808653,23.5584319792138,0.5792372076977568,1.385515782429919,37.95933650492929,1.708845524482441,51.94059344931432,10.425094704832658,0.0,0.8664917735576778,23.73950064541583,3.237060715891691,98.39090321859243,86.87169942761707,0.0002525252525252525,1.418103646503674,38.8521546987308,3.28334147849276,99.79761332804742,70.49706246739277,0.0002525252525252525
wave_mu030_04,wave_mu030,,capped,4,3048.9010000000003,2.4,1.0,0.1,0.02,1.0,False,"{""mu"": 0.3, ""soft"": false, ""type"": ""patch""}",0.3,False,0.0,,-5.45,-1.4,0.02,-5.453098366497244,-1.4081831997032106,0.9066203113708147,38124,40236,4236,85,wave,0.0245,2119,True,False,,39.539999999999964,81.63265306122449,39.539999999999964,1.000198805537319,0.025295872674186138,1.032484598946373,0.0027553547532142494,0.112749368891147,0.04523460558977521,0.055198382903623215,0.23565598241555083,0.13629552914724125,-0.006434780656657943,0.020507945458632323,0.23565598241555083,0.23565598241555083,0.12808980221327712,0.12664518559908253,0.6896620120536353,0.0,0.0,0.09972510766426959,0.13719151589961187,0.10149712997616289,0.0,0.09840180986780984,-0.0037594231615266428,2.8255813953488373,5.200707785642063,5.0,7.97647188374509e-05,-2.6341900881861335e-06,216,0.0007869808294692847,0.0004262682633853143,0.002086116592524676,0.09205529441810927,14.215896816582074,0.34946642281835916,1.3800612885925472,37.80989831760403,0.51726162600011,15.722237872343772,5.14767960817256,0.0,0.8692320587560246,23.814576952219852,2.523254880099388,76.69467720666833,63.260922438231965,0.0,1.4024445994338146,38.42313971051547,1.923652754274149,58.46968857976137,36.02106318974313,0.0
wave_mu015_04,wave_mu015,,capped,4,3101.0710000000004,2.4,1.0,0.1,0.02,1.0,False,"{""mu"": 0.15, ""soft"": false, ""type"": ""patch""}",0.15,False,0.0,,-5.45,-1.4,0.02,-5.431931443167219,-1.413859540298559,0.10768609332080858,38070,41560,4231,85,wave,0.0245,2116,True,False,,39.5,81.63265306122449,39.5,1.0004515845913131,0.025327888217501596,1.0337913558163916,0.0035864213002629853,0.13426692992991582,0.04952002174334363,0.05819636284526694,0.2366891044825894,0.1362955520935621,-0.009027109163015664,0.022814804456421294,0.2366891044825894,0.2366891044825894,0.07733685220049712,0.08420552848571805,0.33833069980004843,0.0,0.0,0.09972668498924436,0.1369586683189869,0.1014227103128997,0.0,0.09841923058288798,-0.0036851036329451792,2.8780364372469633,5.198380566801619,5.0,7.932643274422696e-05,-2.5498358026398993e-06,214,0.0009618926228031375,0.0006062189230900221,0.002718193566718044,0.12967145834361476,9.495321100612836,0.23336190437987991,1.3846918349790707,37.93676260216632,0.7607532239251243,23.123198295596485,2.6066916634233723,0.0,0.8724960732267211,23.904002006211535,2.5078154578545937,76.22539385576273,50.77208736925204,0.0,1.4102810848448353,38.6378379409544,1.0342650787650307,31.436628533891508,19.319180544331665,0.0
wave_soft_04,wave_soft,,capped,4,3153.096,2.4,1.0,0.1,0.02,1.0,False,"{""mu"": 0.8, ""soft"": true, ""type"": ""patch""}",0.8,True,0.0,,-5.45,-1.4,0.02,-5.442896876048071,-1.4002728933367545,2.4824630453641046,38214,40974,4245,85,wave,0.0245,2123,True,False,,39.63999999999987,81.63265306122449,39.63999999999987,1.0002186523942762,0.02523255934395256,1.0299003813858187,0.004907448009951278,0.44525021191291103,0.041434116270912896,0.05184572127349616,0.24354489101795485,0.1362715656131318,-0.005086715050881623,0.015824330971178715,0.24354489101795485,0.24354489101795485,0.19469367338368168,0.22752161600759072,1.046917883632744,0.0,0.0,0.09972746529032912,0.13775835444110454,0.1014825817573775,0.0,0.09842858490080421,-0.006156429640885581,2.9062027231467473,5.205244578920827,5.0,5.038705478419697e-05,-4.004779581113366e-06,231,0.0006790699788177586,0.00038308263155418853,0.002410503476374635,0.088471678250292,30.619438034047356,0.7526901119916066,1.379790686721437,37.8024845677106,2.3369686192416026,71.03248082801224,13.031593380821459,0.0,0.8714407900452532,23.875090138226117,3.2906289631161534,100.01911741994388,99.99533817964061,0.1059001512859304,1.4108257784500389,38.65276105342573,3.297994417330443,100.24299140822016,89.13011239295882,0.0005883341738107245
tripod_mu100_05,tripod_mu100,,common,5,3207.628,0.95,1.0,0.1,0.02,1.0,False,"{""mu"": 1.0, ""soft"": false, ""type"": ""patch""}",1.0,False,0.0,,-5.45,-1.4,0.02,-5.440524080551942,-1.3847129281755772,-2.329410071285357,41400,47262,4600,92,tripod,0.025,2300,True,False,,44.57999999999993,80.0,44.57999999999993,1.000019389127775,0.022432018598649097,0.8972807439459638,0.0035579108343994567,0.18489587609314173,0.0022006789298907314,0.0006355276619050333,0.0063948952081074985,0.135181000464892,8.08319643375949e-05,2.356652674349206e-05,0.005046256280625461,0.0063948952081074985,0.23894626979749845,0.04963981388628824,0.5830504328986894,0.0,0.0,0.09948934422435053,0.1285742587277464,0.10006174751357931,0.0,0.09766005925699342,0.09852333029313602,3.1417040358744392,3.8152466367713003,3.0,0.0002663386473359189,-1.1931618980290382e-05,282,0.0003674235350109821,0.0005851102106718254,0.000967964511016886,0.16499683596311485,61.767261621356226,1.518680267358312,0.3818244846944275,10.460944786148698,2.7151254059071097,82.52660808228296,52.98181410083049,0.0,0.668026201746511,18.302087719082493,3.290633096411234,100.0192430520132,79.12074149294496,0.0038863976083707025,0.5784523610902532,15.84800989288365,3.154546684240094,95.88287794042839,80.33515935367471,0.0
tripod_mu060_05,tripod_mu060,,common,5,3263.8480000000004,0.95,1.0,0.1,0.02,1.0,False,"{""mu"": 0.6, ""soft"": false, ""type"": ""patch""}",0.6,False,0.0,,-5.45,-1.4,0.02,-5.462169459860132,-1.4173718309758554,1.9759169907881082,41364,45681,4597,92,tripod,0.025,2299,True,False,,44.57999999999993,80.0,44.57999999999993,1.0004087674794169,0.02244075297172316,0.8976301188689264,0.00018914375328875355,-0.09450040109921631,0.0022690619039140505,0.0006056643726550674,0.00676898634064738,0.13517909123257926,-6.588467725091577e-05,-1.4335191506712495e-05,0.004102631533768642,0.00676898634064738,0.20905030892791387,0.05137779331922966,0.6262917891704681,0.0,0.0,0.09948872721129698,0.12818855321877262,0.10006311507537172,0.0,0.09766005925491762,0.09852251113080744,3.1426008968609866,3.8044843049327355,3.0,0.00026454943242155277,-1.1673087428273193e-05,282,0.0003628893198478949,0.0005830925501335605,0.00096804135272084,0.16436490916913293,42.23269424476994,1.037983530547364,0.3791217769326759,10.386897998155504,1.9843575213986675,60.31481827959475,31.571233617043642,0.0,0.6689518349348924,18.327447532462806,3.290628629161954,100.0191072693603,57.5677254961604,0.0019431988041853513,0.5816305078223433,15.935082406091597,2.79730673694283,85.0245208797213,50.165440608734755,0.0
tripod_mu030_05,tripod_mu030,,common,5,3319.7160000000003,0.95,1.0,0.1,0.02,1.0,False,"{""mu"": 0.3, ""soft"": false, ""type"": ""patch""}",0.3,False,0.0,,-5.45,-1.4,0.02,-5.431487253527767,-1.4194403591588625,1.735521863229455,41382,46019,4597,92,tripod,0.025,2299,True,False,,44.539999999999964,80.0,44.539999999999964,1.00019938998646,0.022456205433014388,0.8982482173205755,0.0013663880319737844,-0.04223375992180588,0.002279685332792101,0.0006322998907094035,0.007499584922177352,0.13517919767099978,-2.670955014640274e-05,-5.481320645836536e-07,0.004073752102817862,0.007499584922177352,0.12060463277242545,0.06539652470575764,0.4271441109892058,0.0,0.0,0.09948939071764965,0.12914361723380507,0.10021724015996863,0.0,0.09767081492565169,0.09852195916424743,3.1463195691202874,3.8325852782764813,3.0,0.00026913953564323273,-1.3363340899814197e-05,285,0.00037277896548096345,0.0005742377028141678,0.0009681376193468054,0.16362496740728613,29.712114379988158,0.7304083663309288,0.38099637503588457,10.438256850298206,0.8018243107360281,24.37155959683976,15.752614489045413,0.0,0.6697677987307168,18.349802704951145,3.2816376103683766,99.74582402335491,41.20078502852663,0.0006732495511669659,0.5830974376693867,15.975272264914706,1.626405919980393,49.43483039454082,27.285612401463723,0.0
tripod_mu015_05,tripod_mu015,,common,5,3375.6870000000004,0.95,1.0,0.1,0.02,1.0,False,"{""mu"": 0.15, ""soft"": false, ""type"": ""patch""}",0.15,False,0.0,,-5.45,-1.4,0.02,-5.440886752058881,-1.3836725282245848,-1.377687160443596,41292,46874,4588,92,tripod,0.025,2295,True,False,,44.460000000000036,80.0,44.460000000000036,1.0000398077347716,0.022493023115941764,0.8997209246376705,0.002296395783661802,0.005908909140729496,0.002596692840477646,0.000642629873519168,0.008336532922439164,0.13516702131373842,-4.594451122073917e-05,-1.568734615734638e-05,0.00428175246840818,0.008336532922439164,0.04188927894145041,0.05157310608124665,0.2037609249493187,0.0,0.0,0.09948882465924884,0.1282643914440347,0.10006014554332722,0.0,0.09764955588848064,0.09851964807474346,3.1465827338129495,3.8053057553956835,3.0,0.0002657493703782446,-1.1740574589861469e-05,285,0.00035770862177821977,0.0005770015862113065,0.0009972555839492991,0.16443847258726713,24.227878373869203,0.5956842580317253,0.3805831456855228,10.426935498233503,1.0071484570853868,30.612415108978322,7.891830723562381,0.0,0.6680722756007857,18.303350016459884,3.2938375337736794,100.11664236394162,35.803669663366215,0.0019484412470023981,0.5805426126941167,15.905277060112786,1.3056090535613964,39.68416576174457,16.052302336898606,0.0
tripod_soft_05,tripod_soft,,common,5,3431.608,0.95,1.0,0.1,0.02,1.0,False,"{""mu"": 0.8, ""soft"": true, ""type"": ""patch""}",0.8,True,0.0,,-5.45,-1.4,0.02,-5.441408912667336,-1.4105030847412312,-2.5438007997314003,41382,46461,4599,92,tripod,0.025,2300,True,False,,44.59999999999991,80.0,44.59999999999991,1.0001348219380806,0.022424547577087055,0.8969819030834821,0.002640600603401544,0.19306324985573428,0.002058693406055216,0.0006875231658000289,0.006560436862474429,0.13518148087419146,-8.626036302852368e-05,3.529357164767056e-05,0.004786352222667812,0.006560436862474429,0.19064117152992827,0.06178575189604174,0.5719908082624499,0.0,0.0,0.0994880086883355,0.12812344251505542,0.10006343698694897,0.0,0.09767081491875185,0.09852272982602038,3.144778126400717,3.8009861048857014,3.0,0.00026324616072557344,-1.1927126895894952e-05,282,0.0003558085159419745,0.0005860679311274588,0.000967460480795422,0.16524830144101832,51.603320717350655,1.2686352049082221,0.3792582782140493,10.390637759289023,1.740635439265278,52.906852257303285,42.44795184305762,0.0,0.6690058159193484,18.32892646354379,3.282642293643048,99.77636150890724,68.13208250849199,0.0026146720454205885,0.5809994840392003,15.917794083265763,3.290793521040401,100.0241191805593,65.13430527229876,0.00014940983116689077
ripple_mu030_05,ripple_mu030,,common,5,3499.7700000000004,1.3,1.0,0.1,0.02,1.0,False,"{""mu"": 0.3, ""soft"": false, ""type"": ""patch""}",0.3,False,0.0,,-5.45,-1.4,0.02,-5.460263684839991,-1.4012670247257313,-0.8697033177585327,36846,34520,4095,82,ripple,0.025,2048,True,False,,39.26000000000022,80.0,39.26000000000022,1.0005830415191352,0.025486068301557047,1.0194427320622819,0.0027014453033889583,0.14380345681981632,0.06250738768589797,0.05465543310886781,0.21227006959620007,0.13621401868693453,0.006516026303861842,0.01730578434822279,0.1765722991479072,0.21227006959620007,0.18394608610958674,0.19792029702046338,0.6764052201366823,0.0,0.0,0.10229333179712577,0.11236672710765037,0.10326120947872469,0.0,0.10055316195400399,-0.0041532414600404695,2.7225050916496945,4.365071283095723,4.0,0.00012745185297306089,-6.7396009706087445e-06,183,0.0006214761828334575,0.00034423517236070316,0.0006322641555984167,0.06295809976214081,33.81151857150443,0.8308624411227864,0.6373772090905017,17.462389290150732,1.6504123330641205,50.16450860377265,31.710239290377547,0.0,0.728986942855616,19.972245009742906,3.2905112571582698,100.01553973125439,58.131034007240395,8.486082824168364e-05,0.7850144645457037,21.507245603991883,3.2967245263726044,100.20439289886336,63.78956423424076,0.0002545824847250509
ripple_mu015_05,ripple_mu015,,common,5,3550.204,1.3,1.0,0.1,0.02,1.0,False,"{""mu"": 0.15, ""soft"": false, ""type"": ""patch""}",0.15,False,0.0,,-5.45,-1.4,0.02,-5.462384764524921,-1.401053941266295,-1.9102180379314486,36810,34251,4091,82,ripple,0.025,2046,True,False,,39.2199999999998,80.0,39.2199999999998,1.0005239282789113,0.02551055401017125,1.02042216040685,0.001770924925453124,0.12739902742575746,0.05896482014180987,0.05219011814848099,0.21407548974468443,0.1362216725990088,0.0016746285157784818,0.021075312446925565,0.1775566816058229,0.21407548974468443,0.19862726253352883,0.21382703899317976,0.8703628813269556,0.0,0.0,0.1022940471302803,0.11236849215210667,0.10326393539683072,0.0,0.10055316196824728,-0.003895265324079302,2.7186544342507646,4.35270132517839,4.0,0.0001199163586132132,-6.826460118087435e-06,182,0.0006402848249478984,0.0003414729397969631,0.000614903586364718,0.06211543365943977,31.584089450559336,0.7761745035116164,0.6338566795654828,17.365936426451583,1.51021732483508,45.90326215304194,28.89002271568287,0.0,0.7281280121771634,19.94871266238804,3.270568624111431,99.40938067207996,55.26514136285193,8.494733265375468e-05,0.7875443639576973,21.576557916649243,3.296595391128086,100.20046781544335,59.15009075464804,0.00025484199796126404
ripple_soft_05,ripple_soft,,common,5,3600.737,1.3,1.0,0.1,0.02,1.0,False,"{""mu"": 0.8, ""soft"": true, ""type"": ""patch""}",0.8,True,0.0,,-5.45,-1.4,0.02,-5.438039700333658,-1.3954071343348848,-1.3012154829848894,36918,34811,4102,83,ripple,0.025,2052,True,False,,39.320000000000164,80.0,39.320000000000164,1.0004757275576739,0.025444448818862403,1.0177779527544961,0.0019736877099282325,0.13804816014504587,0.06635481699287304,0.057249983458072334,0.21459523328655847,0.13622066414270984,0.007540181035703425,0.012897621331667088,0.17858483018035295,0.21459523328655847,0.2453094697035462,0.3067279181113829,1.094457039785098,0.0,0.0,0.10229117346082804,0.11241670158308854,0.10326412209086737,0.0,0.10055316198251357,-0.0044634489532479355,2.7203863751906456,4.381291306558211,4.0,0.00012213611753996573,-7.831930917818336e-06,183,0.0005946217054968522,0.0003486787050389221,0.0006689158444207459,0.06377773803248557,41.57595007892651,1.0217718931980666,0.6330501731822059,17.343840361156328,2.739254264704794,83.26000804573842,39.88795799208875,0.0,0.7295554494501635,19.98782053288119,3.2936196610780826,100.11002009355875,67.25088917724064,0.014150144043382478,0.7847095174051638,21.49889088781271,3.282501241919697,99.77207422248318,83.30986031572428,8.47314014573801e-05
wave_mu100_05,wave_mu100,,capped,5,3651.1740000000004,2.4,1.0,0.1,0.02,1.0,False,"{""mu"": 1.0, ""soft"": false, ""type"": ""patch""}",1.0,False,0.0,,-5.45,-1.4,0.02,-5.43107580018944,-1.4061889262212501,1.0275399671935836,38232,37682,4248,85,wave,0.0245,2125,True,False,,39.659999999999854,81.63265306122449,39.659999999999854,1.0001555417220247,0.025218243613767736,1.029316065868071,0.007087616681046054,0.6616775332407764,0.04409077999172481,0.0518158403685477,0.25357799023843974,0.1362781852180717,-0.005071643210386096,0.01612208759777792,0.25357799023843974,0.25357799023843974,0.19942187794510643,0.2598089057575374,1.1838894974275733,0.0,0.0,0.09964151461783508,0.13742077486447407,0.10148958045511364,0.0,0.09833613003409408,-0.006077641182223107,2.930443548387097,5.203125,5.0,4.991872895749455e-05,-3.854861606988197e-06,232,0.0006465522950660083,0.0003408444324865957,0.0015207664745721914,0.07906162548615933,32.04337112672367,0.7877327851444346,1.3716198041071919,37.57862477006005,3.288079440495811,99.94162433117967,13.007975992644655,0.0005040322580645161,0.8686726998295873,23.79925205012568,3.291093504182566,100.03323720919654,99.99396360392568,0.13012432795698925,1.4141995484264847,38.74519310757492,3.297797205179259,100.2369971179106,89.07894530143174,0.0023521505376344087
wave_mu060_05,wave_mu060,,capped,5,3703.081,2.4,1.0,0.1,0.02,1.0,False,"{""mu"": 0.6, ""soft"": false, ""type"": ""patch""}",0.6,False,0.0,,-5.45,-1.4,0.02,-5.44067105094063,-1.4093909443929342,-2.9294171904731385,38160,37742,4240,85,wave,0.0245,2121,True,False,,39.57999999999993,81.63265306122449,39.57999999999993,1.0002529816247285,0.025271677150700615,1.0314970265592087,0.006321394224992304,0.5046128699672846,0.04559318578311131,0.051108772515491126,0.23444914480130757,0.1362825091662664,-0.005524148009750255,0.01604768914856164,0.23444914480130757,0.23444914480130757,0.15868692223636197,0.19485512618239761,0.9116456208207637,0.0,0.0,0.09964114894833791,0.13772274896724754,0.10147603938612174,0.0,0.09833658694479167,-0.006349453963852419,2.85,5.206060606060606,5.0,6.62259473986973e-05,-3.914304603586105e-06,226,0.0007093767275185042,0.00038366790989469195,0.002106367582791815,0.08668528633385683,28.293573096116656,0.6954860775963404,1.3791081290685183,37.7837843580416,2.310934959314287,70.24118417368653,12.270365548177995,0.0,0.868846574504792,23.804015739857313,3.29055306733195,100.01681055720212,98.22327098180439,0.05193602693602693,1.4030889586134498,38.44079338666986,3.29730676156464,100.22209001716232,84.50418407369041,0.0005892255892255892
wave_mu030_05,wave_mu030,,capped,5,3755.172,2.4,1.0,0.1,0.02,1.0,False,"{""mu"": 0.3, ""soft"": false, ""type"": ""patch""}",0.3,False,0.0,,-5.45,-1.4,0.02,-5.434295364934675,-1.3817433394563348,-1.9786314994920535,38142,38844,4239,85,wave,0.0245,2120,True,False,,39.57999999999993,81.63265306122449,39.57999999999993,1.0001884858076655,0.02527004764546911,1.0314305161415962,0.004385649411254924,0.29453474230426835,0.04635018808956547,0.050341295337923635,0.243109740452256,0.13629401508307337,-0.005960978754265815,0.016369440502243586,0.243109740452256,0.243109740452256,0.20153027767289386,0.2044583929408764,0.8096237715124261,0.0,0.0,0.09963881306014691,0.13745710801618735,0.10152010148266036,0.0,0.09833658694528058,-0.005832320585906857,2.8691919191919193,5.202020202020202,5.0,6.865283218630142e-05,-3.777771714674749e-06,216,0.0007020520014083716,0.0003911959051491846,0.001787517906676494,0.08448157963446151,24.743606041934825,0.6082696368358,1.374140808144965,37.64769337383466,1.9223980859292822,58.43155276380797,10.725048113870384,0.0,0.8683041909234409,23.789155915710708,3.2909645945941532,100.02931898462471,88.75708380794669,0.0041245791245791245,1.413356975427203,38.722108915813784,3.297987595907643,100.24278407014113,73.36255566376532,8.417508417508418e-05
wave_mu015_05,wave_mu015,,capped,5,3806.876,2.4,1.0,0.1,0.02,1.0,False,"{""mu"": 0.15, ""soft"": false, ""type"": ""patch""}",0.15,False,0.0,,-5.45,-1.4,0.02,-5.463855791555046,-1.402693303222264,0.5854174088984497,38128,39114,4237,85,wave,0.0245,2119,True,False,,39.57999999999993,81.63265306122449,39.57999999999993,1.0003419521869976,0.025273925017357236,1.0315887762186626,0.003527061849014014,0.21950942596157705,0.04627272122332822,0.05248801325761219,0.23268215350468222,0.13629463181966778,-0.006336735964745266,0.017108096548028816,0.23008673076558658,0.23268215350468222,0.1597414259712314,0.19774280448596487,0.9003388346784142,0.0,0.0,0.09964144746436698,0.13751868085362223,0.10147757222282294,0.0,0.09833658694578885,-0.006077913121718567,2.855050505050505,5.204040404040404,5.0,6.952804387429928e-05,-3.2675464466669357e-06,219,0.0007038882453264708,0.00037551758054593415,0.0018384713930960854,0.08220972716865131,23.16064815706687,0.5692705255812374,1.3785947697293064,37.769719718611135,1.695092158470676,51.52255800822723,10.070362762911229,0.0,0.8714566279539496,23.875524053532867,3.290082941163541,100.00252100801036,85.90038884315902,0.0005892255892255892,1.4102288323971688,38.63640636704572,3.2955847769039526,100.1697500578709,69.074518342464,8.417508417508418e-05
wave_soft_05,wave_soft,,capped,5,3858.635,2.4,1.0,0.1,0.02,1.0,False,"{""mu"": 0.8, ""soft"": true, ""type"": ""patch""}",0.8,True,0.0,,-5.45,-1.4,0.02,-5.430440694905701,-1.3814601553057624,2.9271170396758177,38196,38867,4244,85,wave,0.0245,2123,True,False,,39.63999999999987,81.63265306122449,39.63999999999987,1.0002628628298087,0.02523367464252805,1.029945903776655,0.004725956442464062,0.4190665512005833,0.04347123332548578,0.05116860839517378,0.25114664456142216,0.13627650936344943,-0.006641169799750279,0.014325953193009446,0.25114664456142216,0.25114664456142216,0.16573081341017784,0.26035383582722293,0.8442121134484676,0.0,0.0,0.09962749998847016,0.1372566877730818,0.1015210641096402,0.0,0.09833613003438052,-0.006347432691634685,2.9067070095814422,5.202723146747353,5.0,5.168424560413748e-05,-3.409205955710176e-06,241,0.0006287415661095987,0.00034260639142885593,0.0018048278363594948,0.0825455206193599,30.41135275032817,0.7475425505767751,1.3795161813538614,37.794963872708536,3.28825917775095,99.94708746963373,12.913472044574196,0.0005042864346949068,0.8699051455302103,23.833017685759188,3.2912463241546086,100.03788219314919,99.99500329820684,0.10749705832913095,1.4024555468679534,38.4234396402179,3.2979778905641224,100.24248907489734,89.11077275740186,0.0002521432173474534
tripod_mu100_06,tripod_mu100,,common,6,3914.6960000000004,0.95,1.0,0.1,0.02,1.0,False,"{""mu"": 1.0, ""soft"": false, ""type"": ""patch""}",1.0,False,0.0,,-5.45,-1.4,0.02,-5.460177223390503,-1.3960446719283284,-0.3847851377176108,41400,45918,4600,93,tripod,0.025,2301,True,False,,44.600000000000364,80.0,44.600000000000364,1.000409280334731,0.022430701352796477,0.897228054111859,0.0018680640691063864,0.07751744435361976,0.0018857300217835714,0.0005805097765942107,0.006680616417815229,0.13517025388419907,-2.3516692964605348e-05,1.2268272924245805e-05,0.0023527787086728164,0.006680616417815229,0.16026425599477634,0.05630602091312379,0.5257149100266878,0.0,0.0,0.0994153669596991,0.12828119626639292,0.1001416755485926,0.0,0.097627897106198,0.09848918411304855,3.1416405199462125,3.8139847601972208,3.0,0.0002751859322953007,-1.1886650356326967e-05,285,0.00035904288673251566,0.0005758087200122474,0.0009598368568588011,0.16403806154928913,54.49046289700888,1.3392485958808287,0.37647320419384467,10.314334361475195,3.2935992370379754,100.10939930206612,45.25333348695169,0.00022411474675033618,0.6669279887760624,18.27199969249486,3.28254069516726,99.77327340933921,72.17965200341051,0.004034065441506051,0.5791948876202911,15.868353085487428,2.645711156610238,80.41675248055434,70.41816218672122,0.0
tripod_mu060_06,tripod_mu060,,common,6,3970.396,0.95,1.0,0.1,0.02,1.0,False,"{""mu"": 0.6, ""soft"": false, ""type"": ""patch""}",0.6,False,0.0,,-5.45,-1.4,0.02,-5.460743908170485,-1.4173849051713312,-1.9876297574636588,41436,46101,4603,93,tripod,0.025,2302,True,False,,44.59999999999991,80.0,44.59999999999991,1.0001530592123138,0.022424956484581073,0.8969982593832428,0.00289137909658007,0.173875041218759,0.0019596142048254896,0.0005535512770149165,0.006305784709446933,0.13516886969478356,-6.158334551472544e-05,3.258056768260312e-06,0.0018188922643997483,0.006305784709446933,0.1717052644007241,0.03768519438935173,0.5124217083182944,0.0,0.0,0.09941613246525058,0.12786956771196978,0.10013885728708616,0.0,0.09760883236004338,0.09849262160558224,3.137606454504706,3.7924697445091886,3.0,0.00027419780655477816,-9.579991846975222e-06,285,0.00035335595283464915,0.0005692002546252233,0.0009737341251941374,0.1621965690066841,48.53688755308068,1.1932262874031283,0.379954963983093,10.409725040632685,3.2936282619951744,100.11028151961015,38.761907521102,0.0007470491558344539,0.6688476403233733,18.32459288557187,3.282531142103695,99.7729830426655,64.67635968218455,0.004855819512923951,0.5757704262527886,15.7745322261038,2.3551593437310845,71.58539038696306,60.13005169024936,0.0
tripod_mu030_06,tripod_mu030,,common,6,4030.369,0.95,1.0,0.1,0.02,1.0,False,"{""mu"": 0.3, ""soft"": false, ""type"": ""patch""}",0.3,False,0.0,,-5.45,-1.4,0.02,-5.455661930848552,-1.4164791307809936,-2.0955660517802683,41382,46749,4599,92,tripod,0.025,2300,True,False,,44.59999999999991,80.0,44.59999999999991,1.0002343026698028,0.022426778086766925,0.897071123470677,0.0027417678257335015,0.15074510986447107,0.0018276282506944819,0.0005739900252218289,0.006275064637384623,0.1351727313463857,5.4118908629061984e-05,1.594490507997467e-05,0.0021291242820600316,0.006275064637384623,0.13750778498572366,0.06775561365723431,0.4618079083323091,0.0,0.0,0.09941526858440758,0.12866414115062927,0.10014160902223837,0.0,0.09762789709993602,0.09849191019433755,3.136709995517705,3.8198117436127297,3.0,0.00027329949600436027,-1.0715322305947239e-05,285,0.0003604143454899074,0.0005715078003133017,0.0009541809096023432,0.1628409571013972,44.01987083425075,1.0820929294254644,0.377398542521442,10.339686096477863,2.0294541548027967,61.6855366201458,33.504005139883155,0.0,0.6677614158293771,18.294833310393894,3.2825310874720484,99.77298138212913,59.296789774971195,0.0045569998505901686,0.5786226388076178,15.852675035825145,2.332404483131327,70.89375328666647,52.493700539494874,0.0
tripod_mu015_06,tripod_mu015,,common,6,4086.1780000000003,0.95,1.0,0.1,0.02,1.0,False,"{""mu"": 0.15, ""soft"": false, ""type"": ""patch""}",0.15,False,0.0,,-5.45,-1.4,0.02,-5.4682139405932055,-1.395083749052313,-0.04370112080338728,41382,45345,4598,92,tripod,0.025,2300,True,False,,44.58000000000038,80.0,44.58000000000038,1.0003273496565603,0.022438926641017314,0.8975570656406925,0.0018574523266377241,0.07568382467016259,0.0019180923345173578,0.0005397268094864407,0.0064961448522373065,0.13516727968965256,-9.87031794640623e-05,-2.794528916342611e-05,0.0017944323487050313,0.0064961448522373065,0.1600887103352005,0.05579478774388454,0.4501250334986693,0.0,0.0,0.09941893340583127,0.12913675707931424,0.10017600080081998,0.0,0.09762789709671607,0.09849295088364043,3.147085201793722,3.83542600896861,3.0,0.0002752802769960608,-1.4324320426743753e-05,285,0.0003603769702300763,0.0005827194659733739,0.0009735967754555165,0.1660204147746849,41.40236371656735,1.0176569809706413,0.3785047727022863,10.369993772665378,3.286860902102226,99.90458669003728,30.370512215122123,0.00029895366218236175,0.6647617537630127,18.212650788027744,3.2825285175184233,99.77290326803718,56.75860313178068,0.0038863976083707025,0.5789366730096992,15.8612787125945,2.3176569623167005,70.4455003743678,48.892009214654266,0.0
tripod_soft_06,tripod_soft,,common,6,4141.792,0.95,1.0,0.1,0.02,1.0,False,"{""mu"": 0.8, ""soft"": true, ""type"": ""patch""}",0.8,True,0.0,,-5.45,-1.4,0.02,-5.460257879876004,-1.398946050419108,-0.4533193340641318,41382,46031,4599,92,tripod,0.025,2300,True,False,,44.57999999999993,80.0,44.57999999999993,1.0000947549483583,0.022433709173359354,0.8973483669343741,0.0024340779354299113,0.0791258665663642,0.0018378012111264657,0.0005742597991382284,0.0061965963968897576,0.13516695684763885,6.337893161801409e-05,2.289572400385044e-05,0.0020285000290083846,0.0061965963968897576,0.143345809628589,0.06551592138682462,0.5533712247177398,0.0,0.0,0.09941703719379513,0.1287440400998589,0.10014132836548689,0.0,0.09761822638387115,0.09849257096408283,3.1484304932735427,3.8210762331838564,3.0,0.00027248075641669173,-1.3767723330969373e-05,282,0.0003626006494271302,0.0005835323669621855,0.0009598728011752982,0.16454004911825637,51.358136795856495,1.2626587575697221,0.3775134070175698,10.342833068974516,2.133387034141733,64.84459070339614,41.79520161821825,0.0,0.668349442827565,18.310943639111372,3.2825371630786617,99.77316605102315,68.635941500388,0.00515695067264574,0.5763065301607767,15.789220004404843,2.755939354538041,83.7671536333751,65.43768519546765,0.0
ripple_mu100_06,ripple_mu100,,common,6,4197.591,1.3,1.0,0.1,0.02,1.0,False,"{""mu"": 1.0, ""soft"": false, ""type"": ""patch""}",1.0,False,0.0,,-5.45,-1.4,0.02,-5.443633871051797,-1.3826933112100817,-0.880247361158502,36882,35759,4099,82,ripple,0.025,2050,True,False,,39.280000000000655,80.0,39.280000000000655,1.0002818142438183,0.025465422969546885,1.0186169187818754,0.0017125275228338874,0.10394402050416512,0.06399900299434423,0.055456597613438637,0.2156537654336652,0.13622284341123173,0.0031206355507622536,0.01468181104175036,0.18295918958592372,0.2156537654336652,0.22894498434214733,0.4717630512773178,1.459387054377694,0.0,0.0,0.1024699572400292,0.11242432155957983,0.10321277826680178,0.0,0.10049299374264173,-0.00422462292476248,2.689058524173028,4.377608142493639,4.0,0.00013137379928254006,-5.839166270203006e-06,183,0.0005916349201615378,0.0003416092508209575,0.0006812254866953393,0.062496788797100855,44.30816536285046,1.0891305238554845,0.6325531519578709,17.330223341311534,2.864740401069469,87.07417632429997,43.43252074401116,0.0,0.7275309510447974,19.932354823145136,3.294243530776773,100.12898269838216,70.69430385963,0.011704834605597965,0.7849442757715916,21.505322623879227,3.296828017887519,100.20753853761457,90.25946039317232,0.0011874469889737065
ripple_mu030_06,ripple_mu030,,common,6,4254.042,1.3,1.0,0.1,0.02,1.0,False,"{""mu"": 0.3, ""soft"": false, ""type"": ""patch""}",0.3,False,0.0,,-5.45,-1.4,0.02,-5.445292300780715,-1.413650102495984,-1.4576936345938771,36846,36223,4094,82,ripple,0.025,2048,True,False,,39.220000000000255,80.0,39.220000000000255,1.0002107041813637,0.025502567674180448,1.020102706967218,0.002742117162950076,0.11887985904615189,0.05911802528656145,0.052094976419324306,0.2182274744257664,0.136222112680361,0.002336805197902602,0.020429317263193893,0.18482779925713702,0.2182274744257664,0.17785483073578146,0.29553337287790044,0.9368698911834655,0.0,0.0,0.10247348194797548,0.11178008125358792,0.10302025738619978,0.0,0.10049299375727574,-0.00388230363651103,2.7074413863404687,4.355759429153925,4.0,0.0001265774137185552,-4.787089757773283e-06,182,0.0006294922255394625,0.0003359185100026638,0.000646320624886109,0.06112405997209295,33.35137871657858,0.819860255020943,0.634911627570564,17.394839111522302,1.4827813752568835,45.069342712975185,31.14575565273918,0.0,0.732879075021597,20.078878767714986,3.293902285041914,100.11861048759619,57.535252548372355,0.00025484199796126404,0.7846757843534427,21.497966694614867,3.2828231252538997,99.78185791045287,63.36813084021714,0.00025484199796126404
ripple_mu015_06,ripple_mu015,,common,6,4303.977,1.3,1.0,0.1,0.02,1.0,False,"{""mu"": 0.15, ""soft"": false, ""type"": ""patch""}",0.15,False,0.0,,-5.45,-1.4,0.02,-5.463633945575459,-1.4128346386212123,-1.15920685998948,36810,36507,4090,82,ripple,0.025,2046,True,False,,39.19999999999982,80.0,39.19999999999982,1.000123244996432,0.02551334808664379,1.0205339234657516,0.002084632235632263,0.10465733771029609,0.05933554960276502,0.05224307538782346,0.22166184863350305,0.13621491442274514,0.0023209845672338904,0.02045606871112245,0.18636752530988493,0.22166184863350305,0.17076069677516584,0.30144239435078507,0.866607682668163,0.0,0.0,0.1024703971483219,0.1122781132300088,0.10320803939917984,0.0,0.10049299377178096,-0.004107821733508385,2.717491075981642,4.363080061193268,4.0,0.00012934163643759516,-5.266949773083396e-06,183,0.0006300439688664976,0.00035170132334535114,0.0006431486493756361,0.06435327114117657,31.75076137291125,0.780582572153904,0.6332252867154572,17.348637992204306,1.5292677855378394,46.48230351178843,29.348696134832494,0.0,0.7264925845499365,19.903906426025657,3.2935398497547754,100.10759421747038,55.52725371586408,0.00025497195308516065,0.7869729066074074,21.560901550887873,3.2831199605227104,99.79088025904893,58.888972381750946,0.0005099439061703213
wave_mu060_06,wave_mu060,,capped,6,4366.66,2.4,1.0,0.1,0.02,1.0,False,"{""mu"": 0.6, ""soft"": false, ""type"": ""patch""}",0.6,False,0.0,,-5.45,-1.4,0.02,-5.467648750119588,-1.4084308575941087,-1.060523471014152,38196,44160,4244,85,wave,0.0245,2123,True,False,,39.63999999999942,81.63265306122449,39.63999999999942,1.0004316235025568,0.025237931975342368,1.0301196724629538,0.00828751992811641,0.7220329962693884,0.04313609795993814,0.049961133598389273,0.2670018439433745,0.13628152877578534,-0.005601953915636196,0.01650505557173158,0.2670018439433745,0.2670018439433745,0.21011626891285687,0.1922340226452575,1.0206629836259644,0.0,0.0,0.09973262814086446,0.13773925994705746,0.1016145795443019,0.0,0.09835992198218176,-0.005870591016469963,2.8673726676752396,5.204236006051437,5.0,4.750887254720976e-05,-4.631673360573629e-06,231,0.000647250332421184,0.00034667249270558213,0.0019243457967520925,0.0800440493229655,29.702757705622226,0.7299844884045964,1.3748519555303753,37.667176863845896,2.0303040727517905,61.71136999245564,12.552572421117064,0.0,0.8709936186089253,23.862838865997954,3.2915083556840674,100.04584667732728,99.61466856398293,0.09682299546142209,1.4184212655888424,38.860856591475134,3.291216743652976,100.03698308975612,88.65976222437112,0.00033619095646327115
wave_mu030_06,wave_mu030,,capped,6,4417.617,2.4,1.0,0.1,0.02,1.0,False,"{""mu"": 0.3, ""soft"": false, ""type"": ""patch""}",0.3,False,0.0,,-5.45,-1.4,0.02,-5.46273921925282,-1.3904737686647102,-1.9185158243477334,38142,42794,4238,85,wave,0.0245,2120,True,False,,39.57999999999993,81.63265306122449,39.57999999999993,1.0003381629076364,0.025273829280132346,1.0315848685768303,0.0073178757624457885,0.6043562953692982,0.043862789032722865,0.04937598776805225,0.21985601638435806,0.13628180009821267,-0.00584154043491462,0.016472432245353243,0.21985601638435806,0.21985601638435806,0.18091556923852423,0.19734651717114832,0.8099959671592039,0.0,0.0,0.09973312748617444,0.13745807640091573,0.10161398605322786,0.0,0.09835992198545664,-0.006144925687093933,2.8833333333333333,5.202020202020202,5.0,4.500393215208648e-05,-4.66123667109547e-06,226,0.0007034601915121885,0.0003963328915762434,0.0019955280633349587,0.08953855826618948,28.342758844892074,0.6966310619398075,1.3732183849794553,37.62242150628644,2.192449898387583,66.639814540656,12.44444070821308,0.0,0.8711733629594123,23.86776336875102,3.2915274870998124,100.04642817932559,98.3947035010722,0.0531986531986532,1.4053732754258057,38.503377408926184,3.2974383070394953,100.22608835986308,87.17242326548245,0.0006734006734006734
wave_mu015_06,wave_mu015,,capped,6,4470.76,2.4,1.0,0.1,0.02,1.0,False,"{""mu"": 0.15, ""soft"": false, ""type"": ""patch""}",0.15,False,0.0,,-5.45,-1.4,0.02,-5.4579807462763315,-1.4177409375148926,1.5335138230073238,38160,42754,4240,85,wave,0.0245,2121,True,False,,39.61999999999989,81.63265306122449,39.61999999999989,1.0004429637324366,0.025250958196174643,1.0306513549459038,0.0056006419838097905,0.4574684752972608,0.04451077675917704,0.049856402536866046,0.2544206253802103,0.13629663091829824,-0.005441356024232252,0.01679218350223653,0.2544206253802103,0.2544206253802103,0.14302394607986943,0.23711094827705823,0.8434607194358698,0.0,0.0,0.0997323717021762,0.13716696324352087,0.10161415836974694,0.0,0.09835992198870881,-0.00612756681815921,2.8279515640766903,5.197780020181635,5.0,4.648039939012666e-05,-3.945598314479548e-06,226,0.0006207586542065837,0.00030312508260204034,0.001956631554136992,0.06847486333888513,26.886108411687168,0.6607664405772852,1.3773541847652497,37.7357310894589,2.5648783817575174,77.95982923275129,11.932164830443345,0.0,0.8706905696207593,23.854536153993408,3.2915081423757027,100.04584019379035,94.60468232202906,0.0051294988227379755,1.4053761983857538,38.50345749002065,3.2973186443580547,100.22245119629345,81.44595373333739,0.00016818028927009755
wave_soft_06,wave_soft,,capped,6,4521.935,2.4,1.0,0.1,0.02,1.0,False,"{""mu"": 0.8, ""soft"": true, ""type"": ""patch""}",0.8,True,0.0,,-5.45,-1.4,0.02,-5.455445479335102,-1.3937628642894357,-1.696583386819459,38214,42983,4246,85,wave,0.0245,2124,True,False,,39.659999999999854,81.63265306122449,39.659999999999854,1.0001584458898194,0.02521831684038888,1.0293190547097502,0.007348446186978825,0.6797592639946834,0.04379735414657629,0.05107489639608263,0.2534062614229546,0.1362709844280117,-0.0052601279525781265,0.01723952162449432,0.2534062614229546,0.2534062614229546,0.24697433048752476,0.2922711511007655,1.0919759278280223,0.0,0.0,0.09973211701779816,0.13801905016215257,0.10161295381276814,0.0,0.09835992199198375,-0.006128723960460455,2.9183467741935485,5.208165322580645,5.0,4.6677474962321386e-05,-4.960872839913227e-06,245,0.0006015693098632459,0.00030687000524444165,0.0012619502396581516,0.07516921182515075,30.232953291263613,0.743223128278661,1.3847143682747574,37.93737995273308,1.2216433498326582,37.13201671223885,12.886827225590109,0.0,0.8706891092347602,23.854496143418086,3.2915074116838263,100.04581798431083,99.99629748355726,0.10710685483870967,1.4086123894429188,38.5921202587101,3.284322333191785,99.82742654078373,89.02576880552694,0.0006720430107526882
tripod_mu100_07,tripod_mu100,,common,7,4577.661,0.95,1.0,0.1,0.02,1.0,False,"{""mu"": 1.0, ""soft"": false, ""type"": ""patch""}",1.0,False,0.0,,-5.45,-1.4,0.02,-5.469127992211445,-1.4071032736596119,1.674383116782081,41400,54320,4600,93,tripod,0.025,2301,True,False,,44.57999999999993,80.0,44.57999999999993,1.0000305605605364,0.022432269191577793,0.8972907676631117,0.0007937692146832605,-0.038396174902576546,0.0020669878411044514,0.0007921130682015215,0.007188324563499371,0.1351828544051602,3.984092731771333e-05,4.9359208274002435e-05,0.005010733649676229,0.007188324563499371,0.17259892274993452,0.13593581010096778,0.7020335663992563,0.0,0.0,0.09940420564807083,0.12841294230999076,0.10012672209056384,0.0,0.09762074149170047,0.09849549523413308,3.15067264573991,3.8161434977578477,3.0,0.00026323419427714406,-1.0832049300031621e-05,285,0.0003567326195456472,0.0005792417460607471,0.0009642010415210927,0.16507880072266343,52.197058445303405,1.283369730006676,0.37594225245530966,10.299787738501633,2.169474841358335,65.94148453976703,43.75356311333484,0.0,0.6669209839128363,18.27180777843387,3.2825711567628146,99.77419929370257,70.35154253195849,0.0035127055306427503,0.5754976762086768,15.767059622155529,3.2064758997882508,97.46127354979485,67.95459131494067,0.0
tripod_mu060_07,tripod_mu060,,common,7,4632.617,0.95,1.0,0.1,0.02,1.0,False,"{""mu"": 0.6, ""soft"": false, ""type"": ""patch""}",0.6,False,0.0,,-5.45,-1.4,0.02,-5.4365021687814,-1.4060464097413534,2.08164467124952,41382,54516,4598,92,tripod,0.025,2300,True,False,,44.57999999999993,80.0,44.57999999999993,1.0001066271640324,0.02243397548595859,0.8973590194383436,0.00107548931871735,-0.08124179464831263,0.0021968480302299123,0.0007513340122138533,0.006979324228621439,0.1351836870174776,0.00013629609179942567,4.689233042902248e-05,0.004979033450916602,0.006979324228621439,0.16690179476908798,0.10331988366266763,0.5576143365839461,0.0,0.0,0.09940271272236148,0.1282512238449301,0.10012727369784427,0.0,0.09762074148850927,0.0984941824850458,3.151121076233184,3.810762331838565,3.0,0.00026331956694331665,-1.0819499289934503e-05,284,0.0003638245422710546,0.0005779055588756478,0.0009705925199992928,0.1641075854946354,49.03253316713614,1.2054714967180047,0.37612233643691884,10.304721546216953,2.0452959520705543,62.16705021491046,40.380119329276255,0.0,0.6642713360056726,18.199214685086922,3.290642746970558,100.01953638208383,66.59764187538687,0.003288490284005979,0.5805473211053063,15.905406057679626,3.208106828591879,97.51084585385651,62.84745293482761,0.0
tripod_mu015_07,tripod_mu015,,common,7,4693.84,0.95,1.0,0.1,0.02,1.0,False,"{""mu"": 0.15, ""soft"": false, ""type"": ""patch""}",0.15,False,0.0,,-5.45,-1.4,0.02,-5.452436892451977,-1.4111343271348915,2.361399730795678,41364,59341,4596,92,tripod,0.025,2299,True,False,,44.55999999999949,80.0,44.55999999999949,1.0000310749526655,0.022442349078830272,0.8976939631532108,0.0002370467201635723,-0.09027242645604963,0.002111225481723423,0.0007732706312357253,0.006960666641480521,0.1351849234332303,9.699478224203342e-05,1.1549740647098142e-05,0.005064545782757718,0.006960666641480521,0.16000669340505322,0.10683302237612309,0.5250056009108344,0.0,0.0,0.09940410620147079,0.1279673775721651,0.10012602479619542,0.0,0.09762074148545086,0.09849614215571166,3.155226558995065,3.8030506953790937,3.0,0.0002623808542447578,-1.1089163757395382e-05,282,0.00035789146170054053,0.0005813345033582571,0.0009674003498478873,0.16393123118618017,43.26058226195548,1.0636482361837976,0.37670265263150027,10.320620620041105,1.3775198371633048,41.86990386514604,33.55200031848136,0.0,0.6650498183377389,18.220542968157233,3.2816859545760666,99.74729345216008,59.43931988322536,0.0017197547480185434,0.5753965454792286,15.76428891723914,2.857224955419267,86.84574332581357,52.78809927264402,0.0
tripod_soft_07,tripod_soft,,common,7,4748.5560000000005,0.95,1.0,0.1,0.02,1.0,False,"{""mu"": 0.8, ""soft"": true, ""type"": ""patch""}",0.8,True,0.0,,-5.45,-1.4,0.02,-5.457913013379848,-1.3821883229185699,-2.3454589264775025,41382,61148,4598,92,tripod,0.025,2300,True,False,,44.57999999999993,80.0,44.57999999999993,1.0001757450453836,0.0224355259094972,0.897421036379888,0.003396658346659205,0.17066820648897926,0.0021228671738022526,0.0007824324225396253,0.006846644793359159,0.1351833318904161,0.0001496668473869837,3.380127024850158e-05,0.005262973780873566,0.006846644793359159,0.1526793388098364,0.11402841853566839,0.5432802170028379,0.0,0.0,0.09940442478238826,0.12809186188924618,0.10012638531499472,0.0,0.09762074148225132,0.0985653094964681,3.1479820627802693,3.8067264573991033,3.0,0.00025926221512922315,-1.1154533190085164e-05,282,0.0003430681274963577,0.0005815152404436183,0.0009706891319755514,0.16395753743650346,47.869672453650786,1.1767949729315388,0.3763090154206314,10.309836038921407,1.4754058493824196,44.84516259521032,38.60566699350723,0.0,0.6628930090092761,18.161452301624,3.282556651267088,99.77375839717592,64.41530980366393,0.0038863976083707025,0.575847230890945,15.776636462765618,3.146445551103333,95.63664289067883,59.76319295860151,0.0
ripple_mu100_07,ripple_mu100,,common,7,4803.069,1.3,1.0,0.1,0.02,1.0,False,"{""mu"": 1.0, ""soft"": false, ""type"": ""patch""}",1.0,False,0.0,,-5.45,-1.4,0.02,-5.4528067597548135,-1.4022622026781384,1.256608758133909,36900,41870,4101,83,ripple,0.025,2051,True,False,,39.31999999999971,80.0,39.31999999999971,1.0004469257827717,0.02544371632204423,1.0177486528817692,-0.000373539146073968,-0.0830245068911647,0.06951048465393363,0.05904113996638164,0.21213704225618024,0.13621230787240043,-0.0028489500659148277,0.008534011931455306,0.17914453244852951,0.21213704225618024,0.2598083385585367,0.22125372050715383,1.0258124561424464,0.0,0.0,0.10239905250130141,0.11220850883153087,0.10329636763543984,0.0,0.10041847555177535,-0.004431873847131519,2.7015760040671073,4.381799694966955,4.0,0.00013580258150839436,-7.971307753901202e-06,184,0.0005908021643242392,0.00034213970140838925,0.0006740933712796702,0.06292557760802618,40.16093124516709,0.9870266109631297,0.6341362598701377,17.37359616082569,1.975414663410505,60.042998887857294,38.041421118141685,0.0,0.7298378570848255,19.995557728351386,3.292726714983045,100.08287887486458,64.90515640212922,0.010845619386544653,0.7793565435701748,21.35223407041575,3.2957802394655165,100.17569116916464,77.15044919844219,0.005592272496187087
ripple_mu030_07,ripple_mu030,,common,7,4858.71,1.3,1.0,0.1,0.02,1.0,False,"{""mu"": 0.3, ""soft"": false, ""type"": ""patch""}",0.3,False,0.0,,-5.45,-1.4,0.02,-5.457558741653378,-1.3910006272853805,-2.36453164853085,36846,45869,4095,82,ripple,0.025,2048,True,False,,39.25999999999931,80.0,39.25999999999931,1.000260317536685,0.025477848128800374,1.019113925152015,0.0016811556072685585,0.03561669438876448,0.05986138049598144,0.052817069938561764,0.2182517386989691,0.13621598231356158,0.0013245398989412936,0.020141471212144112,0.18663161841628537,0.2182517386989691,0.18057989052047174,0.1998972496603487,0.7543167614316021,0.0,0.0,0.10239933195636867,0.11195874619188052,0.10329809164579594,0.0,0.10041847556626247,-0.004296218857162035,2.7113034623217924,4.361507128309572,4.0,0.00013316581897997865,-5.801046057799658e-06,182,0.0006146114380982892,0.0003271084736022048,0.0006461811210474888,0.059518164487958894,35.16281432083264,0.8643490233899753,0.6353988526520921,17.408187743892935,2.833197628677306,86.11542944307921,32.06024029154311,0.0,0.7257376675977583,19.883223769801596,3.2947356879830547,100.14394188398342,58.92242301786863,0.0013577732518669382,0.7788592286764078,21.33860900483309,3.2067282758923157,97.46894455599744,67.29661719870495,0.0
ripple_mu015_07,ripple_mu015,,common,7,4908.294,1.3,1.0,0.1,0.02,1.0,False,"{""mu"": 0.15, ""soft"": false, ""type"": ""patch""}",0.15,False,0.0,,-5.45,-1.4,0.02,-5.451498573129793,-1.4105309218172675,-2.0070929991799096,36846,46429,4094,82,ripple,0.025,2048,True,False,,39.25999999999931,80.0,39.25999999999931,1.000445413870701,0.025482562757787028,1.019302510311481,0.001384383439595259,0.036227071441792824,0.058847076567575145,0.05201187378399473,0.21266365280214053,0.13621764452438026,0.000426205298533467,0.02019873235655505,0.1795844134339813,0.21266365280214053,0.1598024622586706,0.18954688989292218,0.686889584756679,0.0,0.0,0.10239779941072819,0.11209671699008476,0.10329804941431248,0.0,0.10041847558103663,-0.004123999661892298,2.7225050916496945,4.362525458248473,4.0,0.0001326163186465626,-6.046506129384066e-06,183,0.0006124502383816137,0.00034391512837107096,0.0006489489758326672,0.06290838796767582,34.33098340397899,0.8437457568479234,0.6356164195916817,17.41414848196388,1.7929060123197653,54.4956234747649,31.268482149217512,0.0,0.7257692662659857,19.884089486739335,3.2926567059872243,100.08075094186091,58.06326409915257,0.0016123557365919892,0.7793520489069461,21.352110928957426,3.283024305202959,99.78797280252155,64.71020242615532,0.00016972165648336727
ripple_soft_07,ripple_soft,,common,7,4957.759,1.3,1.0,0.1,0.02,1.0,False,"{""mu"": 0.8, ""soft"": true, ""type"": ""patch""}",0.8,True,0.0,,-5.45,-1.4,0.02,-5.465147379495658,-1.3874453629046428,1.1199421172383288,36882,45991,4098,82,ripple,0.025,2050,True,False,,39.29999999999927,80.0,39.29999999999927,1.0002907004266461,0.02545268957828663,1.0181075831314652,-0.000249349298943987,-0.04856631599994003,0.06181311063729099,0.05407792435107114,0.21715585689547395,0.13621588991764352,0.002765055392941529,0.017338160228323306,0.18588585599713667,0.21715585689547395,0.23733710416808088,0.18978709431372257,0.8372806036339263,0.0,0.0,0.102378924932435,0.11199814046669705,0.10329812484623507,0.0,0.1004184755954449,-0.004431366018245322,2.683112919633774,4.357578840284842,4.0,0.00013676376791010164,-6.129109139586808e-06,182,0.000594274898353028,0.00033906169833119814,0.0006620894803090614,0.06169129349366614,38.13659860002596,0.9374214406283679,0.6559031513178085,17.969949351172836,3.1980738889114972,97.20589327998472,35.84991843428058,0.0,0.7277783077399144,19.939131718901766,3.2926629868001807,100.08094184802981,62.40109220001724,0.012037978975924042,0.7725787710701585,21.166541673155027,3.2961795676676773,100.18782880448867,72.07586954845354,0.005340793489318413
wave_mu060_07,wave_mu060,,capped,7,5013.354,2.4,1.0,0.1,0.02,1.0,False,"{""mu"": 0.6, ""soft"": false, ""type"": ""patch""}",0.6,False,0.0,,-5.45,-1.4,0.02,-5.44584175401522,-1.383359389457908,2.516482117392454,38178,54527,4242,85,wave,0.0245,2122,True,False,,39.61999999999989,81.63265306122449,39.61999999999989,1.0000741560253334,0.025241649571563256,1.0302714110842146,0.004923625612856891,0.37177926615372264,0.04486718003638532,0.049443131099579,0.24187205946156728,0.13628611032606394,-0.007154095944482244,0.016025885077965544,0.24187205946156728,0.24187205946156728,0.15194788724213196,0.2974844295719433,1.144162254291074,0.0,0.0,0.09970178708566396,0.13756296643019775,0.10156544010053878,0.0,0.09834794944796961,-0.006189852608339305,2.863773965691221,5.205852674066599,5.0,5.074879660844217e-05,-3.9304395534137115e-06,222,0.0006864737487621009,0.00035510794947304095,0.0018508354239166753,0.07882716388292277,27.910284156188478,0.6861924920131879,1.4396921424189335,39.443620340244756,2.367336934130214,71.95552991277246,12.453132052405417,0.0,0.8758210924982746,23.995098424610262,3.2916121738577897,100.04900224491762,98.27709984653097,0.05146316851664985,1.4055041286327807,38.50696242829536,3.2979164855262577,100.24062266037257,86.32650598195582,0.0005045408678102926
wave_mu030_07,wave_mu030,,capped,7,5064.29,2.4,1.0,0.1,0.02,1.0,False,"{""mu"": 0.3, ""soft"": false, ""type"": ""patch""}",0.3,False,0.0,,-5.45,-1.4,0.02,-5.450713011886976,-1.3936345897212323,0.26800628361293244,38160,52835,4241,85,wave,0.0245,2121,True,False,,39.600000000000364,81.63265306122449,39.600000000000364,1.0002145386082286,0.025257942894146956,1.0309364446590594,0.005034016034033351,0.3820513114436675,0.04529701418347545,0.050740352964389564,0.26193410744951107,0.13629631931552047,-0.0066027883589186475,0.01734400462149206,0.26193410744951107,0.26193410744951107,0.185799728106354,0.26882479591606157,0.9260448665913277,0.0,0.0,0.09970799252953974,0.13801034132153103,0.10156562540191516,0.0,0.09834794945031923,-0.006203036796664132,2.8445229681978796,5.209994952044422,5.0,5.287370853856305e-05,-3.7461757056225786e-06,225,0.00069244759300416,0.0003721962971386179,0.0021770630770509844,0.08372514396186614,26.675636274723495,0.6557454642122633,1.3689070449867435,37.504302602376534,3.2620549747625276,99.15060713563912,11.911772872111078,8.413259296651523e-05,0.8782718713552742,24.062243050829434,3.291612902791754,100.04902440096515,93.96812602549232,0.004711425206124852,1.4687511654799517,40.23975795835484,3.29762533201743,100.23177300964832,80.67374944224503,0.0003365303718660609
wave_mu015_07,wave_mu015,,capped,7,5115.216,2.4,1.0,0.1,0.02,1.0,False,"{""mu"": 0.15, ""soft"": false, ""type"": ""patch""}",0.15,False,0.0,,-5.45,-1.4,0.02,-5.457588578331878,-1.4018594630065768,1.3270551852647217,38160,51854,4240,85,wave,0.0245,2121,True,False,,39.61999999999989,81.63265306122449,39.61999999999989,1.0004945932423568,0.025252261313537597,1.0307045434096977,0.005058945979478702,0.40400728608303405,0.04478400372573644,0.050051201842803414,0.24088340419116755,0.13629532639811692,-0.006163446597197336,0.017053972143676512,0.24088340419116755,0.24088340419116755,0.1741600997525613,0.24063736174688413,0.8158324422603374,0.0,0.0,0.09970776699665453,0.13758665816714216,0.10156606192692157,0.0,0.0983479494527952,-0.0059312396011566276,2.831483350151362,5.204843592330978,5.0,5.356014814961868e-05,-3.4883514143518868e-06,224,0.0006613145243972949,0.0003452776569078628,0.001842883087699051,0.07730297290971974,26.188845801365368,0.6435988095255218,1.3718162452125588,37.584006718152295,3.2297977844344814,98.17014542354046,11.504936567562055,8.409014463504877e-05,0.8788385417413493,24.077768266886284,3.2914019282940994,100.04261180225227,91.16505318838476,0.005045408678102927,1.4443072531035364,39.57006172886401,3.281934535087454,99.75484909080407,78.75718446783135,8.409014463504877e-05
wave_soft_07,wave_soft,,capped,7,5166.285000000001,2.4,1.0,0.1,0.02,1.0,False,"{""mu"": 0.8, ""soft"": true, ""type"": ""patch""}",0.8,True,0.0,,-5.45,-1.4,0.02,-5.447892713892752,-1.3947037453421356,-0.0775602133897384,38178,53589,4243,85,wave,0.0245,2122,True,False,,39.61999999999989,81.63265306122449,39.61999999999989,1.0003728656745847,0.025249188936763943,1.0305791402760793,0.004121199204489487,0.3009096901600598,0.04372096173131883,0.049097488690850004,0.26679419484735245,0.13628040340241648,-0.005747737891429825,0.01602334028421991,0.26679419484735245,0.26679419484735245,0.1790668448428113,0.23201983981152763,1.0196224118644703,0.0,0.0,0.09970761243079215,0.1377143174558856,0.10156684433520988,0.0,0.09834794945501482,-0.006189494133176766,2.8940464177598386,5.20686175580222,5.0,4.772520357419069e-05,-3.6202742861313197e-06,239,0.0006444558552706585,0.0003368545204730916,0.0018493104942510995,0.0804775399118389,28.738413011500597,0.7063441696211381,1.4391172738860976,39.42787051742733,2.1072134955439923,64.04904241775053,12.916435441270176,0.0,0.8701968747784747,23.841010267903417,3.2916250887106244,100.049394793636,98.9556613670497,0.07652203161789438,1.445483986008204,39.60230098652614,3.297969469652326,100.2422331201315,87.67617896938059,0.0005886310124453414
tripod_mu100_08,tripod_mu100,,common,8,5223.3640000000005,0.95,1.0,0.1,0.02,1.0,False,"{""mu"": 1.0, ""soft"": false, ""type"": ""patch""}",1.0,False,0.0,,-5.45,-1.4,0.02,-5.431880894282233,-1.3889415419865732,-2.215289797691894,41400,71811,4601,93,tripod,0.025,2301,True,False,,44.61999999999989,80.0,44.61999999999989,1.0003562369575927,0.022419458470587073,0.8967783388234829,0.0032828677315784177,0.16459759996039167,0.0012281586560770777,0.0006779442718251148,0.006308587155958258,0.135168320427093,-5.3125370686268536e-05,5.761941245969057e-05,0.004970050147559815,0.006308587155958258,0.0616846362140054,0.05318208852679961,0.48534942766324146,0.0,0.0,0.09949719520038382,0.12908249845857922,0.1000700072262974,0.0,0.09767419177481725,0.09852757490593281,3.1509856630824373,3.8301971326164876,3.0,0.00026335727900723277,-1.1762940878363298e-05,282,0.0003489533585647649,0.0005742375389111107,0.0009709011423154134,0.16187644762361614,49.54184707031974,1.2176832807265396,0.39395443713953887,10.793272250398326,2.054288876284567,62.440391376430604,40.58923397755964,0.0,0.6744651569165162,18.47849744976757,3.2879437945520937,99.93750135416698,66.43707757201203,0.002613500597371565,0.5760029762750097,15.780903459589307,3.2907877496786693,100.02394375923006,62.60925392195558,0.00022401433691756272
tripod_mu060_08,tripod_mu060,,common,8,5277.933,0.95,1.0,0.1,0.02,1.0,False,"{""mu"": 0.6, ""soft"": false, ""type"": ""patch""}",0.6,False,0.0,,-5.45,-1.4,0.02,-5.43743561967858,-1.3832968969435837,1.8999491454510549,41418,70797,4601,93,tripod,0.025,2301,True,False,,44.600000000000364,80.0,44.600000000000364,1.0004912724334303,0.022432539740659688,0.8973015896263875,0.0003733144604579214,-0.0849332298197212,0.001325790980947548,0.0006770265168315872,0.006360678299943189,0.135167629203453,-3.4344845054401945e-05,4.540365693669284e-05,0.004979794935114704,0.006360678299943189,0.07916494045693193,0.053891393035517404,0.46573672409026234,0.0,0.0,0.09948915439592686,0.1289679664469582,0.10006941768830035,0.0,0.0976741917711634,0.09852538618326305,3.149260421335724,3.827879874495742,3.0,0.0002631948742115378,-1.1249196831691205e-05,282,0.00034917984172897366,0.0005768465019938008,0.000963479124731843,0.16259082584751944,46.99065605948229,1.154828106079054,0.3946934477375932,10.813519116098444,2.0605470091035447,62.63060817943905,37.98265071832611,0.0,0.6755953820240467,18.509462521206757,3.2879403595428447,99.93739694659102,64.30484418199153,0.0027640818765874795,0.5929127148248189,16.24418396780326,3.143799158784954,95.55620543419313,59.43364402445593,0.0
tripod_mu030_08,tripod_mu030,,common,8,5332.451,0.95,1.0,0.1,0.02,1.0,False,"{""mu"": 0.3, ""soft"": false, ""type"": ""patch""}",0.3,False,0.0,,-5.45,-1.4,0.02,-5.456275670088905,-1.4052836401469075,-1.540713778103786,41418,71030,4602,93,tripod,0.025,2301,True,False,,44.600000000000364,80.0,44.600000000000364,1.0002942848482899,0.022428122978661025,0.897124919146441,0.0030067590354864275,0.13994278564782214,0.0013297610766502923,0.0006387850774626766,0.006897125094828485,0.13516945353158583,-3.125686737117008e-05,3.8915071205232875e-05,0.005164882783464159,0.006897125094828485,0.0648716802699204,0.05828014095933329,0.5461561411553412,0.0,0.0,0.09934215647118809,0.12874042903971872,0.10006858567151256,0.0,0.09767419176765628,0.09852594572465585,3.147467503361721,3.8202599731062303,3.0,0.00026048214925254026,-9.791763613802712e-06,285,0.00035322312870622634,0.0005672095296373389,0.0009667743100244988,0.16160642733073094,45.66668018728227,1.1225064960685336,0.3894875922806077,10.670892939194733,2.046249293721966,62.19602716480139,36.29050597481736,0.0,0.6768815398180373,18.54469972104212,3.2825809147710885,99.77449588969874,62.315334462025504,0.002465262214253698,0.5865102361815496,16.06877359401506,3.0300033400802118,92.09736595988485,56.758756673528815,0.0
tripod_mu015_08,tripod_mu015,,common,8,5386.9800000000005,0.95,1.0,0.1,0.02,1.0,False,"{""mu"": 0.15, ""soft"": false, ""type"": ""patch""}",0.15,False,0.0,,-5.45,-1.4,0.02,-5.467771811599115,-1.4011175461753724,2.1028810710295707,41400,74410,4600,93,tripod,0.025,2301,True,False,,44.600000000000364,80.0,44.600000000000364,1.0004941151311677,0.022432603478277118,0.8973041391310846,0.0005347624884026805,-0.09898587671794337,0.0012309524752078522,0.0006206835339951631,0.0063781465605627485,0.13516773209313235,-6.866631881221918e-06,3.419891335839646e-05,0.004645636535186679,0.0063781465605627485,0.06445867555878672,0.06298640736558297,0.556541067669495,0.0,0.0,0.09949834770786427,0.12930160507283647,0.10007006303208835,0.0,0.09767419176399299,0.0985252799427684,3.1510533393097266,3.8368444643657553,3.0,0.00026124451730723947,-1.1366908780487128e-05,285,0.00034860780372127445,0.0005737430691089885,0.0009626046895256235,0.16343599514045742,44.88080437025968,1.1029738164525218,0.3798547013306984,10.40697811864927,2.0603447682762304,62.624461041830706,35.410181434785386,0.0,0.6851726300291736,18.771852877511606,3.287798121691156,99.93307360763392,61.548492437683976,0.0026146720454205885,0.5755770589939004,15.769234492983575,2.9627404863660045,90.05290232115516,55.59913659459725,0.0
tripod_soft_08,tripod_soft,,common,8,5441.490000000001,0.95,1.0,0.1,0.02,1.0,False,"{""mu"": 0.8, ""soft"": true, ""type"": ""patch""}",0.8,True,0.0,,-5.45,-1.4,0.02,-5.439247536553639,-1.3935120439388147,2.0831440165996975,41400,70975,4601,93,tripod,0.025,2301,True,False,,44.600000000000364,80.0,44.600000000000364,1.000451645032102,0.02243165123390345,0.897266049356138,0.0009923044799068845,-0.07686772850512483,0.0013328036866529175,0.000648571661869919,0.006747311447753437,0.13516786368817943,-2.0847595576843762e-05,7.007329540261813e-05,0.0052071221533716945,0.006747311447753437,0.07395271471490152,0.07614740958091008,0.44442378515479714,0.0,0.0,0.09945214866067711,0.12899135357319327,0.10007123119671528,0.0,0.09767419176034388,0.09852450599008333,3.155983863738234,3.8269834155087405,3.0,0.00026329237498417396,-1.1388188909278174e-05,285,0.000348384206061878,0.0005727931067202142,0.0009704102593168282,0.1631722591760479,48.12158262815396,1.1826677579456673,0.3926957956324602,10.758788921437265,2.052917742886746,62.3987155892628,39.21029228032759,0.0,0.6939931967448042,19.01351223958368,3.287896965570767,99.93607798087437,65.51402466937861,0.002838786792170925,0.6027484134771488,16.5136551637575,3.210722987220915,97.5903643532193,61.104262556425695,0.0
ripple_mu100_08,ripple_mu100,,common,8,5496.032,1.3,1.0,0.1,0.02,1.0,False,"{""mu"": 1.0, ""soft"": false, ""type"": ""patch""}",1.0,False,0.0,,-5.45,-1.4,0.02,-5.443635445004142,-1.4110666633910107,1.818930460902495,36882,50657,4098,82,ripple,0.025,2050,True,False,,39.30000000000018,80.0,39.30000000000018,1.000232824835525,0.02545121691693436,1.0180486766773744,-0.00101660547256675,-0.1524943500789521,0.07206775378327447,0.0610436634928358,0.22775939364736664,0.13621397641475308,-0.0004579783886140123,0.009511063040635452,0.18681239293540514,0.22775939364736664,0.22381817385824648,0.34808641281768304,0.9776276560202751,0.0,0.0,0.10220333328953336,0.1120659176597312,0.10315855387568153,0.0,0.10073942047429936,-0.004487697035679185,2.726347914547304,4.387589013224822,4.0,0.00012978478343746852,-7.405746532573865e-06,182,0.0006007130773558325,0.00033026704278238,0.0006738280902803996,0.060094579229630636,39.7706161474746,0.9776427043585865,0.6608805691566842,18.106316963196832,3.2934811994627387,100.10581153382185,38.30909578104724,0.000254323499491353,0.7427029590411495,20.348026275099986,3.2942097112754696,100.12795475001428,65.27398956087515,0.011953204476093592,0.7834367479698882,21.464020492325705,3.2966174798470806,100.20113920507845,78.84321089312897,0.001525940996948118
ripple_mu060_08,ripple_mu060,,common,8,5545.537,1.3,1.0,0.1,0.02,1.0,False,"{""mu"": 0.6, ""soft"": false, ""type"": ""patch""}",0.6,False,0.0,,-5.45,-1.4,0.02,-5.455299199821612,-1.3843975211889847,-1.041104814871742,36882,50037,4098,82,ripple,0.025,2050,True,False,,39.30000000000018,80.0,39.30000000000018,1.0005215349683758,0.02545856323074736,1.0183425292298942,0.000970182000374388,0.03237908470350179,0.07095484471505338,0.060292267535799735,0.23198506996495036,0.13621382176042957,0.0018463241029153584,0.009862622857501781,0.1972715425049224,0.23198506996495036,0.2722243221407615,0.2580422891766793,0.8971648152530154,0.0,0.0,0.10220269856454454,0.11204809623249923,0.10315738891991828,0.0,0.10073942048867705,-0.004516678816949911,2.7390640895218716,4.38351983723296,4.0,0.00015094979224487132,-7.854619426928e-06,183,0.00058559812158244,0.0003322661294125517,0.0006742915715280178,0.06077297786294733,37.47302152012643,0.9208973834894926,0.6395328686626546,17.521448456511084,3.293525334252096,100.10715301678104,36.10993410550268,0.000508646998982706,0.7260316458787134,19.89127796927982,3.2941551643195846,100.12629678782932,62.76651169168665,0.010596812478806375,0.7777770822039388,21.308961156272296,3.2956336585965333,100.17123582360284,74.11676755607878,0.000932519498134961
ripple_mu030_08,ripple_mu030,,common,8,5595.032,1.3,1.0,0.1,0.02,1.0,False,"{""mu"": 0.3, ""soft"": false, ""type"": ""patch""}",0.3,False,0.0,,-5.45,-1.4,0.02,-5.466323921976657,-1.390804072197677,-2.354119487280079,36882,50041,4099,82,ripple,0.025,2050,True,False,,39.279999999999745,80.0,39.279999999999745,1.0003844570076343,0.02546803607453261,1.0187214429813043,0.0026356613404482157,0.10044993049441929,0.06871677192298412,0.05869630518991367,0.22997655004501394,0.1362135326596369,-0.0039004448765780474,0.01171188666024222,0.18789005099835857,0.22997655004501394,0.2663317662532277,0.22575520468815416,0.7490163559498597,0.0,0.0,0.10224100742482713,0.11207240831346545,0.10315771693144746,0.0,0.10073942050317514,-0.004486804706101746,2.7267175572519085,4.3903307888040715,4.0,0.00012711092845515276,-7.739987875805127e-06,182,0.0006019818635096787,0.0003438516990026978,0.0006690428588272786,0.06255674164287862,36.17107667384457,0.8890212970827824,0.6606828727440327,18.100900623124186,3.293520829804487,100.10701610347985,34.01451826647314,0.00042408821034775233,0.7562022848291525,20.717870817237056,3.2940978779026424,100.12455555935084,61.08881659009018,0.006870229007633588,0.7781908482652552,21.32029721274672,3.2956360160286122,100.17130747807333,71.62923556177759,0.0002544529262086514
ripple_mu015_08,ripple_mu015,,common,8,5650.686000000001,1.3,1.0,0.1,0.02,1.0,False,"{""mu"": 0.15, ""soft"": false, ""type"": ""patch""}",0.15,False,0.0,,-5.45,-1.4,0.02,-5.435191422836924,-1.4035230579562625,1.6807271942553716,36882,51616,4098,82,ripple,0.025,2049,True,False,,39.26000000000022,80.0,39.26000000000022,1.000313112907904,0.02547919289118437,1.0191677156473749,0.000320137466036232,-0.10564141005301553,0.06379755609143983,0.05553045745187466,0.23333534097941433,0.13621404975102833,0.0035101692575061714,0.017024009585603055,0.19786916536637608,0.23333534097941433,0.1893951272554242,0.27652024629220795,0.8843135570806065,0.0,0.0,0.10222206036162301,0.1121624755573321,0.10324916097895458,0.0,0.10073942051780428,-0.004518772658038222,2.708757637474542,4.3818737270875765,4.0,0.00015094876393086792,-6.074027000407128e-06,183,0.0006090196327104297,0.00033027095327328894,0.000652726805090597,0.06042066286433782,35.51332109111916,0.8729200629065663,0.6610682260905391,18.111458249055865,3.1030748380742,94.31838413599392,33.62508511899057,0.0,0.7428433127232353,20.3518715814585,3.2941352273406257,100.12569080062691,60.26348013781562,0.006109979633401222,0.8008970648921898,21.94238533951205,3.296562565592079,100.1994700787866,67.94470314776646,0.00016972165648336727
ripple_soft_08,ripple_soft,,common,8,5700.1720000000005,1.3,1.0,0.1,0.02,1.0,False,"{""mu"": 0.8, ""soft"": true, ""type"": ""patch""}",0.8,True,0.0,,-5.45,-1.4,0.02,-5.467897261780142,-1.3982464896996878,1.0613642684209494,36918,49952,4101,83,ripple,0.025,2051,True,False,,39.30000000000018,80.0,39.30000000000018,1.000342243587116,0.025454001109086806,1.0181600443634722,-0.0005417819141360809,-0.13443320140459336,0.0721617905890458,0.06105225821038302,0.22806998352973318,0.1362216462901677,0.00030833654299687423,0.008590235116303916,0.18826112156883995,0.22806998352973318,0.2612846109121218,0.3231744922985706,0.9662634687601548,0.0,0.0,0.10224049864815546,0.11230149337977953,0.10316065261111207,0.0,0.10073942053224916,-0.004489568056428429,2.722787385554425,4.387080366225839,4.0,0.0001264100534978871,-7.760960530910771e-06,183,0.0005839550610384478,0.0003426264499787867,0.0006773138436790691,0.06267917960296515,38.46826927463337,0.9455252827051263,0.6370277620675523,17.452815399111024,3.293540139189554,100.10760301488006,37.47883918389445,0.00016954899966090201,0.75736769343444,20.749799820121645,3.294245668081709,100.12904766205803,64.01069671189246,0.01102068497795863,0.7772707397515635,21.29508876031681,3.2830706384179105,99.78938110692737,75.43730497043242,0.000508646998982706
wave_mu100_08,wave_mu100,,capped,8,5749.717000000001,2.4,1.0,0.1,0.02,1.0,False,"{""mu"": 1.0, ""soft"": false, ""type"": ""patch""}",1.0,False,0.0,,-5.45,-1.4,0.02,-5.464819794849333,-1.39566408714414,-2.1418643079508524,38178,53554,4242,85,wave,0.0245,2122,True,False,,39.64000000000033,81.63265306122449,39.64000000000033,1.0004871738066352,0.025239333345273132,1.030176871235638,0.005152624276951335,0.42496434682628076,0.04409661006008839,0.05191694636534579,0.25464405909078003,0.13627746541898117,-0.006478335821111057,0.016857368474766567,0.25464405909078003,0.25464405909078003,0.1964408981754528,0.2551714414211739,0.7754690321314883,0.0,0.0,0.09964826028161225,0.13702488048954828,0.10148578568954954,0.0,0.09833629823144158,-0.006064972374535065,2.9278870398386285,5.197680282400404,5.0,5.841266944191931e-05,-4.2421728273858705e-06,237,0.0006511665142355597,0.00034026377395167374,0.0017625772514134176,0.08060217770966299,29.078461195468766,0.7146169399861609,1.4359139687039542,39.34010873161518,3.2881607231587715,99.94409492883804,12.867778788775176,0.00016809547823163558,0.9005621382557795,24.67293529467889,3.2906660087588504,100.02024342732068,99.99116050143344,0.09984871406959153,1.470090791498801,40.276460041063046,3.2912075870222908,100.036704772714,88.80806269433215,8.404773911581779e-05
wave_mu060_08,wave_mu060,,capped,8,5800.700000000001,2.4,1.0,0.1,0.02,1.0,False,"{""mu"": 0.6, ""soft"": false, ""type"": ""patch""}",0.6,False,0.0,,-5.45,-1.4,0.02,-5.457840434916769,-1.4053885917788935,0.7175122223645021,38178,53740,4242,85,wave,0.0245,2122,True,False,,39.61999999999989,81.63265306122449,39.61999999999989,1.000043638479623,0.025240879315487776,1.0302399720607256,0.004645540116800219,0.3393903323979255,0.04472525402838994,0.050408915718113546,0.2547929579894445,0.13628557402131408,-0.006268742353965251,0.016196360557180083,0.2547929579894445,0.2547929579894445,0.19393036914656236,0.23361458730324083,0.8636130757629582,0.0,0.0,0.09964722062526214,0.1371206413289077,0.10148678928884083,0.0,0.09833709102396451,-0.006068297761869211,2.8597376387487388,5.199293642785066,5.0,5.553983374576715e-05,-3.861841478332295e-06,235,0.000626388139640367,0.0003220347971833788,0.0017581875810236344,0.07567405851471595,27.609697109338295,0.6788239809972618,1.4525750725820545,39.7965773310152,2.083266987526208,63.321185031191725,12.379160252520416,0.0,0.8732921058394902,23.92581111889014,3.290662600117906,100.02013982121294,98.35185509825784,0.052304069963000334,1.4077839256566143,38.569422620729156,3.0310313629326977,92.12861285509719,83.3858611375907,0.0
wave_mu030_08,wave_mu030,,capped,8,5851.64,2.4,1.0,0.1,0.02,1.0,False,"{""mu"": 0.3, ""soft"": false, ""type"": ""patch""}",0.3,False,0.0,,-5.45,-1.4,0.02,-5.46479524620251,-1.4126069737199902,1.687539517858766,38160,52570,4240,85,wave,0.0245,2121,True,False,,39.600000000000364,81.63265306122449,39.600000000000364,1.000295534035703,0.02525998823322459,1.0310199278867178,0.005445013491109173,0.4103250505377673,0.044837934766019404,0.050748995864757694,0.2546759893421065,0.13629353026945393,-0.00595476523394242,0.01644255742285521,0.2546759893421065,0.2546759893421065,0.17992126824490498,0.23950595313704143,0.8958788757687658,0.0,0.0,0.09976503348087747,0.1372993701107473,0.10148576813514185,0.0,0.0983370910246584,-0.006060560863542533,2.839475012619889,5.1998990408884405,5.0,5.214010012050824e-05,-4.162341544679954e-06,218,0.0006901860573853563,0.00035843301414455555,0.0018367736063519715,0.07811415407207399,26.536179301563568,0.652263085392473,1.428764418893729,39.14423065462271,3.2880055827740495,99.9393794156246,11.80309980562307,8.413259296651523e-05,0.867261399347394,23.760586283490245,3.291693498774315,100.05147412687887,94.09955903139519,0.006814740030287734,1.440211922084808,39.457860879035835,3.2978731390966156,100.23930513971476,80.95155269104725,0.0002523977788995457
wave_mu015_08,wave_mu015,,capped,8,5902.592000000001,2.4,1.0,0.1,0.02,1.0,False,"{""mu"": 0.15, ""soft"": false, ""type"": ""patch""}",0.15,False,0.0,,-5.45,-1.4,0.02,-5.441364974366611,-1.401831773215966,-1.3079819087070195,38160,53871,4240,85,wave,0.0245,2121,True,False,,39.600000000000364,81.63265306122449,39.600000000000364,1.0002075542363216,0.025257766521119,1.030929245759959,0.00536196349621368,0.39203605114577067,0.044972278267321295,0.05031161572036062,0.2519995426463089,0.1362895097758978,-0.006106626546184627,0.015671435191652424,0.2519995426463089,0.2519995426463089,0.13903506631806303,0.23739034624664335,0.881675777868097,0.0,0.0,0.09964764643483133,0.13723453246102618,0.10148674788014744,0.0,0.0983370910253524,-0.006068386418198017,2.8525996971226655,5.199394245330641,5.0,5.8176114289869296e-05,-4.2832001263364006e-06,221,0.0006775285013711147,0.0003705945921994,0.0018533939785948413,0.0818832328187408,25.706933829367415,0.6319359759586113,1.4362869835730427,39.35032831706967,2.067063824443132,62.82868767304353,11.575714654605274,0.0,0.8668505398408096,23.74932985865232,3.291722803403971,100.0523648451055,92.36075422107265,0.006814740030287734,1.4299873004058858,39.177734257695505,2.903660089622097,88.25714558121877,78.46265702362057,0.0
wave_soft_08,wave_soft,,capped,8,5957.773,2.4,1.0,0.1,0.02,1.0,False,"{""mu"": 0.8, ""soft"": true, ""type"": ""patch""}",0.8,True,0.0,,-5.45,-1.4,0.02,-5.442311814310427,-1.4012862238671637,-1.1308819614431873,38142,55178,4239,85,wave,0.0245,2120,True,False,,39.599999999999454,81.63265306122449,39.599999999999454,1.0003060586566843,0.025260254006482276,1.0310307757747867,0.006201403786454616,0.5144061508439668,0.04441222593954266,0.050782639584303096,0.25298150666289343,0.13628371087235633,-0.005866261046707053,0.01627103126439154,0.25298150666289343,0.25298150666289343,0.1358448568164125,0.22169309063268441,1.0623741002468583,0.0,0.0,0.0996475833692984,0.13697234456308355,0.10148956171572845,0.0,0.09833709102605125,-0.006065388028817773,2.8657243816254416,5.195860676426047,5.0,6.451062970743576e-05,-4.666152503208371e-06,217,0.0007010601202773785,0.0003631656715377737,0.0017794565252503378,0.07878132463254543,28.627735080165078,0.7036633250091675,1.3911727090482413,38.114320795842225,1.636451830556376,49.74017722055854,12.485176562013548,0.0,0.8669223722166169,23.751297868948413,3.290664888166898,100.02020936677502,98.7695662137224,0.0712603062426384,1.4719319953126417,40.32690398116827,3.297804753764282,100.23722655818486,87.64986272338272,0.0002523977788995457
tripod_mu100_09,tripod_mu100,,common,9,6008.695000000001,0.95,1.0,0.1,0.02,1.0,False,"{""mu"": 1.0, ""soft"": false, ""type"": ""patch""}",1.0,False,0.0,,-5.45,-1.4,0.02,-5.435012670673156,-1.4119263872807397,1.8256971265264184,41400,72671,4599,92,tripod,0.025,2300,True,False,,44.57999999999993,80.0,44.57999999999993,1.000170239655294,0.022435402414878774,0.8974160965951509,0.0012704594351045442,-0.08043604788171142,0.0012877388018737244,0.0005551834637344688,0.006124025404652086,0.13517432597757764,-3.7935924427366885e-05,1.387362352862068e-05,0.004646710265190303,0.006124025404652086,0.03811545546409883,0.045816665591696414,0.3434577333392615,0.0,0.0,0.09945239347071397,0.12873878423485433,0.10003566464993556,0.0,0.09765526413482337,0.09851234588741432,3.1560538116591927,3.8201793721973094,3.0,0.00026921817718995183,-1.1456800806577266e-05,282,0.0003545262581006568,0.0005814289649212958,0.0009723116878671376,0.16393492760381906,48.65858416821794,1.196201551070485,0.3945408699061134,10.809338901537355,1.4280952931688626,43.40715176805053,40.293387744560796,0.0,0.6918776289575438,18.95555147828887,2.695556451126202,81.93180702511252,66.56795804425352,0.0,0.5970043586474086,16.35628379855914,2.640216836868168,80.24975188049143,62.828018000962565,0.0
tripod_mu060_09,tripod_mu060,,common,9,6063.211,0.95,1.0,0.1,0.02,1.0,False,"{""mu"": 0.6, ""soft"": false, ""type"": ""patch""}",0.6,False,0.0,,-5.45,-1.4,0.02,-5.445287283773222,-1.3941607949692807,1.0929147075768406,41382,72457,4598,92,tripod,0.025,2299,True,False,,44.55999999999949,80.0,44.55999999999949,1.0000634755925248,0.022443076202705033,0.8977230481082012,0.0009497474995393933,-0.017035752367495608,0.0011905058743437052,0.0005644673116976034,0.005986061957090126,0.13514338283605412,-8.511525598289779e-05,2.5990626997795304e-05,0.002184881571797305,0.005986061957090126,0.03353578483995338,0.029592562051167393,0.25253019289346335,0.0,0.0,0.09944026914061323,0.1283514190363218,0.10009873215096779,0.0,0.09765526413130725,0.09851257407004316,3.155675190668461,3.8075370121130554,3.0,0.0002674005707076696,-1.0391858598038373e-05,282,0.0003587822250049423,0.0005741766129411774,0.0009712944425914035,0.16190745466053813,46.38967020332275,1.140545707537438,0.39421613987718035,10.8004421884159,1.90209770591726,57.81451993669483,37.73610804918872,0.0,0.6874383959089959,18.833928655040985,2.749595307042384,83.57432544201777,64.26484549299767,0.0,0.5969325825365897,16.354317329769582,2.097425811327077,63.75154441723638,59.54488729259031,0.0
tripod_mu030_09,tripod_mu030,,common,9,6117.718000000001,0.95,1.0,0.1,0.02,1.0,False,"{""mu"": 0.3, ""soft"": false, ""type"": ""patch""}",0.3,False,0.0,,-5.45,-1.4,0.02,-5.440069158265629,-1.3847621161973047,2.5235031118925004,41382,71625,4598,92,tripod,0.025,2300,True,False,,44.57999999999993,80.0,44.57999999999993,1.0004122627686578,0.022440831376596217,0.8976332550638486,0.001311334188630088,-0.10451445108598122,0.001189636698495893,0.0005454940585448958,0.005912567121502249,0.13519771253949195,-5.641680444081443e-05,2.4414788892739644e-05,0.0019854302239725803,0.005912567121502249,0.03751644816685758,0.04205789611033371,0.38276302241493004,0.0,0.0,0.09943881062670124,0.12906690053039221,0.10003546419598487,0.0,0.09765526412780022,0.09851046179071386,3.154260089686099,3.828699551569507,3.0,0.00026841171600653496,-1.1755103189677735e-05,282,0.00035423788275498665,0.0005772976580237502,0.0009714842114132447,0.16273071189093524,45.20949834905725,1.1111417852822774,0.3827589287183058,10.48654599228235,1.2639731870497781,38.41863790424857,36.40212000243909,0.0,0.6874464069141808,18.834148134635093,2.554667358604168,77.64946378736073,62.303339305437554,0.0,0.5880864212971469,16.11195674786704,2.2193845084668817,67.4584956980815,56.80664015447461,0.0
tripod_mu015_09,tripod_mu015,,common,9,6174.0650000000005,0.95,1.0,0.1,0.02,1.0,False,"{""mu"": 0.15, ""soft"": false, ""type"": ""patch""}",0.15,False,0.0,,-5.45,-1.4,0.02,-5.4597804381331025,-1.4134445518080883,2.37824450119439,41382,70699,4599,92,tripod,0.025,2300,True,False,,44.599999999999454,80.0,44.599999999999454,1.000408001917397,0.02243067268873115,0.8972269075492459,0.0002301937521840408,-0.10634605945648737,0.001232164238206561,0.0005541493091260234,0.006718598924867122,0.1351743500301497,-3.8272397231433154e-05,1.4290828436677443e-05,0.0021542757754684015,0.006718598924867122,0.04447324869227465,0.04297710206596836,0.3703410899882589,0.0,0.0,0.09945886329436295,0.12857915463733613,0.10003549079281773,0.0,0.09765526412428409,0.09851135518459042,3.156880322725235,3.814432989690722,3.0,0.00026927581761922864,-1.0944108678898057e-05,282,0.00035007593396115883,0.0005773467561442231,0.0009745010483505352,0.16274538049526913,44.36872942972388,1.0904832402879494,0.390259956831912,10.692053611833206,1.2694787770605525,38.58598106567029,35.48124119036387,0.0,0.6969740406689295,19.09517919640903,2.5245855234559826,76.73512229349491,61.41085146261354,0.0,0.5857912943713932,16.049076558120362,2.2434875070205793,68.19110963588388,55.604917141814,0.0
tripod_soft_09,tripod_soft,,common,9,6228.572,0.95,1.0,0.1,0.02,1.0,False,"{""mu"": 0.8, ""soft"": true, ""type"": ""patch""}",0.8,True,0.0,,-5.45,-1.4,0.02,-5.461846828369508,-1.4111214024833802,1.8315419460087972,41418,70157,4601,93,tripod,0.025,2301,True,False,,44.600000000000364,80.0,44.600000000000364,1.0004482194382371,0.02243157442686612,0.8972629770746449,0.0015138940087118039,-0.05786041163683347,0.001147861332034338,0.0005377824204672914,0.005213402689137115,0.13517840916763,-7.838895385397113e-05,1.650494511688778e-05,0.00226336488774833,0.005213402689137115,0.042780019518624826,0.0496207875655524,0.38240609851346014,0.0,0.0,0.09946575753623722,0.12885205495689853,0.10018853149060934,0.0,0.09765526412091334,0.09851217026446799,3.156880322725235,3.8225011205737336,3.0,0.00026938771911248077,-1.1282702205829553e-05,282,0.0003661193888204844,0.0005809782859278413,0.0009758691998966828,0.1637622876139235,47.73845365645704,1.1732549787310378,0.39310566448005463,10.770018204933002,1.3908066007987967,42.273756863185305,39.13019691211026,0.0,0.6881159081104011,18.852490633161676,3.2814991965246185,99.7416169156419,65.4450646826294,7.470491558344539e-05,0.5968519716610529,16.352108812631585,2.154814072048354,65.49586845131775,61.13430414969555,0.0
ripple_mu060_09,ripple_mu060,,common,9,6289.22,1.3,1.0,0.1,0.02,1.0,False,"{""mu"": 0.6, ""soft"": false, ""type"": ""patch""}",0.6,False,0.0,,-5.45,-1.4,0.02,-5.454975985273039,-1.3804579307119849,1.4164132952684747,36918,54088,4102,83,ripple,0.025,2052,True,False,,39.31999999999971,80.0,39.31999999999971,1.0001474856958237,0.02543610085696417,1.0174440342785667,0.0004910600651290876,-0.01677555577238793,0.06688930461748595,0.05761301345572191,0.22106557731149054,0.13621724343450078,0.008145675458408427,0.011982650108434566,0.18482009807057567,0.22106557731149054,0.19891245328570864,0.39071128867656896,0.9798072725181225,0.0,0.0,0.1023482170842732,0.11211998929926416,0.10313383764556647,0.0,0.10060628432427382,-0.004283080784740615,2.7473309608540926,4.383324860193188,4.0,0.00012764305412873295,-9.187466074433298e-06,182,0.0006051256883705363,0.0003431351280321457,0.0006697629803779426,0.062441376564533975,39.21089346114786,0.9639662078890447,0.6634245879136067,18.1760161072221,2.0557096379295245,62.48357562095819,37.61835243261119,0.0,0.7566054964693969,20.728917711490325,3.2939851169963226,100.12112817618001,64.36928226054201,0.012540247415692256,0.8157935124915534,22.350507191549408,3.282818230551346,99.78170913529927,76.43518005226122,8.47314014573801e-05
ripple_mu015_09,ripple_mu015,,common,9,6344.835,1.3,1.0,0.1,0.02,1.0,False,"{""mu"": 0.15, ""soft"": false, ""type"": ""patch""}",0.15,False,0.0,,-5.45,-1.4,0.02,-5.469460329198225,-1.3837183834030087,-1.5812063405884575,36864,57912,4096,82,ripple,0.025,2049,True,False,,39.25999999999931,80.0,39.25999999999931,1.0001258601517908,0.025474423335501997,1.0189769334200798,0.0026042938171482698,0.14079065345632383,0.06547738577534772,0.05658519545859834,0.21677604523518523,0.13620798406098789,0.004117391561013993,0.013006601771958792,0.18119853990974413,0.21677604523518523,0.19744005866215128,0.3442927908396796,0.9057532718582108,0.0,0.0,0.10232303225852647,0.11191927501657674,0.10313388720591511,0.0,0.10060628433872303,-0.004870403057598859,2.724541751527495,4.3732179226069245,4.0,0.00012707775204703203,-8.526079228497047e-06,184,0.0006046458130863719,0.0003398951491938317,0.0006438181611779582,0.06253262505407105,35.469464838675684,0.872002395554621,0.6704689012521226,18.36901099320884,1.6752216754403504,50.91859195867326,33.235742135569105,0.0,0.7569473206353549,20.73828275713301,3.293415251289339,100.10380703007108,60.02079639296482,0.0047522063815342835,0.8154463456448595,22.34099577109204,3.296591993740223,100.20036455137456,68.42790025659265,0.00033944331296673454
ripple_soft_09,ripple_soft,,common,9,6396.4130000000005,1.3,1.0,0.1,0.02,1.0,False,"{""mu"": 0.8, ""soft"": true, ""type"": ""patch""}",0.8,True,0.0,,-5.45,-1.4,0.02,-5.463159147580201,-1.3966972910440187,-1.7813888623135066,36900,57134,4100,83,ripple,0.025,2051,True,False,,39.30000000000018,80.0,39.30000000000018,1.000112682817366,0.025448159868126246,1.0179263947250499,0.003079159363324157,0.1744250490545498,0.06797125417857407,0.05829834042226002,0.21894019873484333,0.13620770457604459,0.006856572103942636,0.010374556383735722,0.18747719167922738,0.21894019873484333,0.18383136269945372,0.3489031672472582,1.0139394390393592,0.0,0.0,0.10228829466081428,0.11211953883378271,0.10313317631319072,0.0,0.10060628435352546,-0.00458562038108696,2.7375381485249237,4.38911495422177,4.0,0.00015258657215565935,-9.087931581878983e-06,184,0.0005882892998346536,0.0003399804855119504,0.0006803473679995635,0.06254906464268704,38.41587483508248,0.9444498588491865,0.6713523709571092,18.393215642660525,2.5916877044056776,78.77470226157075,36.10866072636732,0.0,0.7634405125599468,20.916178426299915,3.2934209810470625,100.1039811868408,63.09254332340082,0.013309596473380807,0.8154653211082195,22.341515646800534,3.2965665481706647,100.19959112980743,75.46844093070973,0.000508646998982706
wave_mu100_09,wave_mu100,,capped,9,6445.950000000001,2.4,1.0,0.1,0.02,1.0,False,"{""mu"": 1.0, ""soft"": false, ""type"": ""patch""}",1.0,False,0.0,,-5.45,-1.4,0.02,-5.448138716275045,-1.3820083319582308,2.183452146039784,38178,59575,4243,85,wave,0.0245,2122,True,False,,39.64000000000033,81.63265306122449,39.64000000000033,1.0005069605305092,0.02523983250581486,1.0301972451353003,0.006259694138724625,0.4679390389494006,0.04568024127507587,0.052081869636662524,0.29852893547933607,0.13628385607822424,-0.006954198991053415,0.016205352501835267,0.29852893547933607,0.29852893547933607,0.14986420308459045,0.28450411525737895,1.2942284291642614,0.0,0.0,0.09960608168721903,0.13752409975023486,0.10152726940205686,0.0,0.09843940007138542,-0.0058888072530255,2.877458396369138,5.206757438224912,5.0,6.584427737001824e-05,-4.297869514498925e-06,231,0.0006617060983255645,0.00033950152212099664,0.0016910932502787975,0.07838357934004066,28.43059292601727,0.6986770442374136,1.4506887772124588,39.744898005820794,2.2740569095085625,69.12027080573138,12.985224386431886,0.0,0.9165375361987446,25.11061743010259,3.292084396074583,100.06335550378671,99.64738559674275,0.09001512859304085,1.4741820924072129,40.38855047690995,3.2844373344893385,99.83092202095254,88.69115209087714,0.0002521432173474534
wave_mu060_09,wave_mu060,,capped,9,6505.396000000001,2.4,1.0,0.1,0.02,1.0,False,"{""mu"": 0.6, ""soft"": false, ""type"": ""patch""}",0.6,False,0.0,,-5.45,-1.4,0.02,-5.4601948986492745,-1.3833528942374138,-0.6036573588476617,38178,61308,4242,85,wave,0.0245,2122,True,False,,39.61999999999989,81.63265306122449,39.61999999999989,1.0002926831569232,0.02524716514782751,1.0304965366460208,0.006582545426288881,0.518184455962555,0.045440675010185845,0.05105836358846133,0.2836868000277872,0.13628143315164998,-0.0073938836058111725,0.015207480049539005,0.2836868000277872,0.2836868000277872,0.1510119260452837,0.2292525553325752,1.1774002537066388,0.0,0.0,0.09971045773927549,0.13745350789637287,0.10149958066941596,0.0,0.0984394000778406,-0.00586404187055532,2.8668012108980827,5.20736629667003,5.0,6.279215646102371e-05,-4.886289269420002e-06,229,0.0006469177801816519,0.0003469330327808492,0.0016951015364954866,0.07942269865376748,26.662485911313574,0.655365107216745,1.4506709793604031,39.7444103934357,2.16723979885312,65.87355011711611,12.746172067140716,0.0,0.9055626098803281,24.809934517269262,3.2905564139564665,100.01691227831205,96.01542752398532,0.03884964682139253,1.470440500626503,40.28604111305488,3.2955055515217175,100.16734199154156,82.18504028500945,0.0003363605785401951
wave_mu030_09,wave_mu030,,capped,9,6556.336,2.4,1.0,0.1,0.02,1.0,False,"{""mu"": 0.3, ""soft"": false, ""type"": ""patch""}",0.3,False,0.0,,-5.45,-1.4,0.02,-5.449078516691782,-1.4070010929519758,2.9997485188682678,38178,60785,4242,85,wave,0.0245,2122,True,False,,39.61999999999989,81.63265306122449,39.61999999999989,1.0002561500190972,0.025246243059543157,1.0304589003895166,0.0053036136159420495,0.41593777044301716,0.045662411261655454,0.052758447719927555,0.2843077715215928,0.13629322545428169,-0.006766231144738022,0.017124771554410157,0.2843077715215928,0.2843077715215928,0.21632154201235773,0.25958640637974756,1.024252494917604,0.0,0.0,0.09959018360699351,0.13678333926768385,0.1014935754959266,0.0,0.09843940008413041,-0.005924494959696113,2.82744702320888,5.199293642785066,5.0,6.258244025692666e-05,-4.274070348558867e-06,229,0.0006433446392806673,0.00033997660163296976,0.001576137920241508,0.077833610316952,25.822657785167465,0.6347500973579262,1.436111499729549,39.34552054053559,2.0837847857156775,63.336923577984116,12.020071719115583,0.0,0.8636969269807236,23.6629295063212,3.2917577755106224,100.05342782707059,93.79252529788182,0.005045408678102927,1.4680792133781886,40.2213483117312,3.29803672116927,100.24427723918753,80.28858848926916,0.0005886310124453414
wave_mu015_09,wave_mu015,,capped,9,6611.597000000001,2.4,1.0,0.1,0.02,1.0,False,"{""mu"": 0.15, ""soft"": false, ""type"": ""patch""}",0.15,False,0.0,,-5.45,-1.4,0.02,-5.457717061753923,-1.3905089601651006,0.7193762135577149,38178,59734,4242,85,wave,0.0245,2122,True,False,,39.61999999999989,81.63265306122449,39.61999999999989,1.000263762814555,0.025246435204809636,1.0304667430534544,0.005204585832095071,0.3964984472441377,0.045688360082754516,0.051598428018617644,0.2624805574140492,0.13629400311529188,-0.006847611739659624,0.01680188161062393,0.2624805574140492,0.2624805574140492,0.17920466509826302,0.19397701911450455,1.0453877746836382,0.0,0.0,0.09968398026155575,0.1371345507399129,0.1014959030269319,0.0,0.0984394000904202,-0.005879879172651752,2.8340060544904135,5.202825428859738,5.0,5.865518408055409e-05,-4.19673623642744e-06,231,0.0006594603245314931,0.00035525108126788663,0.0017747095535758694,0.08204024976481798,25.396205335944334,0.6242629880313725,1.4348055190260118,39.309740247288,1.8961439610365858,57.633555046704736,11.802216441257718,0.0,0.9055084804369331,24.808451518820085,3.2912998129715514,100.03950799305628,92.76687372304565,0.00412041708711739,1.4716878367786101,40.32021470626329,3.2844667446680016,99.83181594735568,78.73763206858054,0.0003363605785401951
wave_soft_09,wave_soft,,capped,9,6662.529,2.4,1.0,0.1,0.02,1.0,False,"{""mu"": 0.8, ""soft"": true, ""type"": ""patch""}",0.8,True,0.0,,-5.45,-1.4,0.02,-5.4424430670968755,-1.4158397379007794,0.22073286256845348,38178,59793,4243,85,wave,0.0245,2122,True,False,,39.6200000000008,81.63265306122449,39.6200000000008,1.0000130864204848,0.02524010818830047,1.0302084974816519,0.005845782502400958,0.4683533971059221,0.04586684856763907,0.05195895838346047,0.2935806089779374,0.1362876625818929,-0.0058468238501018675,0.017087436290571727,0.2935806089779374,0.2935806089779374,0.14548689395034084,0.21394584405395398,0.9841209817922555,0.0,0.0,0.09970343985661266,0.13734921006292183,0.10144356924921205,0.0,0.09843940009671,-0.006131407900570413,2.808779011099899,5.204843592330978,5.0,6.0719094694815234e-05,-4.098473045791029e-06,228,0.0006267203586905437,0.0003096376296542986,0.0017649997172120414,0.0705952495163107,27.807723858098772,0.6837093355181253,1.451857813644521,39.77692640121976,2.388354791901162,72.59437057450342,12.586332659300355,0.0,0.872965140238763,23.916853157226384,3.2913156055005284,100.03998800913459,97.98813443062703,0.04994954591321897,1.4710803816107165,40.30357209892374,3.298014422180453,100.24359945837243,86.2021995671134,0.0007568113017154389
tripod_mu100_10,tripod_mu100,,common,10,6715.679,0.95,1.0,0.1,0.02,1.0,False,"{""mu"": 1.0, ""soft"": false, ""type"": ""patch""}",1.0,False,0.0,,-5.45,-1.4,0.02,-5.430118105623767,-1.39747426261861,-1.8192353195039916,41383,87761,4599,92,tripod,0.025,2300,True,False,,44.57999999999993,80.0,44.57999999999993,1.000141001182066,0.022434746549620178,0.8973898619848071,0.0024302978973407413,0.1495117297988732,0.0016419103576323433,0.0006174245583429258,0.007053486220996436,0.1351723177417051,4.071838559504091e-05,4.568342181843233e-05,0.004956302933673167,0.007053486220996436,0.13660334563548565,0.09656977524162727,0.6163474734387888,0.0,0.0,0.09938972500684028,0.12863460825821452,0.10011364581292248,0.0,0.09762383443461216,0.09848920961386408,3.1569506726457397,3.818385650224215,3.0,0.0002763811140059705,-1.1455530726567353e-05,285,0.00035084139393745493,0.0005711182059782989,0.0009739735561104531,0.16274526088305966,48.05744228344494,1.181455342671447,0.399585696589688,10.947553331224329,2.039912664779346,62.003424461378295,39.35361951715498,0.0,0.6962771562060573,19.076086471398835,3.2879546636838666,99.93783172291387,65.34604900838416,0.0013452914798206279,0.6052439944452713,16.582027245075928,3.1979905220744222,97.20335933356907,61.061851692879216,0.0
tripod_mu060_10,tripod_mu060,,common,10,6778.71,0.95,1.0,0.1,0.02,1.0,False,"{""mu"": 0.6, ""soft"": false, ""type"": ""patch""}",0.6,False,0.0,,-5.45,-1.4,0.02,-5.467897075297758,-1.4068018996290907,1.4736991581609258,41328,85714,4593,92,tripod,0.025,2297,True,False,,44.5600000000004,80.0,44.5600000000004,1.000310992528068,0.022448630891563265,0.8979452356625306,0.0012324236828276554,-0.056508193067482455,0.0016370904153819826,0.0006400324616660987,0.007252227030132265,0.13514739368261916,7.962453173918883e-06,-1.2838276996641222e-05,0.004701639218585343,0.007252227030132265,0.09307873620406396,0.08492608954091535,0.42511929207953536,0.0,0.0,0.09936723671102188,0.1288113384059416,0.10011681711427753,0.0,0.09762383444129692,0.09849373386669086,3.1534320323014806,3.8250336473755047,3.0,0.00027468719223616017,-1.0757302708934435e-05,282,0.0003557909342465344,0.0005762656062196945,0.0009694453620804925,0.16245625493611993,45.971120542592175,1.129975143526121,0.3948485924809634,10.817769657012695,2.0366571030726703,61.904471218014294,37.16345060290828,0.0,0.7000958537505956,19.180708321934127,3.287983331070412,99.93870307204901,63.57928975342758,0.0010468072379243307,0.6107730116050907,16.733507167262758,3.288817285651796,99.96405123561689,58.494255309946894,7.477194556602363e-05
tripod_mu030_10,tripod_mu030,,common,10,6834.467000000001,0.95,1.0,0.1,0.02,1.0,False,"{""mu"": 0.3, ""soft"": false, ""type"": ""patch""}",0.3,False,0.0,,-5.45,-1.4,0.02,-5.4690074569920455,-1.4180544715149255,0.9420481001902495,41328,86371,4593,92,tripod,0.025,2297,True,False,,44.51999999999953,80.0,44.51999999999953,1.000162094108782,0.02246545584251556,0.8986182337006223,0.0005876429664127547,-0.02744152033814274,0.0016403591177157385,0.0006140739173746026,0.006844186770642816,0.13511575497098047,3.37802562286227e-05,-2.798608000073585e-05,0.004487786692216814,0.006844186770642816,0.08800819831187712,0.07837910989323729,0.4287133871814173,0.0,0.0,0.09933513753993112,0.12832946727697142,0.10010618733665787,0.0,0.09762383444798865,0.09855269819737693,3.1522227211495286,3.8096093399191737,3.0,0.0002821903239302939,-1.0748826381547921e-05,282,0.00035334681285969664,0.0005738759346724916,0.0009688575210578386,0.1618067577220859,44.966100195975436,1.1054368287890683,0.394767292194844,10.815542251913536,2.0255667418568546,61.567378171940874,35.57777128051139,0.0,0.6937170287720484,19.00594599375475,3.2879131193670257,99.93656897772115,62.170655600280966,0.001721299206705583,0.6040076589055482,16.54815503850817,2.981674378947601,90.62840057591492,56.487772157468676,0.0
tripod_mu015_10,tripod_mu015,,common,10,6888.916,0.95,1.0,0.1,0.02,1.0,False,"{""mu"": 0.15, ""soft"": false, ""type"": ""patch""}",0.15,False,0.0,,-5.45,-1.4,0.02,-5.434725314300584,-1.4024500648351128,0.7458405602793317,41382,87805,4598,92,tripod,0.025,2300,True,False,,44.55999999999949,80.0,44.55999999999949,1.0002129021046782,0.022446429580446355,0.8978571832178541,0.0019416979948267375,0.012953278984429327,0.0016039499316752863,0.0005864408746043121,0.006873054533117665,0.135147559557451,-1.261457332951092e-05,2.241325054393453e-05,0.003664974483208014,0.006873054533117665,0.08814048470534319,0.0757920888922052,0.4409299368492396,0.0,0.0,0.09939537810065069,0.12886551757820638,0.10011162912204527,0.0,0.0976238344544361,0.09849261928338593,3.155226558995065,3.829968595782862,3.0,0.0002771220834516877,-1.2041744736655119e-05,282,0.000362238113211038,0.0005775876434987786,0.0009655938057455167,0.16284473856681816,44.20233959548011,1.0866036450519694,0.3980717137658062,10.906074349748115,2.034140334394066,61.82797368978924,34.81338226575713,0.0,0.6957210750005167,19.06085136987717,3.2880671708782003,99.94125139447418,61.407428775524444,0.0008224914012262599,0.607665115465667,16.648359327826494,2.9275653840477567,88.9837502750078,55.38381332562928,0.0
tripod_soft_10,tripod_soft,,common,10,6945.535000000001,0.95,1.0,0.1,0.02,1.0,False,"{""mu"": 0.8, ""soft"": true, ""type"": ""patch""}",0.8,True,0.0,,-5.45,-1.4,0.02,-5.459709527627456,-1.4090974728528847,-0.15013552043976097,41382,85711,4598,92,tripod,0.025,2300,True,False,,44.57999999999993,80.0,44.57999999999993,1.0004231569968087,0.022441075751386503,0.8976430300554601,0.0014436272560603843,0.04346150779659262,0.0015350884541782202,0.0005857869155172441,0.006747771581829562,0.13514726841366567,0.0001716446972786899,2.689707942626452e-05,0.0047298910167672,0.006747771581829562,0.08692895068645927,0.07075570623867278,0.448036058146911,0.0,0.0,0.09937265480406605,0.1285441861060424,0.10009520295614086,0.0,0.09762383446108937,0.0984913613623778,3.147085201793722,3.818834080717489,3.0,0.00027857702433963655,-1.1150298795926938e-05,285,0.0003552894649512538,0.0005709841330389957,0.000963009332925473,0.1626614771476188,46.926192054143215,1.1533212582336858,0.3960363854498093,10.850311930131763,2.040460977057886,62.02009048808164,37.89902242566211,0.0,0.6950783327366938,19.043241992786132,3.2880124267850617,99.93958744027543,64.58406169143093,0.0014947683109118087,0.6009798534473945,16.465201464312177,3.1392754551220006,95.418706842614,59.89014909751899,0.0
ripple_mu100_10,ripple_mu100,,common,10,7000.052000000001,1.3,1.0,0.1,0.02,1.0,False,"{""mu"": 1.0, ""soft"": false, ""type"": ""patch""}",1.0,False,0.0,,-5.45,-1.4,0.02,-5.461237340975281,-1.401844801726291,-2.1097091495930806,36882,58799,4098,82,ripple,0.025,2050,True,False,,39.280000000000655,80.0,39.280000000000655,1.0001610246665813,0.025462347878476697,1.0184939151390677,0.003007683957526694,0.16366594303867013,0.06759708495305972,0.0580370524551746,0.22120601687727146,0.1362151639646788,0.0029372964224221375,0.01120047473211013,0.18701878252425042,0.22120601687727146,0.2157915782252598,0.32641427363557035,0.9092337432008648,0.0,0.0,0.10237543481210712,0.11189715504980668,0.10332421843528997,0.0,0.10045416472301436,-0.004689806843885279,2.6926208651399492,4.372010178117049,4.0,0.00013518611937709396,-7.224232048106544e-06,182,0.0006017302579072079,0.00032653171153796865,0.0006690435947036739,0.05941893487293199,39.31876545730198,0.9666008094616109,0.6703542010277164,18.3658685213073,3.293717991802833,100.11300886938703,36.92579030876746,0.001272264631043257,0.7678977674330212,21.038294998164965,3.294543664708348,100.13810531028412,64.13269647686052,0.01458863443596268,0.8133612839103876,22.283870792065418,3.296827294570749,100.20751655230241,77.94677920794352,0.0005937234944868533
ripple_mu060_10,ripple_mu060,,common,10,7049.561000000001,1.3,1.0,0.1,0.02,1.0,False,"{""mu"": 0.6, ""soft"": false, ""type"": ""patch""}",0.6,False,0.0,,-5.45,-1.4,0.02,-5.433041002623446,-1.3940819570605738,-2.4348677438131854,36897,58397,4099,82,ripple,0.025,2050,True,False,,39.279999999999745,80.0,39.279999999999745,1.0002166995454111,0.025463765263376213,1.0185506105350484,0.0024126276504801494,0.20024134053575768,0.06821960011854115,0.05855688645228027,0.22382758113632986,0.13620708837898576,0.0008430857591377472,0.011017580186408716,0.194057644551083,0.22382758113632986,0.24401869469068252,0.3048343930619797,0.8550249873489401,0.0,0.0,0.10239582365278087,0.11206183580462535,0.1033292869943375,0.0,0.10045416473773837,-0.004655341732028589,2.6946564885496183,4.379134860050891,4.0,0.00013473315761548116,-7.470017005385687e-06,184,0.0005881598795074956,0.00033631466843101816,0.0006875469165099346,0.0618683121347898,37.77610382129808,0.9286262803035235,0.6702543510741577,18.363132906141306,3.1419854069979594,95.50107620054588,34.97879457373949,0.0,0.7581635194487273,20.771603272567873,3.2944365535198394,100.13484965105894,62.14744003247692,0.011195928753180661,0.8184901798771799,22.42438848978575,3.296825993610068,100.20747700942455,74.2179203609543,0.0008481764206955047
ripple_mu030_10,ripple_mu030,,common,10,7099.0740000000005,1.3,1.0,0.1,0.02,1.0,False,"{""mu"": 0.3, ""soft"": false, ""type"": ""patch""}",0.3,False,0.0,,-5.45,-1.4,0.02,-5.4622757061084,-1.3868338909562514,-0.765581751735638,36846,56887,4094,82,ripple,0.025,2048,True,False,,39.26000000000022,80.0,39.26000000000022,1.0003670393345443,0.02548056646292763,1.0192226585171051,0.0011460040550946588,0.07277679630413984,0.06476110899420624,0.056167534299236876,0.22192416408338736,0.13621171459444817,0.003955307725724195,0.013555824948747209,0.1883806363520267,0.22192416408338736,0.18809187464226745,0.34429838367377047,1.2988344923799902,0.0,0.0,0.10234533608526712,0.11193122457315256,0.10332740416728664,0.0,0.1004541647522341,-0.004529031604883292,2.685845213849287,4.364562118126273,4.0,0.00013393573167002487,-6.217356222863041e-06,182,0.0005987087490899363,0.00033179803198071117,0.0006577872394873406,0.060365045849317275,36.43091013704084,0.8954256558964727,0.6642466319589847,18.198537861889992,3.050292879328589,92.71406928050422,34.177626497095076,0.0,0.7597485871220623,20.81502978416609,3.294581148650344,100.13924463982809,60.83066029466992,0.008740665308893414,0.8190367529635859,22.439363094892762,3.2968263084326437,100.2074865784998,69.290173874249,0.0005940257976917854
ripple_mu015_10,ripple_mu015,,common,10,7148.532,1.3,1.0,0.1,0.02,1.0,False,"{""mu"": 0.15, ""soft"": false, ""type"": ""patch""}",0.15,False,0.0,,-5.45,-1.4,0.02,-5.459595837379077,-1.419067277195073,1.0513011077121701,36846,56358,4094,82,ripple,0.025,2048,True,False,,39.26000000000022,80.0,39.26000000000022,1.0004470441738365,0.02548260428359223,1.019304171343689,0.0007440393721914115,-0.05233142538645192,0.0657127418945481,0.05690168292035107,0.2217511974440967,0.13621471578046263,0.00319207085326046,0.013372451361410903,0.19071889518530094,0.2217511974440967,0.18098047014700933,0.32234868368461467,0.9106669412375349,0.0,0.0,0.10239440289075524,0.11192915456261768,0.10332915811469932,0.0,0.10045416476678078,-0.0044168658497419026,2.6934826883910388,4.364562118126273,4.0,0.00013482670395349033,-7.270693999160416e-06,184,0.0005914091295067287,0.0003243822286692534,0.0006523951296168917,0.05965964307304723,35.96629320539853,0.883935602258997,0.6639133120830373,18.189405810494172,3.0364234770127068,92.29250690008227,33.603210885224605,0.0,0.7602703265311548,20.82932401455219,3.2945264879758382,100.1375832211501,60.14662695137256,0.0046673455532926,0.8177321577440396,22.403620760110677,3.296832792497104,100.20768366252597,67.09367006694202,0.0005940257976917854
ripple_soft_10,ripple_soft,,common,10,7197.990000000001,1.3,1.0,0.1,0.02,1.0,False,"{""mu"": 0.8, ""soft"": true, ""type"": ""patch""}",0.8,True,0.0,,-5.45,-1.4,0.02,-5.447186744488045,-1.3863842223694487,-1.981617303295396,36864,57831,4097,82,ripple,0.025,2049,True,False,,39.279999999999745,80.0,39.279999999999745,1.000446061765202,0.025469604423757855,1.018784176950314,0.0027877232757382957,0.20147526042234362,0.06892965551298104,0.05896892090658535,0.22337219140872874,0.1362157929002721,0.002593415150596698,0.009613588120270923,0.19304025335248454,0.22337219140872874,0.2165550105282212,0.31653861385813864,0.8733222261337188,0.0,0.0,0.1023898678723033,0.11204112895656315,0.10330308804842843,0.0,0.1004541647816489,-0.004526181527557491,2.6941475826972012,4.380661577608143,4.0,0.00013492701319942763,-7.781653140578187e-06,183,0.0005903819099294153,0.00034456709811490015,0.0006897139879632561,0.06302742003677902,38.48636838421557,0.9458684486992373,0.6638669803984061,18.1881364492714,3.2936047871038587,100.10956799707776,36.0633116156557,0.00042408821034775233,0.7586304447724713,20.784395747190995,3.2945261760510567,100.1375737401537,63.14140112304399,0.014843087362171332,0.8181877578517046,22.41610295484122,3.296840853986612,100.20792869260218,75.71692250545131,0.0005089058524173028
wave_mu100_10,wave_mu100,,capped,10,7249.686000000001,2.4,1.0,0.1,0.02,1.0,False,"{""mu"": 1.0, ""soft"": false, ""type"": ""patch""}",1.0,False,0.0,,-5.45,-1.4,0.02,-5.439908192880303,-1.386917249385674,1.9447269470498219,38178,60853,4243,85,wave,0.0245,2122,True,False,,39.63999999999942,81.63265306122449,39.63999999999942,1.0003405921757214,0.025235635524110393,1.0300259397596079,0.005784954384453138,0.45376394423625566,0.042397560575350095,0.04929131995748393,0.25016472439016996,0.13627813756975507,-0.005728588291460094,0.015617733972868164,0.25016472439016996,0.25016472439016996,0.20390339330047408,0.22436043746535167,1.2258042049515412,0.0,0.0,0.09960398242604794,0.13723990199780425,0.10146457089754332,0.0,0.09842986631386132,-0.00590708397093976,2.8628340897629854,5.201210287443268,5.0,6.884941446711618e-05,-4.3411598419883235e-06,233,0.0006392002692752086,0.00032176686981474846,0.0017303343473439137,0.07494490141556652,28.464897863767636,0.6996384149997258,1.43467993922089,39.30629970468192,2.2020379214402146,66.93124381277248,13.007013174079805,0.0,0.9049419744641627,24.792930807237333,3.2920703270272527,100.06292787316877,99.63246761844186,0.0864851235501765,1.4702350008204637,40.280410981382566,3.2911931031192774,100.03626453250082,88.68038891304153,0.0006723819129265423
wave_mu060_10,wave_mu060,,capped,10,7300.636,2.4,1.0,0.1,0.02,1.0,False,"{""mu"": 0.6, ""soft"": false, ""type"": ""patch""}",0.6,False,0.0,,-5.45,-1.4,0.02,-5.440145409880275,-1.4023053649958017,-2.7155590376377807,38178,59951,4242,85,wave,0.0245,2122,True,False,,39.61999999999989,81.63265306122449,39.61999999999989,1.000265776077274,0.025246486019113498,1.0304688171066734,0.007511855842382328,0.6433851975738214,0.04296640620875973,0.04832614226351694,0.23127413488550674,0.13628047276343955,-0.0063448612189404814,0.015501300714648898,0.23127413488550674,0.23127413488550674,0.17337425093973696,0.3210362435047705,1.4627854338792246,0.0,0.0,0.09969990842885462,0.13720655245402366,0.1015072185127986,0.0,0.0984298663201366,-0.006155272274051188,2.840060544904137,5.204339051463169,5.0,7.326532142339776e-05,-3.902496259568233e-06,231,0.0006466183080316098,0.0003270948807635916,0.0016842851952649017,0.07553671101001551,26.962651563841234,0.6627566815689953,1.4480775501655363,39.67335753878182,2.2080857646416545,67.11506883409284,12.496942858345468,0.0,0.9020032122402725,24.712416773706096,3.2924414951099537,100.07420957781015,95.25024499678966,0.03876555667675748,1.4701088619476608,40.27695512185372,3.2844430041249515,99.83109435030246,81.9848664434512,0.0006727211570803902
wave_soft_10,wave_soft,,capped,10,7367.860000000001,2.4,1.0,0.1,0.02,1.0,False,"{""mu"": 0.8, ""soft"": true, ""type"": ""patch""}",0.8,True,0.0,,-5.45,-1.4,0.02,-5.435958271804804,-1.4130337111255709,1.7889296762307536,38178,69480,4242,85,wave,0.0245,2122,True,False,,39.599999999999454,81.63265306122449,39.599999999999454,1.0001229614122107,0.025255630338692537,1.0308420546405117,0.005093690410194179,0.3567203407181585,0.04384277186876578,0.05056060664540631,0.252029274412943,0.1362927904580938,-0.006591764031139375,0.016344642472012377,0.252029274412943,0.252029274412943,0.19748322649159827,0.27974970929783866,1.2170414432905787,0.0,0.0,0.09967612624550058,0.1368666740934832,0.1014627225156157,0.0,0.09842986632618178,-0.005915499389472016,2.8657243816254416,5.1978798586572434,5.0,5.6850465143871987e-05,-3.934667996984692e-06,228,0.0006428908994787823,0.0003389363998602348,0.0017074275956202084,0.07726699606646292,25.333246981246052,0.6228034331121823,1.4347182291276184,39.30734874322242,2.6793081384592865,81.43793733918804,11.587208092026913,0.0,0.914712114295737,25.06060587111608,3.291217921862762,100.0370189016037,91.02653587050432,0.005384485949856975,1.470142593818942,40.27787928271075,3.297992674057192,100.24293842119124,76.3792806171997,0.0009254585226316675
